domain,intent,utterance
ovos-skill-days-in-history.openvoiceos,"today_in_history.intent","aquesta data"
ovos-skill-days-in-history.openvoiceos,"today_in_history.intent","aquesta data a la història"
ovos-skill-days-in-history.openvoiceos,"today_in_history.intent","aquesta data en la història"
ovos-skill-days-in-history.openvoiceos,"today_in_history.intent","avui"
ovos-skill-days-in-history.openvoiceos,"today_in_history.intent","avui a la història"
ovos-skill-days-in-history.openvoiceos,"today_in_history.intent","avui en la història"
ovos-skill-days-in-history.openvoiceos,"today_in_history.intent","esta data"
ovos-skill-days-in-history.openvoiceos,"today_in_history.intent","esta data a la història"
ovos-skill-days-in-history.openvoiceos,"today_in_history.intent","esta data en la història"
ovos-skill-days-in-history.openvoiceos,"today_in_history.intent","explica'm  passaren aquest dia"
ovos-skill-days-in-history.openvoiceos,"today_in_history.intent","explica'm  passaren aquest dia a la història"
ovos-skill-days-in-history.openvoiceos,"today_in_history.intent","explica'm  passaren aquest dia en la història"
ovos-skill-days-in-history.openvoiceos,"today_in_history.intent","explica'm  passaren avui"
ovos-skill-days-in-history.openvoiceos,"today_in_history.intent","explica'm  passaren avui a la història"
ovos-skill-days-in-history.openvoiceos,"today_in_history.intent","explica'm  passaren avui en la història"
ovos-skill-days-in-history.openvoiceos,"today_in_history.intent","explica'm  passaren en aquesta data"
ovos-skill-days-in-history.openvoiceos,"today_in_history.intent","explica'm  passaren en aquesta data a la història"
ovos-skill-days-in-history.openvoiceos,"today_in_history.intent","explica'm  passaren en aquesta data en la història"
ovos-skill-days-in-history.openvoiceos,"today_in_history.intent","explica'm  passaren en esta data"
ovos-skill-days-in-history.openvoiceos,"today_in_history.intent","explica'm  passaren en esta data a la història"
ovos-skill-days-in-history.openvoiceos,"today_in_history.intent","explica'm  passaren en esta data en la història"
ovos-skill-days-in-history.openvoiceos,"today_in_history.intent","explica'm  passaren este dia"
ovos-skill-days-in-history.openvoiceos,"today_in_history.intent","explica'm  passaren este dia a la història"
ovos-skill-days-in-history.openvoiceos,"today_in_history.intent","explica'm  passaren este dia en la història"
ovos-skill-days-in-history.openvoiceos,"today_in_history.intent","explica'm  passaren hui"
ovos-skill-days-in-history.openvoiceos,"today_in_history.intent","explica'm  passaren hui a la història"
ovos-skill-days-in-history.openvoiceos,"today_in_history.intent","explica'm  passaren hui en la història"
ovos-skill-days-in-history.openvoiceos,"today_in_history.intent","explica'm  passà aquest dia"
ovos-skill-days-in-history.openvoiceos,"today_in_history.intent","explica'm  passà aquest dia a la història"
ovos-skill-days-in-history.openvoiceos,"today_in_history.intent","explica'm  passà aquest dia en la història"
ovos-skill-days-in-history.openvoiceos,"today_in_history.intent","explica'm  passà avui"
ovos-skill-days-in-history.openvoiceos,"today_in_history.intent","explica'm  passà avui a la història"
ovos-skill-days-in-history.openvoiceos,"today_in_history.intent","explica'm  passà avui en la història"
ovos-skill-days-in-history.openvoiceos,"today_in_history.intent","explica'm  passà en aquesta data"
ovos-skill-days-in-history.openvoiceos,"today_in_history.intent","explica'm  passà en aquesta data a la història"
ovos-skill-days-in-history.openvoiceos,"today_in_history.intent","explica'm  passà en aquesta data en la història"
ovos-skill-days-in-history.openvoiceos,"today_in_history.intent","explica'm  passà en esta data"
ovos-skill-days-in-history.openvoiceos,"today_in_history.intent","explica'm  passà en esta data a la història"
ovos-skill-days-in-history.openvoiceos,"today_in_history.intent","explica'm  passà en esta data en la història"
ovos-skill-days-in-history.openvoiceos,"today_in_history.intent","explica'm  passà este dia"
ovos-skill-days-in-history.openvoiceos,"today_in_history.intent","explica'm  passà este dia a la història"
ovos-skill-days-in-history.openvoiceos,"today_in_history.intent","explica'm  passà este dia en la història"
ovos-skill-days-in-history.openvoiceos,"today_in_history.intent","explica'm  passà hui"
ovos-skill-days-in-history.openvoiceos,"today_in_history.intent","explica'm  passà hui a la història"
ovos-skill-days-in-history.openvoiceos,"today_in_history.intent","explica'm  passà hui en la història"
ovos-skill-days-in-history.openvoiceos,"today_in_history.intent","explica'm  succeiren amb data {date}"
ovos-skill-days-in-history.openvoiceos,"today_in_history.intent","explica'm  succeiren amb data {date} a la història"
ovos-skill-days-in-history.openvoiceos,"today_in_history.intent","explica'm  succeiren amb data {date} en la història"
ovos-skill-days-in-history.openvoiceos,"today_in_history.intent","explica'm  succeiren el {date}"
ovos-skill-days-in-history.openvoiceos,"today_in_history.intent","explica'm  succeiren el {date} a la història"
ovos-skill-days-in-history.openvoiceos,"today_in_history.intent","explica'm  succeiren el {date} en la història"
ovos-skill-days-in-history.openvoiceos,"today_in_history.intent","explica'm  succeiren en data {date}"
ovos-skill-days-in-history.openvoiceos,"today_in_history.intent","explica'm  succeiren en data {date} a la història"
ovos-skill-days-in-history.openvoiceos,"today_in_history.intent","explica'm  succeiren en data {date} en la història"
ovos-skill-days-in-history.openvoiceos,"today_in_history.intent","explica'm  succeiren en {date}"
ovos-skill-days-in-history.openvoiceos,"today_in_history.intent","explica'm  succeiren en {date} a la història"
ovos-skill-days-in-history.openvoiceos,"today_in_history.intent","explica'm  succeiren en {date} en la història"
ovos-skill-days-in-history.openvoiceos,"today_in_history.intent","explica'm  succeí amb data {date}"
ovos-skill-days-in-history.openvoiceos,"today_in_history.intent","explica'm  succeí amb data {date} a la història"
ovos-skill-days-in-history.openvoiceos,"today_in_history.intent","explica'm  succeí amb data {date} en la història"
ovos-skill-days-in-history.openvoiceos,"today_in_history.intent","explica'm  succeí el {date}"
ovos-skill-days-in-history.openvoiceos,"today_in_history.intent","explica'm  succeí el {date} a la història"
ovos-skill-days-in-history.openvoiceos,"today_in_history.intent","explica'm  succeí el {date} en la història"
ovos-skill-days-in-history.openvoiceos,"today_in_history.intent","explica'm  succeí en data {date}"
ovos-skill-days-in-history.openvoiceos,"today_in_history.intent","explica'm  succeí en data {date} a la història"
ovos-skill-days-in-history.openvoiceos,"today_in_history.intent","explica'm  succeí en data {date} en la història"
ovos-skill-days-in-history.openvoiceos,"today_in_history.intent","explica'm  succeí en {date}"
ovos-skill-days-in-history.openvoiceos,"today_in_history.intent","explica'm  succeí en {date} a la història"
ovos-skill-days-in-history.openvoiceos,"today_in_history.intent","explica'm  succeí en {date} en la història"
ovos-skill-days-in-history.openvoiceos,"today_in_history.intent","explica'm  va passar aquest dia"
ovos-skill-days-in-history.openvoiceos,"today_in_history.intent","explica'm  va passar aquest dia a la història"
ovos-skill-days-in-history.openvoiceos,"today_in_history.intent","explica'm  va passar aquest dia en la història"
ovos-skill-days-in-history.openvoiceos,"today_in_history.intent","explica'm  va passar avui"
ovos-skill-days-in-history.openvoiceos,"today_in_history.intent","explica'm  va passar avui a la història"
ovos-skill-days-in-history.openvoiceos,"today_in_history.intent","explica'm  va passar avui en la història"
ovos-skill-days-in-history.openvoiceos,"today_in_history.intent","explica'm  va passar en aquesta data"
ovos-skill-days-in-history.openvoiceos,"today_in_history.intent","explica'm  va passar en aquesta data a la història"
ovos-skill-days-in-history.openvoiceos,"today_in_history.intent","explica'm  va passar en aquesta data en la història"
ovos-skill-days-in-history.openvoiceos,"today_in_history.intent","explica'm  va passar en esta data"
ovos-skill-days-in-history.openvoiceos,"today_in_history.intent","explica'm  va passar en esta data a la història"
ovos-skill-days-in-history.openvoiceos,"today_in_history.intent","explica'm  va passar en esta data en la història"
ovos-skill-days-in-history.openvoiceos,"today_in_history.intent","explica'm  va passar este dia"
ovos-skill-days-in-history.openvoiceos,"today_in_history.intent","explica'm  va passar este dia a la història"
ovos-skill-days-in-history.openvoiceos,"today_in_history.intent","explica'm  va passar este dia en la història"
ovos-skill-days-in-history.openvoiceos,"today_in_history.intent","explica'm  va passar hui"
ovos-skill-days-in-history.openvoiceos,"today_in_history.intent","explica'm  va passar hui a la història"
ovos-skill-days-in-history.openvoiceos,"today_in_history.intent","explica'm  va passar hui en la història"
ovos-skill-days-in-history.openvoiceos,"today_in_history.intent","explica'm  va succeir amb data {date}"
ovos-skill-days-in-history.openvoiceos,"today_in_history.intent","explica'm  va succeir amb data {date} a la història"
ovos-skill-days-in-history.openvoiceos,"today_in_history.intent","explica'm  va succeir amb data {date} en la història"
ovos-skill-days-in-history.openvoiceos,"today_in_history.intent","explica'm  va succeir el {date}"
ovos-skill-days-in-history.openvoiceos,"today_in_history.intent","explica'm  va succeir el {date} a la història"
ovos-skill-days-in-history.openvoiceos,"today_in_history.intent","explica'm  va succeir el {date} en la història"
ovos-skill-days-in-history.openvoiceos,"today_in_history.intent","explica'm  va succeir en data {date}"
ovos-skill-days-in-history.openvoiceos,"today_in_history.intent","explica'm  va succeir en data {date} a la història"
ovos-skill-days-in-history.openvoiceos,"today_in_history.intent","explica'm  va succeir en data {date} en la història"
ovos-skill-days-in-history.openvoiceos,"today_in_history.intent","explica'm  va succeir en {date}"
ovos-skill-days-in-history.openvoiceos,"today_in_history.intent","explica'm  va succeir en {date} a la història"
ovos-skill-days-in-history.openvoiceos,"today_in_history.intent","explica'm  va succeir en {date} en la història"
ovos-skill-days-in-history.openvoiceos,"today_in_history.intent","explica'm  van passar aquest dia"
ovos-skill-days-in-history.openvoiceos,"today_in_history.intent","explica'm  van passar aquest dia a la història"
ovos-skill-days-in-history.openvoiceos,"today_in_history.intent","explica'm  van passar aquest dia en la història"
ovos-skill-days-in-history.openvoiceos,"today_in_history.intent","explica'm  van passar avui"
ovos-skill-days-in-history.openvoiceos,"today_in_history.intent","explica'm  van passar avui a la història"
ovos-skill-days-in-history.openvoiceos,"today_in_history.intent","explica'm  van passar avui en la història"
ovos-skill-days-in-history.openvoiceos,"today_in_history.intent","explica'm  van passar en aquesta data"
ovos-skill-days-in-history.openvoiceos,"today_in_history.intent","explica'm  van passar en aquesta data a la història"
ovos-skill-days-in-history.openvoiceos,"today_in_history.intent","explica'm  van passar en aquesta data en la història"
ovos-skill-days-in-history.openvoiceos,"today_in_history.intent","explica'm  van passar en esta data"
ovos-skill-days-in-history.openvoiceos,"today_in_history.intent","explica'm  van passar en esta data a la història"
ovos-skill-days-in-history.openvoiceos,"today_in_history.intent","explica'm  van passar en esta data en la història"
ovos-skill-days-in-history.openvoiceos,"today_in_history.intent","explica'm  van passar este dia"
ovos-skill-days-in-history.openvoiceos,"today_in_history.intent","explica'm  van passar este dia a la història"
ovos-skill-days-in-history.openvoiceos,"today_in_history.intent","explica'm  van passar este dia en la història"
ovos-skill-days-in-history.openvoiceos,"today_in_history.intent","explica'm  van passar hui"
ovos-skill-days-in-history.openvoiceos,"today_in_history.intent","explica'm  van passar hui a la història"
ovos-skill-days-in-history.openvoiceos,"today_in_history.intent","explica'm  van passar hui en la història"
ovos-skill-days-in-history.openvoiceos,"today_in_history.intent","explica'm  van succeir amb data {date}"
ovos-skill-days-in-history.openvoiceos,"today_in_history.intent","explica'm  van succeir amb data {date} a la història"
ovos-skill-days-in-history.openvoiceos,"today_in_history.intent","explica'm  van succeir amb data {date} en la història"
ovos-skill-days-in-history.openvoiceos,"today_in_history.intent","explica'm  van succeir el {date}"
ovos-skill-days-in-history.openvoiceos,"today_in_history.intent","explica'm  van succeir el {date} a la història"
ovos-skill-days-in-history.openvoiceos,"today_in_history.intent","explica'm  van succeir el {date} en la història"
ovos-skill-days-in-history.openvoiceos,"today_in_history.intent","explica'm  van succeir en data {date}"
ovos-skill-days-in-history.openvoiceos,"today_in_history.intent","explica'm  van succeir en data {date} a la història"
ovos-skill-days-in-history.openvoiceos,"today_in_history.intent","explica'm  van succeir en data {date} en la història"
ovos-skill-days-in-history.openvoiceos,"today_in_history.intent","explica'm  van succeir en {date}"
ovos-skill-days-in-history.openvoiceos,"today_in_history.intent","explica'm  van succeir en {date} a la història"
ovos-skill-days-in-history.openvoiceos,"today_in_history.intent","explica'm  van succeir en {date} en la història"
ovos-skill-days-in-history.openvoiceos,"today_in_history.intent","explica'm esdeveniments històrics passaren aquest dia"
ovos-skill-days-in-history.openvoiceos,"today_in_history.intent","explica'm esdeveniments històrics passaren aquest dia a la història"
ovos-skill-days-in-history.openvoiceos,"today_in_history.intent","explica'm esdeveniments històrics passaren aquest dia en la història"
ovos-skill-days-in-history.openvoiceos,"today_in_history.intent","explica'm esdeveniments històrics passaren avui"
ovos-skill-days-in-history.openvoiceos,"today_in_history.intent","explica'm esdeveniments històrics passaren avui a la història"
ovos-skill-days-in-history.openvoiceos,"today_in_history.intent","explica'm esdeveniments històrics passaren avui en la història"
ovos-skill-days-in-history.openvoiceos,"today_in_history.intent","explica'm esdeveniments històrics passaren en aquesta data"
ovos-skill-days-in-history.openvoiceos,"today_in_history.intent","explica'm esdeveniments històrics passaren en aquesta data a la història"
ovos-skill-days-in-history.openvoiceos,"today_in_history.intent","explica'm esdeveniments històrics passaren en aquesta data en la història"
ovos-skill-days-in-history.openvoiceos,"today_in_history.intent","explica'm esdeveniments històrics passaren en esta data"
ovos-skill-days-in-history.openvoiceos,"today_in_history.intent","explica'm esdeveniments històrics passaren en esta data a la història"
ovos-skill-days-in-history.openvoiceos,"today_in_history.intent","explica'm esdeveniments històrics passaren en esta data en la història"
ovos-skill-days-in-history.openvoiceos,"today_in_history.intent","explica'm esdeveniments històrics passaren este dia"
ovos-skill-days-in-history.openvoiceos,"today_in_history.intent","explica'm esdeveniments històrics passaren este dia a la història"
ovos-skill-days-in-history.openvoiceos,"today_in_history.intent","explica'm esdeveniments històrics passaren este dia en la història"
ovos-skill-days-in-history.openvoiceos,"today_in_history.intent","explica'm esdeveniments històrics passaren hui"
ovos-skill-days-in-history.openvoiceos,"today_in_history.intent","explica'm esdeveniments històrics passaren hui a la història"
ovos-skill-days-in-history.openvoiceos,"today_in_history.intent","explica'm esdeveniments històrics passaren hui en la història"
ovos-skill-days-in-history.openvoiceos,"today_in_history.intent","explica'm esdeveniments històrics passà aquest dia"
ovos-skill-days-in-history.openvoiceos,"today_in_history.intent","explica'm esdeveniments històrics passà aquest dia a la història"
ovos-skill-days-in-history.openvoiceos,"today_in_history.intent","explica'm esdeveniments històrics passà aquest dia en la història"
ovos-skill-days-in-history.openvoiceos,"today_in_history.intent","explica'm esdeveniments històrics passà avui"
ovos-skill-days-in-history.openvoiceos,"today_in_history.intent","explica'm esdeveniments històrics passà avui a la història"
ovos-skill-days-in-history.openvoiceos,"today_in_history.intent","explica'm esdeveniments històrics passà avui en la història"
ovos-skill-days-in-history.openvoiceos,"today_in_history.intent","explica'm esdeveniments històrics passà en aquesta data"
ovos-skill-days-in-history.openvoiceos,"today_in_history.intent","explica'm esdeveniments històrics passà en aquesta data a la història"
ovos-skill-days-in-history.openvoiceos,"today_in_history.intent","explica'm esdeveniments històrics passà en aquesta data en la història"
ovos-skill-days-in-history.openvoiceos,"today_in_history.intent","explica'm esdeveniments històrics passà en esta data"
ovos-skill-days-in-history.openvoiceos,"today_in_history.intent","explica'm esdeveniments històrics passà en esta data a la història"
ovos-skill-days-in-history.openvoiceos,"today_in_history.intent","explica'm esdeveniments històrics passà en esta data en la història"
ovos-skill-days-in-history.openvoiceos,"today_in_history.intent","explica'm esdeveniments històrics passà este dia"
ovos-skill-days-in-history.openvoiceos,"today_in_history.intent","explica'm esdeveniments històrics passà este dia a la història"
ovos-skill-days-in-history.openvoiceos,"today_in_history.intent","explica'm esdeveniments històrics passà este dia en la història"
ovos-skill-days-in-history.openvoiceos,"today_in_history.intent","explica'm esdeveniments històrics passà hui"
ovos-skill-days-in-history.openvoiceos,"today_in_history.intent","explica'm esdeveniments històrics passà hui a la història"
ovos-skill-days-in-history.openvoiceos,"today_in_history.intent","explica'm esdeveniments històrics passà hui en la història"
ovos-skill-days-in-history.openvoiceos,"today_in_history.intent","explica'm esdeveniments històrics succeiren amb data {date}"
ovos-skill-days-in-history.openvoiceos,"today_in_history.intent","explica'm esdeveniments històrics succeiren amb data {date} a la història"
ovos-skill-days-in-history.openvoiceos,"today_in_history.intent","explica'm esdeveniments històrics succeiren amb data {date} en la història"
ovos-skill-days-in-history.openvoiceos,"today_in_history.intent","explica'm esdeveniments històrics succeiren el {date}"
ovos-skill-days-in-history.openvoiceos,"today_in_history.intent","explica'm esdeveniments històrics succeiren el {date} a la història"
ovos-skill-days-in-history.openvoiceos,"today_in_history.intent","explica'm esdeveniments històrics succeiren el {date} en la història"
ovos-skill-days-in-history.openvoiceos,"today_in_history.intent","explica'm esdeveniments històrics succeiren en data {date}"
ovos-skill-days-in-history.openvoiceos,"today_in_history.intent","explica'm esdeveniments històrics succeiren en data {date} a la història"
ovos-skill-days-in-history.openvoiceos,"today_in_history.intent","explica'm esdeveniments històrics succeiren en data {date} en la història"
ovos-skill-days-in-history.openvoiceos,"today_in_history.intent","explica'm esdeveniments històrics succeiren en {date}"
ovos-skill-days-in-history.openvoiceos,"today_in_history.intent","explica'm esdeveniments històrics succeiren en {date} a la història"
ovos-skill-days-in-history.openvoiceos,"today_in_history.intent","explica'm esdeveniments històrics succeiren en {date} en la història"
ovos-skill-days-in-history.openvoiceos,"today_in_history.intent","explica'm esdeveniments històrics succeí amb data {date}"
ovos-skill-days-in-history.openvoiceos,"today_in_history.intent","explica'm esdeveniments històrics succeí amb data {date} a la història"
ovos-skill-days-in-history.openvoiceos,"today_in_history.intent","explica'm esdeveniments històrics succeí amb data {date} en la història"
ovos-skill-days-in-history.openvoiceos,"today_in_history.intent","explica'm esdeveniments històrics succeí el {date}"
ovos-skill-days-in-history.openvoiceos,"today_in_history.intent","explica'm esdeveniments històrics succeí el {date} a la història"
ovos-skill-days-in-history.openvoiceos,"today_in_history.intent","explica'm esdeveniments històrics succeí el {date} en la història"
ovos-skill-days-in-history.openvoiceos,"today_in_history.intent","explica'm esdeveniments històrics succeí en data {date}"
ovos-skill-days-in-history.openvoiceos,"today_in_history.intent","explica'm esdeveniments històrics succeí en data {date} a la història"
ovos-skill-days-in-history.openvoiceos,"today_in_history.intent","explica'm esdeveniments històrics succeí en data {date} en la història"
ovos-skill-days-in-history.openvoiceos,"today_in_history.intent","explica'm esdeveniments històrics succeí en {date}"
ovos-skill-days-in-history.openvoiceos,"today_in_history.intent","explica'm esdeveniments històrics succeí en {date} a la història"
ovos-skill-days-in-history.openvoiceos,"today_in_history.intent","explica'm esdeveniments històrics succeí en {date} en la història"
ovos-skill-days-in-history.openvoiceos,"today_in_history.intent","explica'm esdeveniments històrics va passar aquest dia"
ovos-skill-days-in-history.openvoiceos,"today_in_history.intent","explica'm esdeveniments històrics va passar aquest dia a la història"
ovos-skill-days-in-history.openvoiceos,"today_in_history.intent","explica'm esdeveniments històrics va passar aquest dia en la història"
ovos-skill-days-in-history.openvoiceos,"today_in_history.intent","explica'm esdeveniments històrics va passar avui"
ovos-skill-days-in-history.openvoiceos,"today_in_history.intent","explica'm esdeveniments històrics va passar avui a la història"
ovos-skill-days-in-history.openvoiceos,"today_in_history.intent","explica'm esdeveniments històrics va passar avui en la història"
ovos-skill-days-in-history.openvoiceos,"today_in_history.intent","explica'm esdeveniments històrics va passar en aquesta data"
ovos-skill-days-in-history.openvoiceos,"today_in_history.intent","explica'm esdeveniments històrics va passar en aquesta data a la història"
ovos-skill-days-in-history.openvoiceos,"today_in_history.intent","explica'm esdeveniments històrics va passar en aquesta data en la història"
ovos-skill-days-in-history.openvoiceos,"today_in_history.intent","explica'm esdeveniments històrics va passar en esta data"
ovos-skill-days-in-history.openvoiceos,"today_in_history.intent","explica'm esdeveniments històrics va passar en esta data a la història"
ovos-skill-days-in-history.openvoiceos,"today_in_history.intent","explica'm esdeveniments històrics va passar en esta data en la història"
ovos-skill-days-in-history.openvoiceos,"today_in_history.intent","explica'm esdeveniments històrics va passar este dia"
ovos-skill-days-in-history.openvoiceos,"today_in_history.intent","explica'm esdeveniments històrics va passar este dia a la història"
ovos-skill-days-in-history.openvoiceos,"today_in_history.intent","explica'm esdeveniments històrics va passar este dia en la història"
ovos-skill-days-in-history.openvoiceos,"today_in_history.intent","explica'm esdeveniments històrics va passar hui"
ovos-skill-days-in-history.openvoiceos,"today_in_history.intent","explica'm esdeveniments històrics va passar hui a la història"
ovos-skill-days-in-history.openvoiceos,"today_in_history.intent","explica'm esdeveniments històrics va passar hui en la història"
ovos-skill-days-in-history.openvoiceos,"today_in_history.intent","explica'm esdeveniments històrics va succeir amb data {date}"
ovos-skill-days-in-history.openvoiceos,"today_in_history.intent","explica'm esdeveniments històrics va succeir amb data {date} a la història"
ovos-skill-days-in-history.openvoiceos,"today_in_history.intent","explica'm esdeveniments històrics va succeir amb data {date} en la història"
ovos-skill-days-in-history.openvoiceos,"today_in_history.intent","explica'm esdeveniments històrics va succeir el {date}"
ovos-skill-days-in-history.openvoiceos,"today_in_history.intent","explica'm esdeveniments històrics va succeir el {date} a la història"
ovos-skill-days-in-history.openvoiceos,"today_in_history.intent","explica'm esdeveniments històrics va succeir el {date} en la història"
ovos-skill-days-in-history.openvoiceos,"today_in_history.intent","explica'm esdeveniments històrics va succeir en data {date}"
ovos-skill-days-in-history.openvoiceos,"today_in_history.intent","explica'm esdeveniments històrics va succeir en data {date} a la història"
ovos-skill-days-in-history.openvoiceos,"today_in_history.intent","explica'm esdeveniments històrics va succeir en data {date} en la història"
ovos-skill-days-in-history.openvoiceos,"today_in_history.intent","explica'm esdeveniments històrics va succeir en {date}"
ovos-skill-days-in-history.openvoiceos,"today_in_history.intent","explica'm esdeveniments històrics va succeir en {date} a la història"
ovos-skill-days-in-history.openvoiceos,"today_in_history.intent","explica'm esdeveniments històrics va succeir en {date} en la història"
ovos-skill-days-in-history.openvoiceos,"today_in_history.intent","explica'm esdeveniments històrics van passar aquest dia"
ovos-skill-days-in-history.openvoiceos,"today_in_history.intent","explica'm esdeveniments històrics van passar aquest dia a la història"
ovos-skill-days-in-history.openvoiceos,"today_in_history.intent","explica'm esdeveniments històrics van passar aquest dia en la història"
ovos-skill-days-in-history.openvoiceos,"today_in_history.intent","explica'm esdeveniments històrics van passar avui"
ovos-skill-days-in-history.openvoiceos,"today_in_history.intent","explica'm esdeveniments històrics van passar avui a la història"
ovos-skill-days-in-history.openvoiceos,"today_in_history.intent","explica'm esdeveniments històrics van passar avui en la història"
ovos-skill-days-in-history.openvoiceos,"today_in_history.intent","explica'm esdeveniments històrics van passar en aquesta data"
ovos-skill-days-in-history.openvoiceos,"today_in_history.intent","explica'm esdeveniments històrics van passar en aquesta data a la història"
ovos-skill-days-in-history.openvoiceos,"today_in_history.intent","explica'm esdeveniments històrics van passar en aquesta data en la història"
ovos-skill-days-in-history.openvoiceos,"today_in_history.intent","explica'm esdeveniments històrics van passar en esta data"
ovos-skill-days-in-history.openvoiceos,"today_in_history.intent","explica'm esdeveniments històrics van passar en esta data a la història"
ovos-skill-days-in-history.openvoiceos,"today_in_history.intent","explica'm esdeveniments històrics van passar en esta data en la història"
ovos-skill-days-in-history.openvoiceos,"today_in_history.intent","explica'm esdeveniments històrics van passar este dia"
ovos-skill-days-in-history.openvoiceos,"today_in_history.intent","explica'm esdeveniments històrics van passar este dia a la història"
ovos-skill-days-in-history.openvoiceos,"today_in_history.intent","explica'm esdeveniments històrics van passar este dia en la història"
ovos-skill-days-in-history.openvoiceos,"today_in_history.intent","explica'm esdeveniments històrics van passar hui"
ovos-skill-days-in-history.openvoiceos,"today_in_history.intent","explica'm esdeveniments històrics van passar hui a la història"
ovos-skill-days-in-history.openvoiceos,"today_in_history.intent","explica'm esdeveniments històrics van passar hui en la història"
ovos-skill-days-in-history.openvoiceos,"today_in_history.intent","explica'm esdeveniments històrics van succeir amb data {date}"
ovos-skill-days-in-history.openvoiceos,"today_in_history.intent","explica'm esdeveniments històrics van succeir amb data {date} a la història"
ovos-skill-days-in-history.openvoiceos,"today_in_history.intent","explica'm esdeveniments històrics van succeir amb data {date} en la història"
ovos-skill-days-in-history.openvoiceos,"today_in_history.intent","explica'm esdeveniments històrics van succeir el {date}"
ovos-skill-days-in-history.openvoiceos,"today_in_history.intent","explica'm esdeveniments històrics van succeir el {date} a la història"
ovos-skill-days-in-history.openvoiceos,"today_in_history.intent","explica'm esdeveniments històrics van succeir el {date} en la història"
ovos-skill-days-in-history.openvoiceos,"today_in_history.intent","explica'm esdeveniments històrics van succeir en data {date}"
ovos-skill-days-in-history.openvoiceos,"today_in_history.intent","explica'm esdeveniments històrics van succeir en data {date} a la història"
ovos-skill-days-in-history.openvoiceos,"today_in_history.intent","explica'm esdeveniments històrics van succeir en data {date} en la història"
ovos-skill-days-in-history.openvoiceos,"today_in_history.intent","explica'm esdeveniments històrics van succeir en {date}"
ovos-skill-days-in-history.openvoiceos,"today_in_history.intent","explica'm esdeveniments històrics van succeir en {date} a la història"
ovos-skill-days-in-history.openvoiceos,"today_in_history.intent","explica'm esdeveniments històrics van succeir en {date} en la història"
ovos-skill-days-in-history.openvoiceos,"today_in_history.intent","explica'm fets històrics passaren aquest dia"
ovos-skill-days-in-history.openvoiceos,"today_in_history.intent","explica'm fets històrics passaren aquest dia a la història"
ovos-skill-days-in-history.openvoiceos,"today_in_history.intent","explica'm fets històrics passaren aquest dia en la història"
ovos-skill-days-in-history.openvoiceos,"today_in_history.intent","explica'm fets històrics passaren avui"
ovos-skill-days-in-history.openvoiceos,"today_in_history.intent","explica'm fets històrics passaren avui a la història"
ovos-skill-days-in-history.openvoiceos,"today_in_history.intent","explica'm fets històrics passaren avui en la història"
ovos-skill-days-in-history.openvoiceos,"today_in_history.intent","explica'm fets històrics passaren en aquesta data"
ovos-skill-days-in-history.openvoiceos,"today_in_history.intent","explica'm fets històrics passaren en aquesta data a la història"
ovos-skill-days-in-history.openvoiceos,"today_in_history.intent","explica'm fets històrics passaren en aquesta data en la història"
ovos-skill-days-in-history.openvoiceos,"today_in_history.intent","explica'm fets històrics passaren en esta data"
ovos-skill-days-in-history.openvoiceos,"today_in_history.intent","explica'm fets històrics passaren en esta data a la història"
ovos-skill-days-in-history.openvoiceos,"today_in_history.intent","explica'm fets històrics passaren en esta data en la història"
ovos-skill-days-in-history.openvoiceos,"today_in_history.intent","explica'm fets històrics passaren este dia"
ovos-skill-days-in-history.openvoiceos,"today_in_history.intent","explica'm fets històrics passaren este dia a la història"
ovos-skill-days-in-history.openvoiceos,"today_in_history.intent","explica'm fets històrics passaren este dia en la història"
ovos-skill-days-in-history.openvoiceos,"today_in_history.intent","explica'm fets històrics passaren hui"
ovos-skill-days-in-history.openvoiceos,"today_in_history.intent","explica'm fets històrics passaren hui a la història"
ovos-skill-days-in-history.openvoiceos,"today_in_history.intent","explica'm fets històrics passaren hui en la història"
ovos-skill-days-in-history.openvoiceos,"today_in_history.intent","explica'm fets històrics passà aquest dia"
ovos-skill-days-in-history.openvoiceos,"today_in_history.intent","explica'm fets històrics passà aquest dia a la història"
ovos-skill-days-in-history.openvoiceos,"today_in_history.intent","explica'm fets històrics passà aquest dia en la història"
ovos-skill-days-in-history.openvoiceos,"today_in_history.intent","explica'm fets històrics passà avui"
ovos-skill-days-in-history.openvoiceos,"today_in_history.intent","explica'm fets històrics passà avui a la història"
ovos-skill-days-in-history.openvoiceos,"today_in_history.intent","explica'm fets històrics passà avui en la història"
ovos-skill-days-in-history.openvoiceos,"today_in_history.intent","explica'm fets històrics passà en aquesta data"
ovos-skill-days-in-history.openvoiceos,"today_in_history.intent","explica'm fets històrics passà en aquesta data a la història"
ovos-skill-days-in-history.openvoiceos,"today_in_history.intent","explica'm fets històrics passà en aquesta data en la història"
ovos-skill-days-in-history.openvoiceos,"today_in_history.intent","explica'm fets històrics passà en esta data"
ovos-skill-days-in-history.openvoiceos,"today_in_history.intent","explica'm fets històrics passà en esta data a la història"
ovos-skill-days-in-history.openvoiceos,"today_in_history.intent","explica'm fets històrics passà en esta data en la història"
ovos-skill-days-in-history.openvoiceos,"today_in_history.intent","explica'm fets històrics passà este dia"
ovos-skill-days-in-history.openvoiceos,"today_in_history.intent","explica'm fets històrics passà este dia a la història"
ovos-skill-days-in-history.openvoiceos,"today_in_history.intent","explica'm fets històrics passà este dia en la història"
ovos-skill-days-in-history.openvoiceos,"today_in_history.intent","explica'm fets històrics passà hui"
ovos-skill-days-in-history.openvoiceos,"today_in_history.intent","explica'm fets històrics passà hui a la història"
ovos-skill-days-in-history.openvoiceos,"today_in_history.intent","explica'm fets històrics passà hui en la història"
ovos-skill-days-in-history.openvoiceos,"today_in_history.intent","explica'm fets històrics succeiren amb data {date}"
ovos-skill-days-in-history.openvoiceos,"today_in_history.intent","explica'm fets històrics succeiren amb data {date} a la història"
ovos-skill-days-in-history.openvoiceos,"today_in_history.intent","explica'm fets històrics succeiren amb data {date} en la història"
ovos-skill-days-in-history.openvoiceos,"today_in_history.intent","explica'm fets històrics succeiren el {date}"
ovos-skill-days-in-history.openvoiceos,"today_in_history.intent","explica'm fets històrics succeiren el {date} a la història"
ovos-skill-days-in-history.openvoiceos,"today_in_history.intent","explica'm fets històrics succeiren el {date} en la història"
ovos-skill-days-in-history.openvoiceos,"today_in_history.intent","explica'm fets històrics succeiren en data {date}"
ovos-skill-days-in-history.openvoiceos,"today_in_history.intent","explica'm fets històrics succeiren en data {date} a la història"
ovos-skill-days-in-history.openvoiceos,"today_in_history.intent","explica'm fets històrics succeiren en data {date} en la història"
ovos-skill-days-in-history.openvoiceos,"today_in_history.intent","explica'm fets històrics succeiren en {date}"
ovos-skill-days-in-history.openvoiceos,"today_in_history.intent","explica'm fets històrics succeiren en {date} a la història"
ovos-skill-days-in-history.openvoiceos,"today_in_history.intent","explica'm fets històrics succeiren en {date} en la història"
ovos-skill-days-in-history.openvoiceos,"today_in_history.intent","explica'm fets històrics succeí amb data {date}"
ovos-skill-days-in-history.openvoiceos,"today_in_history.intent","explica'm fets històrics succeí amb data {date} a la història"
ovos-skill-days-in-history.openvoiceos,"today_in_history.intent","explica'm fets històrics succeí amb data {date} en la història"
ovos-skill-days-in-history.openvoiceos,"today_in_history.intent","explica'm fets històrics succeí el {date}"
ovos-skill-days-in-history.openvoiceos,"today_in_history.intent","explica'm fets històrics succeí el {date} a la història"
ovos-skill-days-in-history.openvoiceos,"today_in_history.intent","explica'm fets històrics succeí el {date} en la història"
ovos-skill-days-in-history.openvoiceos,"today_in_history.intent","explica'm fets històrics succeí en data {date}"
ovos-skill-days-in-history.openvoiceos,"today_in_history.intent","explica'm fets històrics succeí en data {date} a la història"
ovos-skill-days-in-history.openvoiceos,"today_in_history.intent","explica'm fets històrics succeí en data {date} en la història"
ovos-skill-days-in-history.openvoiceos,"today_in_history.intent","explica'm fets històrics succeí en {date}"
ovos-skill-days-in-history.openvoiceos,"today_in_history.intent","explica'm fets històrics succeí en {date} a la història"
ovos-skill-days-in-history.openvoiceos,"today_in_history.intent","explica'm fets històrics succeí en {date} en la història"
ovos-skill-days-in-history.openvoiceos,"today_in_history.intent","explica'm fets històrics va passar aquest dia"
ovos-skill-days-in-history.openvoiceos,"today_in_history.intent","explica'm fets històrics va passar aquest dia a la història"
ovos-skill-days-in-history.openvoiceos,"today_in_history.intent","explica'm fets històrics va passar aquest dia en la història"
ovos-skill-days-in-history.openvoiceos,"today_in_history.intent","explica'm fets històrics va passar avui"
ovos-skill-days-in-history.openvoiceos,"today_in_history.intent","explica'm fets històrics va passar avui a la història"
ovos-skill-days-in-history.openvoiceos,"today_in_history.intent","explica'm fets històrics va passar avui en la història"
ovos-skill-days-in-history.openvoiceos,"today_in_history.intent","explica'm fets històrics va passar en aquesta data"
ovos-skill-days-in-history.openvoiceos,"today_in_history.intent","explica'm fets històrics va passar en aquesta data a la història"
ovos-skill-days-in-history.openvoiceos,"today_in_history.intent","explica'm fets històrics va passar en aquesta data en la història"
ovos-skill-days-in-history.openvoiceos,"today_in_history.intent","explica'm fets històrics va passar en esta data"
ovos-skill-days-in-history.openvoiceos,"today_in_history.intent","explica'm fets històrics va passar en esta data a la història"
ovos-skill-days-in-history.openvoiceos,"today_in_history.intent","explica'm fets històrics va passar en esta data en la història"
ovos-skill-days-in-history.openvoiceos,"today_in_history.intent","explica'm fets històrics va passar este dia"
ovos-skill-days-in-history.openvoiceos,"today_in_history.intent","explica'm fets històrics va passar este dia a la història"
ovos-skill-days-in-history.openvoiceos,"today_in_history.intent","explica'm fets històrics va passar este dia en la història"
ovos-skill-days-in-history.openvoiceos,"today_in_history.intent","explica'm fets històrics va passar hui"
ovos-skill-days-in-history.openvoiceos,"today_in_history.intent","explica'm fets històrics va passar hui a la història"
ovos-skill-days-in-history.openvoiceos,"today_in_history.intent","explica'm fets històrics va passar hui en la història"
ovos-skill-days-in-history.openvoiceos,"today_in_history.intent","explica'm fets històrics va succeir amb data {date}"
ovos-skill-days-in-history.openvoiceos,"today_in_history.intent","explica'm fets històrics va succeir amb data {date} a la història"
ovos-skill-days-in-history.openvoiceos,"today_in_history.intent","explica'm fets històrics va succeir amb data {date} en la història"
ovos-skill-days-in-history.openvoiceos,"today_in_history.intent","explica'm fets històrics va succeir el {date}"
ovos-skill-days-in-history.openvoiceos,"today_in_history.intent","explica'm fets històrics va succeir el {date} a la història"
ovos-skill-days-in-history.openvoiceos,"today_in_history.intent","explica'm fets històrics va succeir el {date} en la història"
ovos-skill-days-in-history.openvoiceos,"today_in_history.intent","explica'm fets històrics va succeir en data {date}"
ovos-skill-days-in-history.openvoiceos,"today_in_history.intent","explica'm fets històrics va succeir en data {date} a la història"
ovos-skill-days-in-history.openvoiceos,"today_in_history.intent","explica'm fets històrics va succeir en data {date} en la història"
ovos-skill-days-in-history.openvoiceos,"today_in_history.intent","explica'm fets històrics va succeir en {date}"
ovos-skill-days-in-history.openvoiceos,"today_in_history.intent","explica'm fets històrics va succeir en {date} a la història"
ovos-skill-days-in-history.openvoiceos,"today_in_history.intent","explica'm fets històrics va succeir en {date} en la història"
ovos-skill-days-in-history.openvoiceos,"today_in_history.intent","explica'm fets històrics van passar aquest dia"
ovos-skill-days-in-history.openvoiceos,"today_in_history.intent","explica'm fets històrics van passar aquest dia a la història"
ovos-skill-days-in-history.openvoiceos,"today_in_history.intent","explica'm fets històrics van passar aquest dia en la història"
ovos-skill-days-in-history.openvoiceos,"today_in_history.intent","explica'm fets històrics van passar avui"
ovos-skill-days-in-history.openvoiceos,"today_in_history.intent","explica'm fets històrics van passar avui a la història"
ovos-skill-days-in-history.openvoiceos,"today_in_history.intent","explica'm fets històrics van passar avui en la història"
ovos-skill-days-in-history.openvoiceos,"today_in_history.intent","explica'm fets històrics van passar en aquesta data"
ovos-skill-days-in-history.openvoiceos,"today_in_history.intent","explica'm fets històrics van passar en aquesta data a la història"
ovos-skill-days-in-history.openvoiceos,"today_in_history.intent","explica'm fets històrics van passar en aquesta data en la història"
ovos-skill-days-in-history.openvoiceos,"today_in_history.intent","explica'm fets històrics van passar en esta data"
ovos-skill-days-in-history.openvoiceos,"today_in_history.intent","explica'm fets històrics van passar en esta data a la història"
ovos-skill-days-in-history.openvoiceos,"today_in_history.intent","explica'm fets històrics van passar en esta data en la història"
ovos-skill-days-in-history.openvoiceos,"today_in_history.intent","explica'm fets històrics van passar este dia"
ovos-skill-days-in-history.openvoiceos,"today_in_history.intent","explica'm fets històrics van passar este dia a la història"
ovos-skill-days-in-history.openvoiceos,"today_in_history.intent","explica'm fets històrics van passar este dia en la història"
ovos-skill-days-in-history.openvoiceos,"today_in_history.intent","explica'm fets històrics van passar hui"
ovos-skill-days-in-history.openvoiceos,"today_in_history.intent","explica'm fets històrics van passar hui a la història"
ovos-skill-days-in-history.openvoiceos,"today_in_history.intent","explica'm fets històrics van passar hui en la història"
ovos-skill-days-in-history.openvoiceos,"today_in_history.intent","explica'm fets històrics van succeir amb data {date}"
ovos-skill-days-in-history.openvoiceos,"today_in_history.intent","explica'm fets històrics van succeir amb data {date} a la història"
ovos-skill-days-in-history.openvoiceos,"today_in_history.intent","explica'm fets històrics van succeir amb data {date} en la història"
ovos-skill-days-in-history.openvoiceos,"today_in_history.intent","explica'm fets històrics van succeir el {date}"
ovos-skill-days-in-history.openvoiceos,"today_in_history.intent","explica'm fets històrics van succeir el {date} a la història"
ovos-skill-days-in-history.openvoiceos,"today_in_history.intent","explica'm fets històrics van succeir el {date} en la història"
ovos-skill-days-in-history.openvoiceos,"today_in_history.intent","explica'm fets històrics van succeir en data {date}"
ovos-skill-days-in-history.openvoiceos,"today_in_history.intent","explica'm fets històrics van succeir en data {date} a la història"
ovos-skill-days-in-history.openvoiceos,"today_in_history.intent","explica'm fets històrics van succeir en data {date} en la història"
ovos-skill-days-in-history.openvoiceos,"today_in_history.intent","explica'm fets històrics van succeir en {date}"
ovos-skill-days-in-history.openvoiceos,"today_in_history.intent","explica'm fets històrics van succeir en {date} a la història"
ovos-skill-days-in-history.openvoiceos,"today_in_history.intent","explica'm fets històrics van succeir en {date} en la història"
ovos-skill-days-in-history.openvoiceos,"today_in_history.intent","explica'm sobre  passaren aquest dia"
ovos-skill-days-in-history.openvoiceos,"today_in_history.intent","explica'm sobre  passaren aquest dia a la història"
ovos-skill-days-in-history.openvoiceos,"today_in_history.intent","explica'm sobre  passaren aquest dia en la història"
ovos-skill-days-in-history.openvoiceos,"today_in_history.intent","explica'm sobre  passaren avui"
ovos-skill-days-in-history.openvoiceos,"today_in_history.intent","explica'm sobre  passaren avui a la història"
ovos-skill-days-in-history.openvoiceos,"today_in_history.intent","explica'm sobre  passaren avui en la història"
ovos-skill-days-in-history.openvoiceos,"today_in_history.intent","explica'm sobre  passaren en aquesta data"
ovos-skill-days-in-history.openvoiceos,"today_in_history.intent","explica'm sobre  passaren en aquesta data a la història"
ovos-skill-days-in-history.openvoiceos,"today_in_history.intent","explica'm sobre  passaren en aquesta data en la història"
ovos-skill-days-in-history.openvoiceos,"today_in_history.intent","explica'm sobre  passaren en esta data"
ovos-skill-days-in-history.openvoiceos,"today_in_history.intent","explica'm sobre  passaren en esta data a la història"
ovos-skill-days-in-history.openvoiceos,"today_in_history.intent","explica'm sobre  passaren en esta data en la història"
ovos-skill-days-in-history.openvoiceos,"today_in_history.intent","explica'm sobre  passaren este dia"
ovos-skill-days-in-history.openvoiceos,"today_in_history.intent","explica'm sobre  passaren este dia a la història"
ovos-skill-days-in-history.openvoiceos,"today_in_history.intent","explica'm sobre  passaren este dia en la història"
ovos-skill-days-in-history.openvoiceos,"today_in_history.intent","explica'm sobre  passaren hui"
ovos-skill-days-in-history.openvoiceos,"today_in_history.intent","explica'm sobre  passaren hui a la història"
ovos-skill-days-in-history.openvoiceos,"today_in_history.intent","explica'm sobre  passaren hui en la història"
ovos-skill-days-in-history.openvoiceos,"today_in_history.intent","explica'm sobre  passà aquest dia"
ovos-skill-days-in-history.openvoiceos,"today_in_history.intent","explica'm sobre  passà aquest dia a la història"
ovos-skill-days-in-history.openvoiceos,"today_in_history.intent","explica'm sobre  passà aquest dia en la història"
ovos-skill-days-in-history.openvoiceos,"today_in_history.intent","explica'm sobre  passà avui"
ovos-skill-days-in-history.openvoiceos,"today_in_history.intent","explica'm sobre  passà avui a la història"
ovos-skill-days-in-history.openvoiceos,"today_in_history.intent","explica'm sobre  passà avui en la història"
ovos-skill-days-in-history.openvoiceos,"today_in_history.intent","explica'm sobre  passà en aquesta data"
ovos-skill-days-in-history.openvoiceos,"today_in_history.intent","explica'm sobre  passà en aquesta data a la història"
ovos-skill-days-in-history.openvoiceos,"today_in_history.intent","explica'm sobre  passà en aquesta data en la història"
ovos-skill-days-in-history.openvoiceos,"today_in_history.intent","explica'm sobre  passà en esta data"
ovos-skill-days-in-history.openvoiceos,"today_in_history.intent","explica'm sobre  passà en esta data a la història"
ovos-skill-days-in-history.openvoiceos,"today_in_history.intent","explica'm sobre  passà en esta data en la història"
ovos-skill-days-in-history.openvoiceos,"today_in_history.intent","explica'm sobre  passà este dia"
ovos-skill-days-in-history.openvoiceos,"today_in_history.intent","explica'm sobre  passà este dia a la història"
ovos-skill-days-in-history.openvoiceos,"today_in_history.intent","explica'm sobre  passà este dia en la història"
ovos-skill-days-in-history.openvoiceos,"today_in_history.intent","explica'm sobre  passà hui"
ovos-skill-days-in-history.openvoiceos,"today_in_history.intent","explica'm sobre  passà hui a la història"
ovos-skill-days-in-history.openvoiceos,"today_in_history.intent","explica'm sobre  passà hui en la història"
ovos-skill-days-in-history.openvoiceos,"today_in_history.intent","explica'm sobre  succeiren amb data {date}"
ovos-skill-days-in-history.openvoiceos,"today_in_history.intent","explica'm sobre  succeiren amb data {date} a la història"
ovos-skill-days-in-history.openvoiceos,"today_in_history.intent","explica'm sobre  succeiren amb data {date} en la història"
ovos-skill-days-in-history.openvoiceos,"today_in_history.intent","explica'm sobre  succeiren el {date}"
ovos-skill-days-in-history.openvoiceos,"today_in_history.intent","explica'm sobre  succeiren el {date} a la història"
ovos-skill-days-in-history.openvoiceos,"today_in_history.intent","explica'm sobre  succeiren el {date} en la història"
ovos-skill-days-in-history.openvoiceos,"today_in_history.intent","explica'm sobre  succeiren en data {date}"
ovos-skill-days-in-history.openvoiceos,"today_in_history.intent","explica'm sobre  succeiren en data {date} a la història"
ovos-skill-days-in-history.openvoiceos,"today_in_history.intent","explica'm sobre  succeiren en data {date} en la història"
ovos-skill-days-in-history.openvoiceos,"today_in_history.intent","explica'm sobre  succeiren en {date}"
ovos-skill-days-in-history.openvoiceos,"today_in_history.intent","explica'm sobre  succeiren en {date} a la història"
ovos-skill-days-in-history.openvoiceos,"today_in_history.intent","explica'm sobre  succeiren en {date} en la història"
ovos-skill-days-in-history.openvoiceos,"today_in_history.intent","explica'm sobre  succeí amb data {date}"
ovos-skill-days-in-history.openvoiceos,"today_in_history.intent","explica'm sobre  succeí amb data {date} a la història"
ovos-skill-days-in-history.openvoiceos,"today_in_history.intent","explica'm sobre  succeí amb data {date} en la història"
ovos-skill-days-in-history.openvoiceos,"today_in_history.intent","explica'm sobre  succeí el {date}"
ovos-skill-days-in-history.openvoiceos,"today_in_history.intent","explica'm sobre  succeí el {date} a la història"
ovos-skill-days-in-history.openvoiceos,"today_in_history.intent","explica'm sobre  succeí el {date} en la història"
ovos-skill-days-in-history.openvoiceos,"today_in_history.intent","explica'm sobre  succeí en data {date}"
ovos-skill-days-in-history.openvoiceos,"today_in_history.intent","explica'm sobre  succeí en data {date} a la història"
ovos-skill-days-in-history.openvoiceos,"today_in_history.intent","explica'm sobre  succeí en data {date} en la història"
ovos-skill-days-in-history.openvoiceos,"today_in_history.intent","explica'm sobre  succeí en {date}"
ovos-skill-days-in-history.openvoiceos,"today_in_history.intent","explica'm sobre  succeí en {date} a la història"
ovos-skill-days-in-history.openvoiceos,"today_in_history.intent","explica'm sobre  succeí en {date} en la història"
ovos-skill-days-in-history.openvoiceos,"today_in_history.intent","explica'm sobre  va passar aquest dia"
ovos-skill-days-in-history.openvoiceos,"today_in_history.intent","explica'm sobre  va passar aquest dia a la història"
ovos-skill-days-in-history.openvoiceos,"today_in_history.intent","explica'm sobre  va passar aquest dia en la història"
ovos-skill-days-in-history.openvoiceos,"today_in_history.intent","explica'm sobre  va passar avui"
ovos-skill-days-in-history.openvoiceos,"today_in_history.intent","explica'm sobre  va passar avui a la història"
ovos-skill-days-in-history.openvoiceos,"today_in_history.intent","explica'm sobre  va passar avui en la història"
ovos-skill-days-in-history.openvoiceos,"today_in_history.intent","explica'm sobre  va passar en aquesta data"
ovos-skill-days-in-history.openvoiceos,"today_in_history.intent","explica'm sobre  va passar en aquesta data a la història"
ovos-skill-days-in-history.openvoiceos,"today_in_history.intent","explica'm sobre  va passar en aquesta data en la història"
ovos-skill-days-in-history.openvoiceos,"today_in_history.intent","explica'm sobre  va passar en esta data"
ovos-skill-days-in-history.openvoiceos,"today_in_history.intent","explica'm sobre  va passar en esta data a la història"
ovos-skill-days-in-history.openvoiceos,"today_in_history.intent","explica'm sobre  va passar en esta data en la història"
ovos-skill-days-in-history.openvoiceos,"today_in_history.intent","explica'm sobre  va passar este dia"
ovos-skill-days-in-history.openvoiceos,"today_in_history.intent","explica'm sobre  va passar este dia a la història"
ovos-skill-days-in-history.openvoiceos,"today_in_history.intent","explica'm sobre  va passar este dia en la història"
ovos-skill-days-in-history.openvoiceos,"today_in_history.intent","explica'm sobre  va passar hui"
ovos-skill-days-in-history.openvoiceos,"today_in_history.intent","explica'm sobre  va passar hui a la història"
ovos-skill-days-in-history.openvoiceos,"today_in_history.intent","explica'm sobre  va passar hui en la història"
ovos-skill-days-in-history.openvoiceos,"today_in_history.intent","explica'm sobre  va succeir amb data {date}"
ovos-skill-days-in-history.openvoiceos,"today_in_history.intent","explica'm sobre  va succeir amb data {date} a la història"
ovos-skill-days-in-history.openvoiceos,"today_in_history.intent","explica'm sobre  va succeir amb data {date} en la història"
ovos-skill-days-in-history.openvoiceos,"today_in_history.intent","explica'm sobre  va succeir el {date}"
ovos-skill-days-in-history.openvoiceos,"today_in_history.intent","explica'm sobre  va succeir el {date} a la història"
ovos-skill-days-in-history.openvoiceos,"today_in_history.intent","explica'm sobre  va succeir el {date} en la història"
ovos-skill-days-in-history.openvoiceos,"today_in_history.intent","explica'm sobre  va succeir en data {date}"
ovos-skill-days-in-history.openvoiceos,"today_in_history.intent","explica'm sobre  va succeir en data {date} a la història"
ovos-skill-days-in-history.openvoiceos,"today_in_history.intent","explica'm sobre  va succeir en data {date} en la història"
ovos-skill-days-in-history.openvoiceos,"today_in_history.intent","explica'm sobre  va succeir en {date}"
ovos-skill-days-in-history.openvoiceos,"today_in_history.intent","explica'm sobre  va succeir en {date} a la història"
ovos-skill-days-in-history.openvoiceos,"today_in_history.intent","explica'm sobre  va succeir en {date} en la història"
ovos-skill-days-in-history.openvoiceos,"today_in_history.intent","explica'm sobre  van passar aquest dia"
ovos-skill-days-in-history.openvoiceos,"today_in_history.intent","explica'm sobre  van passar aquest dia a la història"
ovos-skill-days-in-history.openvoiceos,"today_in_history.intent","explica'm sobre  van passar aquest dia en la història"
ovos-skill-days-in-history.openvoiceos,"today_in_history.intent","explica'm sobre  van passar avui"
ovos-skill-days-in-history.openvoiceos,"today_in_history.intent","explica'm sobre  van passar avui a la història"
ovos-skill-days-in-history.openvoiceos,"today_in_history.intent","explica'm sobre  van passar avui en la història"
ovos-skill-days-in-history.openvoiceos,"today_in_history.intent","explica'm sobre  van passar en aquesta data"
ovos-skill-days-in-history.openvoiceos,"today_in_history.intent","explica'm sobre  van passar en aquesta data a la història"
ovos-skill-days-in-history.openvoiceos,"today_in_history.intent","explica'm sobre  van passar en aquesta data en la història"
ovos-skill-days-in-history.openvoiceos,"today_in_history.intent","explica'm sobre  van passar en esta data"
ovos-skill-days-in-history.openvoiceos,"today_in_history.intent","explica'm sobre  van passar en esta data a la història"
ovos-skill-days-in-history.openvoiceos,"today_in_history.intent","explica'm sobre  van passar en esta data en la història"
ovos-skill-days-in-history.openvoiceos,"today_in_history.intent","explica'm sobre  van passar este dia"
ovos-skill-days-in-history.openvoiceos,"today_in_history.intent","explica'm sobre  van passar este dia a la història"
ovos-skill-days-in-history.openvoiceos,"today_in_history.intent","explica'm sobre  van passar este dia en la història"
ovos-skill-days-in-history.openvoiceos,"today_in_history.intent","explica'm sobre  van passar hui"
ovos-skill-days-in-history.openvoiceos,"today_in_history.intent","explica'm sobre  van passar hui a la història"
ovos-skill-days-in-history.openvoiceos,"today_in_history.intent","explica'm sobre  van passar hui en la història"
ovos-skill-days-in-history.openvoiceos,"today_in_history.intent","explica'm sobre  van succeir amb data {date}"
ovos-skill-days-in-history.openvoiceos,"today_in_history.intent","explica'm sobre  van succeir amb data {date} a la història"
ovos-skill-days-in-history.openvoiceos,"today_in_history.intent","explica'm sobre  van succeir amb data {date} en la història"
ovos-skill-days-in-history.openvoiceos,"today_in_history.intent","explica'm sobre  van succeir el {date}"
ovos-skill-days-in-history.openvoiceos,"today_in_history.intent","explica'm sobre  van succeir el {date} a la història"
ovos-skill-days-in-history.openvoiceos,"today_in_history.intent","explica'm sobre  van succeir el {date} en la història"
ovos-skill-days-in-history.openvoiceos,"today_in_history.intent","explica'm sobre  van succeir en data {date}"
ovos-skill-days-in-history.openvoiceos,"today_in_history.intent","explica'm sobre  van succeir en data {date} a la història"
ovos-skill-days-in-history.openvoiceos,"today_in_history.intent","explica'm sobre  van succeir en data {date} en la història"
ovos-skill-days-in-history.openvoiceos,"today_in_history.intent","explica'm sobre  van succeir en {date}"
ovos-skill-days-in-history.openvoiceos,"today_in_history.intent","explica'm sobre  van succeir en {date} a la història"
ovos-skill-days-in-history.openvoiceos,"today_in_history.intent","explica'm sobre  van succeir en {date} en la història"
ovos-skill-days-in-history.openvoiceos,"today_in_history.intent","explica'm sobre esdeveniments històrics passaren aquest dia"
ovos-skill-days-in-history.openvoiceos,"today_in_history.intent","explica'm sobre esdeveniments històrics passaren aquest dia a la història"
ovos-skill-days-in-history.openvoiceos,"today_in_history.intent","explica'm sobre esdeveniments històrics passaren aquest dia en la història"
ovos-skill-days-in-history.openvoiceos,"today_in_history.intent","explica'm sobre esdeveniments històrics passaren avui"
ovos-skill-days-in-history.openvoiceos,"today_in_history.intent","explica'm sobre esdeveniments històrics passaren avui a la història"
ovos-skill-days-in-history.openvoiceos,"today_in_history.intent","explica'm sobre esdeveniments històrics passaren avui en la història"
ovos-skill-days-in-history.openvoiceos,"today_in_history.intent","explica'm sobre esdeveniments històrics passaren en aquesta data"
ovos-skill-days-in-history.openvoiceos,"today_in_history.intent","explica'm sobre esdeveniments històrics passaren en aquesta data a la història"
ovos-skill-days-in-history.openvoiceos,"today_in_history.intent","explica'm sobre esdeveniments històrics passaren en aquesta data en la història"
ovos-skill-days-in-history.openvoiceos,"today_in_history.intent","explica'm sobre esdeveniments històrics passaren en esta data"
ovos-skill-days-in-history.openvoiceos,"today_in_history.intent","explica'm sobre esdeveniments històrics passaren en esta data a la història"
ovos-skill-days-in-history.openvoiceos,"today_in_history.intent","explica'm sobre esdeveniments històrics passaren en esta data en la història"
ovos-skill-days-in-history.openvoiceos,"today_in_history.intent","explica'm sobre esdeveniments històrics passaren este dia"
ovos-skill-days-in-history.openvoiceos,"today_in_history.intent","explica'm sobre esdeveniments històrics passaren este dia a la història"
ovos-skill-days-in-history.openvoiceos,"today_in_history.intent","explica'm sobre esdeveniments històrics passaren este dia en la història"
ovos-skill-days-in-history.openvoiceos,"today_in_history.intent","explica'm sobre esdeveniments històrics passaren hui"
ovos-skill-days-in-history.openvoiceos,"today_in_history.intent","explica'm sobre esdeveniments històrics passaren hui a la història"
ovos-skill-days-in-history.openvoiceos,"today_in_history.intent","explica'm sobre esdeveniments històrics passaren hui en la història"
ovos-skill-days-in-history.openvoiceos,"today_in_history.intent","explica'm sobre esdeveniments històrics passà aquest dia"
ovos-skill-days-in-history.openvoiceos,"today_in_history.intent","explica'm sobre esdeveniments històrics passà aquest dia a la història"
ovos-skill-days-in-history.openvoiceos,"today_in_history.intent","explica'm sobre esdeveniments històrics passà aquest dia en la història"
ovos-skill-days-in-history.openvoiceos,"today_in_history.intent","explica'm sobre esdeveniments històrics passà avui"
ovos-skill-days-in-history.openvoiceos,"today_in_history.intent","explica'm sobre esdeveniments històrics passà avui a la història"
ovos-skill-days-in-history.openvoiceos,"today_in_history.intent","explica'm sobre esdeveniments històrics passà avui en la història"
ovos-skill-days-in-history.openvoiceos,"today_in_history.intent","explica'm sobre esdeveniments històrics passà en aquesta data"
ovos-skill-days-in-history.openvoiceos,"today_in_history.intent","explica'm sobre esdeveniments històrics passà en aquesta data a la història"
ovos-skill-days-in-history.openvoiceos,"today_in_history.intent","explica'm sobre esdeveniments històrics passà en aquesta data en la història"
ovos-skill-days-in-history.openvoiceos,"today_in_history.intent","explica'm sobre esdeveniments històrics passà en esta data"
ovos-skill-days-in-history.openvoiceos,"today_in_history.intent","explica'm sobre esdeveniments històrics passà en esta data a la història"
ovos-skill-days-in-history.openvoiceos,"today_in_history.intent","explica'm sobre esdeveniments històrics passà en esta data en la història"
ovos-skill-days-in-history.openvoiceos,"today_in_history.intent","explica'm sobre esdeveniments històrics passà este dia"
ovos-skill-days-in-history.openvoiceos,"today_in_history.intent","explica'm sobre esdeveniments històrics passà este dia a la història"
ovos-skill-days-in-history.openvoiceos,"today_in_history.intent","explica'm sobre esdeveniments històrics passà este dia en la història"
ovos-skill-days-in-history.openvoiceos,"today_in_history.intent","explica'm sobre esdeveniments històrics passà hui"
ovos-skill-days-in-history.openvoiceos,"today_in_history.intent","explica'm sobre esdeveniments històrics passà hui a la història"
ovos-skill-days-in-history.openvoiceos,"today_in_history.intent","explica'm sobre esdeveniments històrics passà hui en la història"
ovos-skill-days-in-history.openvoiceos,"today_in_history.intent","explica'm sobre esdeveniments històrics succeiren amb data {date}"
ovos-skill-days-in-history.openvoiceos,"today_in_history.intent","explica'm sobre esdeveniments històrics succeiren amb data {date} a la història"
ovos-skill-days-in-history.openvoiceos,"today_in_history.intent","explica'm sobre esdeveniments històrics succeiren amb data {date} en la història"
ovos-skill-days-in-history.openvoiceos,"today_in_history.intent","explica'm sobre esdeveniments històrics succeiren el {date}"
ovos-skill-days-in-history.openvoiceos,"today_in_history.intent","explica'm sobre esdeveniments històrics succeiren el {date} a la història"
ovos-skill-days-in-history.openvoiceos,"today_in_history.intent","explica'm sobre esdeveniments històrics succeiren el {date} en la història"
ovos-skill-days-in-history.openvoiceos,"today_in_history.intent","explica'm sobre esdeveniments històrics succeiren en data {date}"
ovos-skill-days-in-history.openvoiceos,"today_in_history.intent","explica'm sobre esdeveniments històrics succeiren en data {date} a la història"
ovos-skill-days-in-history.openvoiceos,"today_in_history.intent","explica'm sobre esdeveniments històrics succeiren en data {date} en la història"
ovos-skill-days-in-history.openvoiceos,"today_in_history.intent","explica'm sobre esdeveniments històrics succeiren en {date}"
ovos-skill-days-in-history.openvoiceos,"today_in_history.intent","explica'm sobre esdeveniments històrics succeiren en {date} a la història"
ovos-skill-days-in-history.openvoiceos,"today_in_history.intent","explica'm sobre esdeveniments històrics succeiren en {date} en la història"
ovos-skill-days-in-history.openvoiceos,"today_in_history.intent","explica'm sobre esdeveniments històrics succeí amb data {date}"
ovos-skill-days-in-history.openvoiceos,"today_in_history.intent","explica'm sobre esdeveniments històrics succeí amb data {date} a la història"
ovos-skill-days-in-history.openvoiceos,"today_in_history.intent","explica'm sobre esdeveniments històrics succeí amb data {date} en la història"
ovos-skill-days-in-history.openvoiceos,"today_in_history.intent","explica'm sobre esdeveniments històrics succeí el {date}"
ovos-skill-days-in-history.openvoiceos,"today_in_history.intent","explica'm sobre esdeveniments històrics succeí el {date} a la història"
ovos-skill-days-in-history.openvoiceos,"today_in_history.intent","explica'm sobre esdeveniments històrics succeí el {date} en la història"
ovos-skill-days-in-history.openvoiceos,"today_in_history.intent","explica'm sobre esdeveniments històrics succeí en data {date}"
ovos-skill-days-in-history.openvoiceos,"today_in_history.intent","explica'm sobre esdeveniments històrics succeí en data {date} a la història"
ovos-skill-days-in-history.openvoiceos,"today_in_history.intent","explica'm sobre esdeveniments històrics succeí en data {date} en la història"
ovos-skill-days-in-history.openvoiceos,"today_in_history.intent","explica'm sobre esdeveniments històrics succeí en {date}"
ovos-skill-days-in-history.openvoiceos,"today_in_history.intent","explica'm sobre esdeveniments històrics succeí en {date} a la història"
ovos-skill-days-in-history.openvoiceos,"today_in_history.intent","explica'm sobre esdeveniments històrics succeí en {date} en la història"
ovos-skill-days-in-history.openvoiceos,"today_in_history.intent","explica'm sobre esdeveniments històrics va passar aquest dia"
ovos-skill-days-in-history.openvoiceos,"today_in_history.intent","explica'm sobre esdeveniments històrics va passar aquest dia a la història"
ovos-skill-days-in-history.openvoiceos,"today_in_history.intent","explica'm sobre esdeveniments històrics va passar aquest dia en la història"
ovos-skill-days-in-history.openvoiceos,"today_in_history.intent","explica'm sobre esdeveniments històrics va passar avui"
ovos-skill-days-in-history.openvoiceos,"today_in_history.intent","explica'm sobre esdeveniments històrics va passar avui a la història"
ovos-skill-days-in-history.openvoiceos,"today_in_history.intent","explica'm sobre esdeveniments històrics va passar avui en la història"
ovos-skill-days-in-history.openvoiceos,"today_in_history.intent","explica'm sobre esdeveniments històrics va passar en aquesta data"
ovos-skill-days-in-history.openvoiceos,"today_in_history.intent","explica'm sobre esdeveniments històrics va passar en aquesta data a la història"
ovos-skill-days-in-history.openvoiceos,"today_in_history.intent","explica'm sobre esdeveniments històrics va passar en aquesta data en la història"
ovos-skill-days-in-history.openvoiceos,"today_in_history.intent","explica'm sobre esdeveniments històrics va passar en esta data"
ovos-skill-days-in-history.openvoiceos,"today_in_history.intent","explica'm sobre esdeveniments històrics va passar en esta data a la història"
ovos-skill-days-in-history.openvoiceos,"today_in_history.intent","explica'm sobre esdeveniments històrics va passar en esta data en la història"
ovos-skill-days-in-history.openvoiceos,"today_in_history.intent","explica'm sobre esdeveniments històrics va passar este dia"
ovos-skill-days-in-history.openvoiceos,"today_in_history.intent","explica'm sobre esdeveniments històrics va passar este dia a la història"
ovos-skill-days-in-history.openvoiceos,"today_in_history.intent","explica'm sobre esdeveniments històrics va passar este dia en la història"
ovos-skill-days-in-history.openvoiceos,"today_in_history.intent","explica'm sobre esdeveniments històrics va passar hui"
ovos-skill-days-in-history.openvoiceos,"today_in_history.intent","explica'm sobre esdeveniments històrics va passar hui a la història"
ovos-skill-days-in-history.openvoiceos,"today_in_history.intent","explica'm sobre esdeveniments històrics va passar hui en la història"
ovos-skill-days-in-history.openvoiceos,"today_in_history.intent","explica'm sobre esdeveniments històrics va succeir amb data {date}"
ovos-skill-days-in-history.openvoiceos,"today_in_history.intent","explica'm sobre esdeveniments històrics va succeir amb data {date} a la història"
ovos-skill-days-in-history.openvoiceos,"today_in_history.intent","explica'm sobre esdeveniments històrics va succeir amb data {date} en la història"
ovos-skill-days-in-history.openvoiceos,"today_in_history.intent","explica'm sobre esdeveniments històrics va succeir el {date}"
ovos-skill-days-in-history.openvoiceos,"today_in_history.intent","explica'm sobre esdeveniments històrics va succeir el {date} a la història"
ovos-skill-days-in-history.openvoiceos,"today_in_history.intent","explica'm sobre esdeveniments històrics va succeir el {date} en la història"
ovos-skill-days-in-history.openvoiceos,"today_in_history.intent","explica'm sobre esdeveniments històrics va succeir en data {date}"
ovos-skill-days-in-history.openvoiceos,"today_in_history.intent","explica'm sobre esdeveniments històrics va succeir en data {date} a la història"
ovos-skill-days-in-history.openvoiceos,"today_in_history.intent","explica'm sobre esdeveniments històrics va succeir en data {date} en la història"
ovos-skill-days-in-history.openvoiceos,"today_in_history.intent","explica'm sobre esdeveniments històrics va succeir en {date}"
ovos-skill-days-in-history.openvoiceos,"today_in_history.intent","explica'm sobre esdeveniments històrics va succeir en {date} a la història"
ovos-skill-days-in-history.openvoiceos,"today_in_history.intent","explica'm sobre esdeveniments històrics va succeir en {date} en la història"
ovos-skill-days-in-history.openvoiceos,"today_in_history.intent","explica'm sobre esdeveniments històrics van passar aquest dia"
ovos-skill-days-in-history.openvoiceos,"today_in_history.intent","explica'm sobre esdeveniments històrics van passar aquest dia a la història"
ovos-skill-days-in-history.openvoiceos,"today_in_history.intent","explica'm sobre esdeveniments històrics van passar aquest dia en la història"
ovos-skill-days-in-history.openvoiceos,"today_in_history.intent","explica'm sobre esdeveniments històrics van passar avui"
ovos-skill-days-in-history.openvoiceos,"today_in_history.intent","explica'm sobre esdeveniments històrics van passar avui a la història"
ovos-skill-days-in-history.openvoiceos,"today_in_history.intent","explica'm sobre esdeveniments històrics van passar avui en la història"
ovos-skill-days-in-history.openvoiceos,"today_in_history.intent","explica'm sobre esdeveniments històrics van passar en aquesta data"
ovos-skill-days-in-history.openvoiceos,"today_in_history.intent","explica'm sobre esdeveniments històrics van passar en aquesta data a la història"
ovos-skill-days-in-history.openvoiceos,"today_in_history.intent","explica'm sobre esdeveniments històrics van passar en aquesta data en la història"
ovos-skill-days-in-history.openvoiceos,"today_in_history.intent","explica'm sobre esdeveniments històrics van passar en esta data"
ovos-skill-days-in-history.openvoiceos,"today_in_history.intent","explica'm sobre esdeveniments històrics van passar en esta data a la història"
ovos-skill-days-in-history.openvoiceos,"today_in_history.intent","explica'm sobre esdeveniments històrics van passar en esta data en la història"
ovos-skill-days-in-history.openvoiceos,"today_in_history.intent","explica'm sobre esdeveniments històrics van passar este dia"
ovos-skill-days-in-history.openvoiceos,"today_in_history.intent","explica'm sobre esdeveniments històrics van passar este dia a la història"
ovos-skill-days-in-history.openvoiceos,"today_in_history.intent","explica'm sobre esdeveniments històrics van passar este dia en la història"
ovos-skill-days-in-history.openvoiceos,"today_in_history.intent","explica'm sobre esdeveniments històrics van passar hui"
ovos-skill-days-in-history.openvoiceos,"today_in_history.intent","explica'm sobre esdeveniments històrics van passar hui a la història"
ovos-skill-days-in-history.openvoiceos,"today_in_history.intent","explica'm sobre esdeveniments històrics van passar hui en la història"
ovos-skill-days-in-history.openvoiceos,"today_in_history.intent","explica'm sobre esdeveniments històrics van succeir amb data {date}"
ovos-skill-days-in-history.openvoiceos,"today_in_history.intent","explica'm sobre esdeveniments històrics van succeir amb data {date} a la història"
ovos-skill-days-in-history.openvoiceos,"today_in_history.intent","explica'm sobre esdeveniments històrics van succeir amb data {date} en la història"
ovos-skill-days-in-history.openvoiceos,"today_in_history.intent","explica'm sobre esdeveniments històrics van succeir el {date}"
ovos-skill-days-in-history.openvoiceos,"today_in_history.intent","explica'm sobre esdeveniments històrics van succeir el {date} a la història"
ovos-skill-days-in-history.openvoiceos,"today_in_history.intent","explica'm sobre esdeveniments històrics van succeir el {date} en la història"
ovos-skill-days-in-history.openvoiceos,"today_in_history.intent","explica'm sobre esdeveniments històrics van succeir en data {date}"
ovos-skill-days-in-history.openvoiceos,"today_in_history.intent","explica'm sobre esdeveniments històrics van succeir en data {date} a la història"
ovos-skill-days-in-history.openvoiceos,"today_in_history.intent","explica'm sobre esdeveniments històrics van succeir en data {date} en la història"
ovos-skill-days-in-history.openvoiceos,"today_in_history.intent","explica'm sobre esdeveniments històrics van succeir en {date}"
ovos-skill-days-in-history.openvoiceos,"today_in_history.intent","explica'm sobre esdeveniments històrics van succeir en {date} a la història"
ovos-skill-days-in-history.openvoiceos,"today_in_history.intent","explica'm sobre esdeveniments històrics van succeir en {date} en la història"
ovos-skill-days-in-history.openvoiceos,"today_in_history.intent","explica'm sobre fets històrics passaren aquest dia"
ovos-skill-days-in-history.openvoiceos,"today_in_history.intent","explica'm sobre fets històrics passaren aquest dia a la història"
ovos-skill-days-in-history.openvoiceos,"today_in_history.intent","explica'm sobre fets històrics passaren aquest dia en la història"
ovos-skill-days-in-history.openvoiceos,"today_in_history.intent","explica'm sobre fets històrics passaren avui"
ovos-skill-days-in-history.openvoiceos,"today_in_history.intent","explica'm sobre fets històrics passaren avui a la història"
ovos-skill-days-in-history.openvoiceos,"today_in_history.intent","explica'm sobre fets històrics passaren avui en la història"
ovos-skill-days-in-history.openvoiceos,"today_in_history.intent","explica'm sobre fets històrics passaren en aquesta data"
ovos-skill-days-in-history.openvoiceos,"today_in_history.intent","explica'm sobre fets històrics passaren en aquesta data a la història"
ovos-skill-days-in-history.openvoiceos,"today_in_history.intent","explica'm sobre fets històrics passaren en aquesta data en la història"
ovos-skill-days-in-history.openvoiceos,"today_in_history.intent","explica'm sobre fets històrics passaren en esta data"
ovos-skill-days-in-history.openvoiceos,"today_in_history.intent","explica'm sobre fets històrics passaren en esta data a la història"
ovos-skill-days-in-history.openvoiceos,"today_in_history.intent","explica'm sobre fets històrics passaren en esta data en la història"
ovos-skill-days-in-history.openvoiceos,"today_in_history.intent","explica'm sobre fets històrics passaren este dia"
ovos-skill-days-in-history.openvoiceos,"today_in_history.intent","explica'm sobre fets històrics passaren este dia a la història"
ovos-skill-days-in-history.openvoiceos,"today_in_history.intent","explica'm sobre fets històrics passaren este dia en la història"
ovos-skill-days-in-history.openvoiceos,"today_in_history.intent","explica'm sobre fets històrics passaren hui"
ovos-skill-days-in-history.openvoiceos,"today_in_history.intent","explica'm sobre fets històrics passaren hui a la història"
ovos-skill-days-in-history.openvoiceos,"today_in_history.intent","explica'm sobre fets històrics passaren hui en la història"
ovos-skill-days-in-history.openvoiceos,"today_in_history.intent","explica'm sobre fets històrics passà aquest dia"
ovos-skill-days-in-history.openvoiceos,"today_in_history.intent","explica'm sobre fets històrics passà aquest dia a la història"
ovos-skill-days-in-history.openvoiceos,"today_in_history.intent","explica'm sobre fets històrics passà aquest dia en la història"
ovos-skill-days-in-history.openvoiceos,"today_in_history.intent","explica'm sobre fets històrics passà avui"
ovos-skill-days-in-history.openvoiceos,"today_in_history.intent","explica'm sobre fets històrics passà avui a la història"
ovos-skill-days-in-history.openvoiceos,"today_in_history.intent","explica'm sobre fets històrics passà avui en la història"
ovos-skill-days-in-history.openvoiceos,"today_in_history.intent","explica'm sobre fets històrics passà en aquesta data"
ovos-skill-days-in-history.openvoiceos,"today_in_history.intent","explica'm sobre fets històrics passà en aquesta data a la història"
ovos-skill-days-in-history.openvoiceos,"today_in_history.intent","explica'm sobre fets històrics passà en aquesta data en la història"
ovos-skill-days-in-history.openvoiceos,"today_in_history.intent","explica'm sobre fets històrics passà en esta data"
ovos-skill-days-in-history.openvoiceos,"today_in_history.intent","explica'm sobre fets històrics passà en esta data a la història"
ovos-skill-days-in-history.openvoiceos,"today_in_history.intent","explica'm sobre fets històrics passà en esta data en la història"
ovos-skill-days-in-history.openvoiceos,"today_in_history.intent","explica'm sobre fets històrics passà este dia"
ovos-skill-days-in-history.openvoiceos,"today_in_history.intent","explica'm sobre fets històrics passà este dia a la història"
ovos-skill-days-in-history.openvoiceos,"today_in_history.intent","explica'm sobre fets històrics passà este dia en la història"
ovos-skill-days-in-history.openvoiceos,"today_in_history.intent","explica'm sobre fets històrics passà hui"
ovos-skill-days-in-history.openvoiceos,"today_in_history.intent","explica'm sobre fets històrics passà hui a la història"
ovos-skill-days-in-history.openvoiceos,"today_in_history.intent","explica'm sobre fets històrics passà hui en la història"
ovos-skill-days-in-history.openvoiceos,"today_in_history.intent","explica'm sobre fets històrics succeiren amb data {date}"
ovos-skill-days-in-history.openvoiceos,"today_in_history.intent","explica'm sobre fets històrics succeiren amb data {date} a la història"
ovos-skill-days-in-history.openvoiceos,"today_in_history.intent","explica'm sobre fets històrics succeiren amb data {date} en la història"
ovos-skill-days-in-history.openvoiceos,"today_in_history.intent","explica'm sobre fets històrics succeiren el {date}"
ovos-skill-days-in-history.openvoiceos,"today_in_history.intent","explica'm sobre fets històrics succeiren el {date} a la història"
ovos-skill-days-in-history.openvoiceos,"today_in_history.intent","explica'm sobre fets històrics succeiren el {date} en la història"
ovos-skill-days-in-history.openvoiceos,"today_in_history.intent","explica'm sobre fets històrics succeiren en data {date}"
ovos-skill-days-in-history.openvoiceos,"today_in_history.intent","explica'm sobre fets històrics succeiren en data {date} a la història"
ovos-skill-days-in-history.openvoiceos,"today_in_history.intent","explica'm sobre fets històrics succeiren en data {date} en la història"
ovos-skill-days-in-history.openvoiceos,"today_in_history.intent","explica'm sobre fets històrics succeiren en {date}"
ovos-skill-days-in-history.openvoiceos,"today_in_history.intent","explica'm sobre fets històrics succeiren en {date} a la història"
ovos-skill-days-in-history.openvoiceos,"today_in_history.intent","explica'm sobre fets històrics succeiren en {date} en la història"
ovos-skill-days-in-history.openvoiceos,"today_in_history.intent","explica'm sobre fets històrics succeí amb data {date}"
ovos-skill-days-in-history.openvoiceos,"today_in_history.intent","explica'm sobre fets històrics succeí amb data {date} a la història"
ovos-skill-days-in-history.openvoiceos,"today_in_history.intent","explica'm sobre fets històrics succeí amb data {date} en la història"
ovos-skill-days-in-history.openvoiceos,"today_in_history.intent","explica'm sobre fets històrics succeí el {date}"
ovos-skill-days-in-history.openvoiceos,"today_in_history.intent","explica'm sobre fets històrics succeí el {date} a la història"
ovos-skill-days-in-history.openvoiceos,"today_in_history.intent","explica'm sobre fets històrics succeí el {date} en la història"
ovos-skill-days-in-history.openvoiceos,"today_in_history.intent","explica'm sobre fets històrics succeí en data {date}"
ovos-skill-days-in-history.openvoiceos,"today_in_history.intent","explica'm sobre fets històrics succeí en data {date} a la història"
ovos-skill-days-in-history.openvoiceos,"today_in_history.intent","explica'm sobre fets històrics succeí en data {date} en la història"
ovos-skill-days-in-history.openvoiceos,"today_in_history.intent","explica'm sobre fets històrics succeí en {date}"
ovos-skill-days-in-history.openvoiceos,"today_in_history.intent","explica'm sobre fets històrics succeí en {date} a la història"
ovos-skill-days-in-history.openvoiceos,"today_in_history.intent","explica'm sobre fets històrics succeí en {date} en la història"
ovos-skill-days-in-history.openvoiceos,"today_in_history.intent","explica'm sobre fets històrics va passar aquest dia"
ovos-skill-days-in-history.openvoiceos,"today_in_history.intent","explica'm sobre fets històrics va passar aquest dia a la història"
ovos-skill-days-in-history.openvoiceos,"today_in_history.intent","explica'm sobre fets històrics va passar aquest dia en la història"
ovos-skill-days-in-history.openvoiceos,"today_in_history.intent","explica'm sobre fets històrics va passar avui"
ovos-skill-days-in-history.openvoiceos,"today_in_history.intent","explica'm sobre fets històrics va passar avui a la història"
ovos-skill-days-in-history.openvoiceos,"today_in_history.intent","explica'm sobre fets històrics va passar avui en la història"
ovos-skill-days-in-history.openvoiceos,"today_in_history.intent","explica'm sobre fets històrics va passar en aquesta data"
ovos-skill-days-in-history.openvoiceos,"today_in_history.intent","explica'm sobre fets històrics va passar en aquesta data a la història"
ovos-skill-days-in-history.openvoiceos,"today_in_history.intent","explica'm sobre fets històrics va passar en aquesta data en la història"
ovos-skill-days-in-history.openvoiceos,"today_in_history.intent","explica'm sobre fets històrics va passar en esta data"
ovos-skill-days-in-history.openvoiceos,"today_in_history.intent","explica'm sobre fets històrics va passar en esta data a la història"
ovos-skill-days-in-history.openvoiceos,"today_in_history.intent","explica'm sobre fets històrics va passar en esta data en la història"
ovos-skill-days-in-history.openvoiceos,"today_in_history.intent","explica'm sobre fets històrics va passar este dia"
ovos-skill-days-in-history.openvoiceos,"today_in_history.intent","explica'm sobre fets històrics va passar este dia a la història"
ovos-skill-days-in-history.openvoiceos,"today_in_history.intent","explica'm sobre fets històrics va passar este dia en la història"
ovos-skill-days-in-history.openvoiceos,"today_in_history.intent","explica'm sobre fets històrics va passar hui"
ovos-skill-days-in-history.openvoiceos,"today_in_history.intent","explica'm sobre fets històrics va passar hui a la història"
ovos-skill-days-in-history.openvoiceos,"today_in_history.intent","explica'm sobre fets històrics va passar hui en la història"
ovos-skill-days-in-history.openvoiceos,"today_in_history.intent","explica'm sobre fets històrics va succeir amb data {date}"
ovos-skill-days-in-history.openvoiceos,"today_in_history.intent","explica'm sobre fets històrics va succeir amb data {date} a la història"
ovos-skill-days-in-history.openvoiceos,"today_in_history.intent","explica'm sobre fets històrics va succeir amb data {date} en la història"
ovos-skill-days-in-history.openvoiceos,"today_in_history.intent","explica'm sobre fets històrics va succeir el {date}"
ovos-skill-days-in-history.openvoiceos,"today_in_history.intent","explica'm sobre fets històrics va succeir el {date} a la història"
ovos-skill-days-in-history.openvoiceos,"today_in_history.intent","explica'm sobre fets històrics va succeir el {date} en la història"
ovos-skill-days-in-history.openvoiceos,"today_in_history.intent","explica'm sobre fets històrics va succeir en data {date}"
ovos-skill-days-in-history.openvoiceos,"today_in_history.intent","explica'm sobre fets històrics va succeir en data {date} a la història"
ovos-skill-days-in-history.openvoiceos,"today_in_history.intent","explica'm sobre fets històrics va succeir en data {date} en la història"
ovos-skill-days-in-history.openvoiceos,"today_in_history.intent","explica'm sobre fets històrics va succeir en {date}"
ovos-skill-days-in-history.openvoiceos,"today_in_history.intent","explica'm sobre fets històrics va succeir en {date} a la història"
ovos-skill-days-in-history.openvoiceos,"today_in_history.intent","explica'm sobre fets històrics va succeir en {date} en la història"
ovos-skill-days-in-history.openvoiceos,"today_in_history.intent","explica'm sobre fets històrics van passar aquest dia"
ovos-skill-days-in-history.openvoiceos,"today_in_history.intent","explica'm sobre fets històrics van passar aquest dia a la història"
ovos-skill-days-in-history.openvoiceos,"today_in_history.intent","explica'm sobre fets històrics van passar aquest dia en la història"
ovos-skill-days-in-history.openvoiceos,"today_in_history.intent","explica'm sobre fets històrics van passar avui"
ovos-skill-days-in-history.openvoiceos,"today_in_history.intent","explica'm sobre fets històrics van passar avui a la història"
ovos-skill-days-in-history.openvoiceos,"today_in_history.intent","explica'm sobre fets històrics van passar avui en la història"
ovos-skill-days-in-history.openvoiceos,"today_in_history.intent","explica'm sobre fets històrics van passar en aquesta data"
ovos-skill-days-in-history.openvoiceos,"today_in_history.intent","explica'm sobre fets històrics van passar en aquesta data a la història"
ovos-skill-days-in-history.openvoiceos,"today_in_history.intent","explica'm sobre fets històrics van passar en aquesta data en la història"
ovos-skill-days-in-history.openvoiceos,"today_in_history.intent","explica'm sobre fets històrics van passar en esta data"
ovos-skill-days-in-history.openvoiceos,"today_in_history.intent","explica'm sobre fets històrics van passar en esta data a la història"
ovos-skill-days-in-history.openvoiceos,"today_in_history.intent","explica'm sobre fets històrics van passar en esta data en la història"
ovos-skill-days-in-history.openvoiceos,"today_in_history.intent","explica'm sobre fets històrics van passar este dia"
ovos-skill-days-in-history.openvoiceos,"today_in_history.intent","explica'm sobre fets històrics van passar este dia a la història"
ovos-skill-days-in-history.openvoiceos,"today_in_history.intent","explica'm sobre fets històrics van passar este dia en la història"
ovos-skill-days-in-history.openvoiceos,"today_in_history.intent","explica'm sobre fets històrics van passar hui"
ovos-skill-days-in-history.openvoiceos,"today_in_history.intent","explica'm sobre fets històrics van passar hui a la història"
ovos-skill-days-in-history.openvoiceos,"today_in_history.intent","explica'm sobre fets històrics van passar hui en la història"
ovos-skill-days-in-history.openvoiceos,"today_in_history.intent","explica'm sobre fets històrics van succeir amb data {date}"
ovos-skill-days-in-history.openvoiceos,"today_in_history.intent","explica'm sobre fets històrics van succeir amb data {date} a la història"
ovos-skill-days-in-history.openvoiceos,"today_in_history.intent","explica'm sobre fets històrics van succeir amb data {date} en la història"
ovos-skill-days-in-history.openvoiceos,"today_in_history.intent","explica'm sobre fets històrics van succeir el {date}"
ovos-skill-days-in-history.openvoiceos,"today_in_history.intent","explica'm sobre fets històrics van succeir el {date} a la història"
ovos-skill-days-in-history.openvoiceos,"today_in_history.intent","explica'm sobre fets històrics van succeir el {date} en la història"
ovos-skill-days-in-history.openvoiceos,"today_in_history.intent","explica'm sobre fets històrics van succeir en data {date}"
ovos-skill-days-in-history.openvoiceos,"today_in_history.intent","explica'm sobre fets històrics van succeir en data {date} a la història"
ovos-skill-days-in-history.openvoiceos,"today_in_history.intent","explica'm sobre fets històrics van succeir en data {date} en la història"
ovos-skill-days-in-history.openvoiceos,"today_in_history.intent","explica'm sobre fets històrics van succeir en {date}"
ovos-skill-days-in-history.openvoiceos,"today_in_history.intent","explica'm sobre fets històrics van succeir en {date} a la història"
ovos-skill-days-in-history.openvoiceos,"today_in_history.intent","explica'm sobre fets històrics van succeir en {date} en la història"
ovos-skill-days-in-history.openvoiceos,"today_in_history.intent","hui"
ovos-skill-days-in-history.openvoiceos,"today_in_history.intent","hui a la història"
ovos-skill-days-in-history.openvoiceos,"today_in_history.intent","hui en la història"
ovos-skill-days-in-history.openvoiceos,"today_in_history.intent","què  passaren aquest dia"
ovos-skill-days-in-history.openvoiceos,"today_in_history.intent","què  passaren aquest dia a la història"
ovos-skill-days-in-history.openvoiceos,"today_in_history.intent","què  passaren aquest dia en la història"
ovos-skill-days-in-history.openvoiceos,"today_in_history.intent","què  passaren avui"
ovos-skill-days-in-history.openvoiceos,"today_in_history.intent","què  passaren avui a la història"
ovos-skill-days-in-history.openvoiceos,"today_in_history.intent","què  passaren avui en la història"
ovos-skill-days-in-history.openvoiceos,"today_in_history.intent","què  passaren en aquesta data"
ovos-skill-days-in-history.openvoiceos,"today_in_history.intent","què  passaren en aquesta data a la història"
ovos-skill-days-in-history.openvoiceos,"today_in_history.intent","què  passaren en aquesta data en la història"
ovos-skill-days-in-history.openvoiceos,"today_in_history.intent","què  passaren en esta data"
ovos-skill-days-in-history.openvoiceos,"today_in_history.intent","què  passaren en esta data a la història"
ovos-skill-days-in-history.openvoiceos,"today_in_history.intent","què  passaren en esta data en la història"
ovos-skill-days-in-history.openvoiceos,"today_in_history.intent","què  passaren este dia"
ovos-skill-days-in-history.openvoiceos,"today_in_history.intent","què  passaren este dia a la història"
ovos-skill-days-in-history.openvoiceos,"today_in_history.intent","què  passaren este dia en la història"
ovos-skill-days-in-history.openvoiceos,"today_in_history.intent","què  passaren hui"
ovos-skill-days-in-history.openvoiceos,"today_in_history.intent","què  passaren hui a la història"
ovos-skill-days-in-history.openvoiceos,"today_in_history.intent","què  passaren hui en la història"
ovos-skill-days-in-history.openvoiceos,"today_in_history.intent","què  passà aquest dia"
ovos-skill-days-in-history.openvoiceos,"today_in_history.intent","què  passà aquest dia a la història"
ovos-skill-days-in-history.openvoiceos,"today_in_history.intent","què  passà aquest dia en la història"
ovos-skill-days-in-history.openvoiceos,"today_in_history.intent","què  passà avui"
ovos-skill-days-in-history.openvoiceos,"today_in_history.intent","què  passà avui a la història"
ovos-skill-days-in-history.openvoiceos,"today_in_history.intent","què  passà avui en la història"
ovos-skill-days-in-history.openvoiceos,"today_in_history.intent","què  passà en aquesta data"
ovos-skill-days-in-history.openvoiceos,"today_in_history.intent","què  passà en aquesta data a la història"
ovos-skill-days-in-history.openvoiceos,"today_in_history.intent","què  passà en aquesta data en la història"
ovos-skill-days-in-history.openvoiceos,"today_in_history.intent","què  passà en esta data"
ovos-skill-days-in-history.openvoiceos,"today_in_history.intent","què  passà en esta data a la història"
ovos-skill-days-in-history.openvoiceos,"today_in_history.intent","què  passà en esta data en la història"
ovos-skill-days-in-history.openvoiceos,"today_in_history.intent","què  passà este dia"
ovos-skill-days-in-history.openvoiceos,"today_in_history.intent","què  passà este dia a la història"
ovos-skill-days-in-history.openvoiceos,"today_in_history.intent","què  passà este dia en la història"
ovos-skill-days-in-history.openvoiceos,"today_in_history.intent","què  passà hui"
ovos-skill-days-in-history.openvoiceos,"today_in_history.intent","què  passà hui a la història"
ovos-skill-days-in-history.openvoiceos,"today_in_history.intent","què  passà hui en la història"
ovos-skill-days-in-history.openvoiceos,"today_in_history.intent","què  succeiren amb data {date}"
ovos-skill-days-in-history.openvoiceos,"today_in_history.intent","què  succeiren amb data {date} a la història"
ovos-skill-days-in-history.openvoiceos,"today_in_history.intent","què  succeiren amb data {date} en la història"
ovos-skill-days-in-history.openvoiceos,"today_in_history.intent","què  succeiren el {date}"
ovos-skill-days-in-history.openvoiceos,"today_in_history.intent","què  succeiren el {date} a la història"
ovos-skill-days-in-history.openvoiceos,"today_in_history.intent","què  succeiren el {date} en la història"
ovos-skill-days-in-history.openvoiceos,"today_in_history.intent","què  succeiren en data {date}"
ovos-skill-days-in-history.openvoiceos,"today_in_history.intent","què  succeiren en data {date} a la història"
ovos-skill-days-in-history.openvoiceos,"today_in_history.intent","què  succeiren en data {date} en la història"
ovos-skill-days-in-history.openvoiceos,"today_in_history.intent","què  succeiren en {date}"
ovos-skill-days-in-history.openvoiceos,"today_in_history.intent","què  succeiren en {date} a la història"
ovos-skill-days-in-history.openvoiceos,"today_in_history.intent","què  succeiren en {date} en la història"
ovos-skill-days-in-history.openvoiceos,"today_in_history.intent","què  succeí amb data {date}"
ovos-skill-days-in-history.openvoiceos,"today_in_history.intent","què  succeí amb data {date} a la història"
ovos-skill-days-in-history.openvoiceos,"today_in_history.intent","què  succeí amb data {date} en la història"
ovos-skill-days-in-history.openvoiceos,"today_in_history.intent","què  succeí el {date}"
ovos-skill-days-in-history.openvoiceos,"today_in_history.intent","què  succeí el {date} a la història"
ovos-skill-days-in-history.openvoiceos,"today_in_history.intent","què  succeí el {date} en la història"
ovos-skill-days-in-history.openvoiceos,"today_in_history.intent","què  succeí en data {date}"
ovos-skill-days-in-history.openvoiceos,"today_in_history.intent","què  succeí en data {date} a la història"
ovos-skill-days-in-history.openvoiceos,"today_in_history.intent","què  succeí en data {date} en la història"
ovos-skill-days-in-history.openvoiceos,"today_in_history.intent","què  succeí en {date}"
ovos-skill-days-in-history.openvoiceos,"today_in_history.intent","què  succeí en {date} a la història"
ovos-skill-days-in-history.openvoiceos,"today_in_history.intent","què  succeí en {date} en la història"
ovos-skill-days-in-history.openvoiceos,"today_in_history.intent","què  va passar aquest dia"
ovos-skill-days-in-history.openvoiceos,"today_in_history.intent","què  va passar aquest dia a la història"
ovos-skill-days-in-history.openvoiceos,"today_in_history.intent","què  va passar aquest dia en la història"
ovos-skill-days-in-history.openvoiceos,"today_in_history.intent","què  va passar avui"
ovos-skill-days-in-history.openvoiceos,"today_in_history.intent","què  va passar avui a la història"
ovos-skill-days-in-history.openvoiceos,"today_in_history.intent","què  va passar avui en la història"
ovos-skill-days-in-history.openvoiceos,"today_in_history.intent","què  va passar en aquesta data"
ovos-skill-days-in-history.openvoiceos,"today_in_history.intent","què  va passar en aquesta data a la història"
ovos-skill-days-in-history.openvoiceos,"today_in_history.intent","què  va passar en aquesta data en la història"
ovos-skill-days-in-history.openvoiceos,"today_in_history.intent","què  va passar en esta data"
ovos-skill-days-in-history.openvoiceos,"today_in_history.intent","què  va passar en esta data a la història"
ovos-skill-days-in-history.openvoiceos,"today_in_history.intent","què  va passar en esta data en la història"
ovos-skill-days-in-history.openvoiceos,"today_in_history.intent","què  va passar este dia"
ovos-skill-days-in-history.openvoiceos,"today_in_history.intent","què  va passar este dia a la història"
ovos-skill-days-in-history.openvoiceos,"today_in_history.intent","què  va passar este dia en la història"
ovos-skill-days-in-history.openvoiceos,"today_in_history.intent","què  va passar hui"
ovos-skill-days-in-history.openvoiceos,"today_in_history.intent","què  va passar hui a la història"
ovos-skill-days-in-history.openvoiceos,"today_in_history.intent","què  va passar hui en la història"
ovos-skill-days-in-history.openvoiceos,"today_in_history.intent","què  va succeir amb data {date}"
ovos-skill-days-in-history.openvoiceos,"today_in_history.intent","què  va succeir amb data {date} a la història"
ovos-skill-days-in-history.openvoiceos,"today_in_history.intent","què  va succeir amb data {date} en la història"
ovos-skill-days-in-history.openvoiceos,"today_in_history.intent","què  va succeir el {date}"
ovos-skill-days-in-history.openvoiceos,"today_in_history.intent","què  va succeir el {date} a la història"
ovos-skill-days-in-history.openvoiceos,"today_in_history.intent","què  va succeir el {date} en la història"
ovos-skill-days-in-history.openvoiceos,"today_in_history.intent","què  va succeir en data {date}"
ovos-skill-days-in-history.openvoiceos,"today_in_history.intent","què  va succeir en data {date} a la història"
ovos-skill-days-in-history.openvoiceos,"today_in_history.intent","què  va succeir en data {date} en la història"
ovos-skill-days-in-history.openvoiceos,"today_in_history.intent","què  va succeir en {date}"
ovos-skill-days-in-history.openvoiceos,"today_in_history.intent","què  va succeir en {date} a la història"
ovos-skill-days-in-history.openvoiceos,"today_in_history.intent","què  va succeir en {date} en la història"
ovos-skill-days-in-history.openvoiceos,"today_in_history.intent","què  van passar aquest dia"
ovos-skill-days-in-history.openvoiceos,"today_in_history.intent","què  van passar aquest dia a la història"
ovos-skill-days-in-history.openvoiceos,"today_in_history.intent","què  van passar aquest dia en la història"
ovos-skill-days-in-history.openvoiceos,"today_in_history.intent","què  van passar avui"
ovos-skill-days-in-history.openvoiceos,"today_in_history.intent","què  van passar avui a la història"
ovos-skill-days-in-history.openvoiceos,"today_in_history.intent","què  van passar avui en la història"
ovos-skill-days-in-history.openvoiceos,"today_in_history.intent","què  van passar en aquesta data"
ovos-skill-days-in-history.openvoiceos,"today_in_history.intent","què  van passar en aquesta data a la història"
ovos-skill-days-in-history.openvoiceos,"today_in_history.intent","què  van passar en aquesta data en la història"
ovos-skill-days-in-history.openvoiceos,"today_in_history.intent","què  van passar en esta data"
ovos-skill-days-in-history.openvoiceos,"today_in_history.intent","què  van passar en esta data a la història"
ovos-skill-days-in-history.openvoiceos,"today_in_history.intent","què  van passar en esta data en la història"
ovos-skill-days-in-history.openvoiceos,"today_in_history.intent","què  van passar este dia"
ovos-skill-days-in-history.openvoiceos,"today_in_history.intent","què  van passar este dia a la història"
ovos-skill-days-in-history.openvoiceos,"today_in_history.intent","què  van passar este dia en la història"
ovos-skill-days-in-history.openvoiceos,"today_in_history.intent","què  van passar hui"
ovos-skill-days-in-history.openvoiceos,"today_in_history.intent","què  van passar hui a la història"
ovos-skill-days-in-history.openvoiceos,"today_in_history.intent","què  van passar hui en la història"
ovos-skill-days-in-history.openvoiceos,"today_in_history.intent","què  van succeir amb data {date}"
ovos-skill-days-in-history.openvoiceos,"today_in_history.intent","què  van succeir amb data {date} a la història"
ovos-skill-days-in-history.openvoiceos,"today_in_history.intent","què  van succeir amb data {date} en la història"
ovos-skill-days-in-history.openvoiceos,"today_in_history.intent","què  van succeir el {date}"
ovos-skill-days-in-history.openvoiceos,"today_in_history.intent","què  van succeir el {date} a la història"
ovos-skill-days-in-history.openvoiceos,"today_in_history.intent","què  van succeir el {date} en la història"
ovos-skill-days-in-history.openvoiceos,"today_in_history.intent","què  van succeir en data {date}"
ovos-skill-days-in-history.openvoiceos,"today_in_history.intent","què  van succeir en data {date} a la història"
ovos-skill-days-in-history.openvoiceos,"today_in_history.intent","què  van succeir en data {date} en la història"
ovos-skill-days-in-history.openvoiceos,"today_in_history.intent","què  van succeir en {date}"
ovos-skill-days-in-history.openvoiceos,"today_in_history.intent","què  van succeir en {date} a la història"
ovos-skill-days-in-history.openvoiceos,"today_in_history.intent","què  van succeir en {date} en la història"
ovos-skill-days-in-history.openvoiceos,"today_in_history.intent","què esdeveniments històrics passaren aquest dia"
ovos-skill-days-in-history.openvoiceos,"today_in_history.intent","què esdeveniments històrics passaren aquest dia a la història"
ovos-skill-days-in-history.openvoiceos,"today_in_history.intent","què esdeveniments històrics passaren aquest dia en la història"
ovos-skill-days-in-history.openvoiceos,"today_in_history.intent","què esdeveniments històrics passaren avui"
ovos-skill-days-in-history.openvoiceos,"today_in_history.intent","què esdeveniments històrics passaren avui a la història"
ovos-skill-days-in-history.openvoiceos,"today_in_history.intent","què esdeveniments històrics passaren avui en la història"
ovos-skill-days-in-history.openvoiceos,"today_in_history.intent","què esdeveniments històrics passaren en aquesta data"
ovos-skill-days-in-history.openvoiceos,"today_in_history.intent","què esdeveniments històrics passaren en aquesta data a la història"
ovos-skill-days-in-history.openvoiceos,"today_in_history.intent","què esdeveniments històrics passaren en aquesta data en la història"
ovos-skill-days-in-history.openvoiceos,"today_in_history.intent","què esdeveniments històrics passaren en esta data"
ovos-skill-days-in-history.openvoiceos,"today_in_history.intent","què esdeveniments històrics passaren en esta data a la història"
ovos-skill-days-in-history.openvoiceos,"today_in_history.intent","què esdeveniments històrics passaren en esta data en la història"
ovos-skill-days-in-history.openvoiceos,"today_in_history.intent","què esdeveniments històrics passaren este dia"
ovos-skill-days-in-history.openvoiceos,"today_in_history.intent","què esdeveniments històrics passaren este dia a la història"
ovos-skill-days-in-history.openvoiceos,"today_in_history.intent","què esdeveniments històrics passaren este dia en la història"
ovos-skill-days-in-history.openvoiceos,"today_in_history.intent","què esdeveniments històrics passaren hui"
ovos-skill-days-in-history.openvoiceos,"today_in_history.intent","què esdeveniments històrics passaren hui a la història"
ovos-skill-days-in-history.openvoiceos,"today_in_history.intent","què esdeveniments històrics passaren hui en la història"
ovos-skill-days-in-history.openvoiceos,"today_in_history.intent","què esdeveniments històrics passà aquest dia"
ovos-skill-days-in-history.openvoiceos,"today_in_history.intent","què esdeveniments històrics passà aquest dia a la història"
ovos-skill-days-in-history.openvoiceos,"today_in_history.intent","què esdeveniments històrics passà aquest dia en la història"
ovos-skill-days-in-history.openvoiceos,"today_in_history.intent","què esdeveniments històrics passà avui"
ovos-skill-days-in-history.openvoiceos,"today_in_history.intent","què esdeveniments històrics passà avui a la història"
ovos-skill-days-in-history.openvoiceos,"today_in_history.intent","què esdeveniments històrics passà avui en la història"
ovos-skill-days-in-history.openvoiceos,"today_in_history.intent","què esdeveniments històrics passà en aquesta data"
ovos-skill-days-in-history.openvoiceos,"today_in_history.intent","què esdeveniments històrics passà en aquesta data a la història"
ovos-skill-days-in-history.openvoiceos,"today_in_history.intent","què esdeveniments històrics passà en aquesta data en la història"
ovos-skill-days-in-history.openvoiceos,"today_in_history.intent","què esdeveniments històrics passà en esta data"
ovos-skill-days-in-history.openvoiceos,"today_in_history.intent","què esdeveniments històrics passà en esta data a la història"
ovos-skill-days-in-history.openvoiceos,"today_in_history.intent","què esdeveniments històrics passà en esta data en la història"
ovos-skill-days-in-history.openvoiceos,"today_in_history.intent","què esdeveniments històrics passà este dia"
ovos-skill-days-in-history.openvoiceos,"today_in_history.intent","què esdeveniments històrics passà este dia a la història"
ovos-skill-days-in-history.openvoiceos,"today_in_history.intent","què esdeveniments històrics passà este dia en la història"
ovos-skill-days-in-history.openvoiceos,"today_in_history.intent","què esdeveniments històrics passà hui"
ovos-skill-days-in-history.openvoiceos,"today_in_history.intent","què esdeveniments històrics passà hui a la història"
ovos-skill-days-in-history.openvoiceos,"today_in_history.intent","què esdeveniments històrics passà hui en la història"
ovos-skill-days-in-history.openvoiceos,"today_in_history.intent","què esdeveniments històrics succeiren amb data {date}"
ovos-skill-days-in-history.openvoiceos,"today_in_history.intent","què esdeveniments històrics succeiren amb data {date} a la història"
ovos-skill-days-in-history.openvoiceos,"today_in_history.intent","què esdeveniments històrics succeiren amb data {date} en la història"
ovos-skill-days-in-history.openvoiceos,"today_in_history.intent","què esdeveniments històrics succeiren el {date}"
ovos-skill-days-in-history.openvoiceos,"today_in_history.intent","què esdeveniments històrics succeiren el {date} a la història"
ovos-skill-days-in-history.openvoiceos,"today_in_history.intent","què esdeveniments històrics succeiren el {date} en la història"
ovos-skill-days-in-history.openvoiceos,"today_in_history.intent","què esdeveniments històrics succeiren en data {date}"
ovos-skill-days-in-history.openvoiceos,"today_in_history.intent","què esdeveniments històrics succeiren en data {date} a la història"
ovos-skill-days-in-history.openvoiceos,"today_in_history.intent","què esdeveniments històrics succeiren en data {date} en la història"
ovos-skill-days-in-history.openvoiceos,"today_in_history.intent","què esdeveniments històrics succeiren en {date}"
ovos-skill-days-in-history.openvoiceos,"today_in_history.intent","què esdeveniments històrics succeiren en {date} a la història"
ovos-skill-days-in-history.openvoiceos,"today_in_history.intent","què esdeveniments històrics succeiren en {date} en la història"
ovos-skill-days-in-history.openvoiceos,"today_in_history.intent","què esdeveniments històrics succeí amb data {date}"
ovos-skill-days-in-history.openvoiceos,"today_in_history.intent","què esdeveniments històrics succeí amb data {date} a la història"
ovos-skill-days-in-history.openvoiceos,"today_in_history.intent","què esdeveniments històrics succeí amb data {date} en la història"
ovos-skill-days-in-history.openvoiceos,"today_in_history.intent","què esdeveniments històrics succeí el {date}"
ovos-skill-days-in-history.openvoiceos,"today_in_history.intent","què esdeveniments històrics succeí el {date} a la història"
ovos-skill-days-in-history.openvoiceos,"today_in_history.intent","què esdeveniments històrics succeí el {date} en la història"
ovos-skill-days-in-history.openvoiceos,"today_in_history.intent","què esdeveniments històrics succeí en data {date}"
ovos-skill-days-in-history.openvoiceos,"today_in_history.intent","què esdeveniments històrics succeí en data {date} a la història"
ovos-skill-days-in-history.openvoiceos,"today_in_history.intent","què esdeveniments històrics succeí en data {date} en la història"
ovos-skill-days-in-history.openvoiceos,"today_in_history.intent","què esdeveniments històrics succeí en {date}"
ovos-skill-days-in-history.openvoiceos,"today_in_history.intent","què esdeveniments històrics succeí en {date} a la història"
ovos-skill-days-in-history.openvoiceos,"today_in_history.intent","què esdeveniments històrics succeí en {date} en la història"
ovos-skill-days-in-history.openvoiceos,"today_in_history.intent","què esdeveniments històrics va passar aquest dia"
ovos-skill-days-in-history.openvoiceos,"today_in_history.intent","què esdeveniments històrics va passar aquest dia a la història"
ovos-skill-days-in-history.openvoiceos,"today_in_history.intent","què esdeveniments històrics va passar aquest dia en la història"
ovos-skill-days-in-history.openvoiceos,"today_in_history.intent","què esdeveniments històrics va passar avui"
ovos-skill-days-in-history.openvoiceos,"today_in_history.intent","què esdeveniments històrics va passar avui a la història"
ovos-skill-days-in-history.openvoiceos,"today_in_history.intent","què esdeveniments històrics va passar avui en la història"
ovos-skill-days-in-history.openvoiceos,"today_in_history.intent","què esdeveniments històrics va passar en aquesta data"
ovos-skill-days-in-history.openvoiceos,"today_in_history.intent","què esdeveniments històrics va passar en aquesta data a la història"
ovos-skill-days-in-history.openvoiceos,"today_in_history.intent","què esdeveniments històrics va passar en aquesta data en la història"
ovos-skill-days-in-history.openvoiceos,"today_in_history.intent","què esdeveniments històrics va passar en esta data"
ovos-skill-days-in-history.openvoiceos,"today_in_history.intent","què esdeveniments històrics va passar en esta data a la història"
ovos-skill-days-in-history.openvoiceos,"today_in_history.intent","què esdeveniments històrics va passar en esta data en la història"
ovos-skill-days-in-history.openvoiceos,"today_in_history.intent","què esdeveniments històrics va passar este dia"
ovos-skill-days-in-history.openvoiceos,"today_in_history.intent","què esdeveniments històrics va passar este dia a la història"
ovos-skill-days-in-history.openvoiceos,"today_in_history.intent","què esdeveniments històrics va passar este dia en la història"
ovos-skill-days-in-history.openvoiceos,"today_in_history.intent","què esdeveniments històrics va passar hui"
ovos-skill-days-in-history.openvoiceos,"today_in_history.intent","què esdeveniments històrics va passar hui a la història"
ovos-skill-days-in-history.openvoiceos,"today_in_history.intent","què esdeveniments històrics va passar hui en la història"
ovos-skill-days-in-history.openvoiceos,"today_in_history.intent","què esdeveniments històrics va succeir amb data {date}"
ovos-skill-days-in-history.openvoiceos,"today_in_history.intent","què esdeveniments històrics va succeir amb data {date} a la història"
ovos-skill-days-in-history.openvoiceos,"today_in_history.intent","què esdeveniments històrics va succeir amb data {date} en la història"
ovos-skill-days-in-history.openvoiceos,"today_in_history.intent","què esdeveniments històrics va succeir el {date}"
ovos-skill-days-in-history.openvoiceos,"today_in_history.intent","què esdeveniments històrics va succeir el {date} a la història"
ovos-skill-days-in-history.openvoiceos,"today_in_history.intent","què esdeveniments històrics va succeir el {date} en la història"
ovos-skill-days-in-history.openvoiceos,"today_in_history.intent","què esdeveniments històrics va succeir en data {date}"
ovos-skill-days-in-history.openvoiceos,"today_in_history.intent","què esdeveniments històrics va succeir en data {date} a la història"
ovos-skill-days-in-history.openvoiceos,"today_in_history.intent","què esdeveniments històrics va succeir en data {date} en la història"
ovos-skill-days-in-history.openvoiceos,"today_in_history.intent","què esdeveniments històrics va succeir en {date}"
ovos-skill-days-in-history.openvoiceos,"today_in_history.intent","què esdeveniments històrics va succeir en {date} a la història"
ovos-skill-days-in-history.openvoiceos,"today_in_history.intent","què esdeveniments històrics va succeir en {date} en la història"
ovos-skill-days-in-history.openvoiceos,"today_in_history.intent","què esdeveniments històrics van passar aquest dia"
ovos-skill-days-in-history.openvoiceos,"today_in_history.intent","què esdeveniments històrics van passar aquest dia a la història"
ovos-skill-days-in-history.openvoiceos,"today_in_history.intent","què esdeveniments històrics van passar aquest dia en la història"
ovos-skill-days-in-history.openvoiceos,"today_in_history.intent","què esdeveniments històrics van passar avui"
ovos-skill-days-in-history.openvoiceos,"today_in_history.intent","què esdeveniments històrics van passar avui a la història"
ovos-skill-days-in-history.openvoiceos,"today_in_history.intent","què esdeveniments històrics van passar avui en la història"
ovos-skill-days-in-history.openvoiceos,"today_in_history.intent","què esdeveniments històrics van passar en aquesta data"
ovos-skill-days-in-history.openvoiceos,"today_in_history.intent","què esdeveniments històrics van passar en aquesta data a la història"
ovos-skill-days-in-history.openvoiceos,"today_in_history.intent","què esdeveniments històrics van passar en aquesta data en la història"
ovos-skill-days-in-history.openvoiceos,"today_in_history.intent","què esdeveniments històrics van passar en esta data"
ovos-skill-days-in-history.openvoiceos,"today_in_history.intent","què esdeveniments històrics van passar en esta data a la història"
ovos-skill-days-in-history.openvoiceos,"today_in_history.intent","què esdeveniments històrics van passar en esta data en la història"
ovos-skill-days-in-history.openvoiceos,"today_in_history.intent","què esdeveniments històrics van passar este dia"
ovos-skill-days-in-history.openvoiceos,"today_in_history.intent","què esdeveniments històrics van passar este dia a la història"
ovos-skill-days-in-history.openvoiceos,"today_in_history.intent","què esdeveniments històrics van passar este dia en la història"
ovos-skill-days-in-history.openvoiceos,"today_in_history.intent","què esdeveniments històrics van passar hui"
ovos-skill-days-in-history.openvoiceos,"today_in_history.intent","què esdeveniments històrics van passar hui a la història"
ovos-skill-days-in-history.openvoiceos,"today_in_history.intent","què esdeveniments històrics van passar hui en la història"
ovos-skill-days-in-history.openvoiceos,"today_in_history.intent","què esdeveniments històrics van succeir amb data {date}"
ovos-skill-days-in-history.openvoiceos,"today_in_history.intent","què esdeveniments històrics van succeir amb data {date} a la història"
ovos-skill-days-in-history.openvoiceos,"today_in_history.intent","què esdeveniments històrics van succeir amb data {date} en la història"
ovos-skill-days-in-history.openvoiceos,"today_in_history.intent","què esdeveniments històrics van succeir el {date}"
ovos-skill-days-in-history.openvoiceos,"today_in_history.intent","què esdeveniments històrics van succeir el {date} a la història"
ovos-skill-days-in-history.openvoiceos,"today_in_history.intent","què esdeveniments històrics van succeir el {date} en la història"
ovos-skill-days-in-history.openvoiceos,"today_in_history.intent","què esdeveniments històrics van succeir en data {date}"
ovos-skill-days-in-history.openvoiceos,"today_in_history.intent","què esdeveniments històrics van succeir en data {date} a la història"
ovos-skill-days-in-history.openvoiceos,"today_in_history.intent","què esdeveniments històrics van succeir en data {date} en la història"
ovos-skill-days-in-history.openvoiceos,"today_in_history.intent","què esdeveniments històrics van succeir en {date}"
ovos-skill-days-in-history.openvoiceos,"today_in_history.intent","què esdeveniments històrics van succeir en {date} a la història"
ovos-skill-days-in-history.openvoiceos,"today_in_history.intent","què esdeveniments històrics van succeir en {date} en la història"
ovos-skill-days-in-history.openvoiceos,"today_in_history.intent","què fets històrics passaren aquest dia"
ovos-skill-days-in-history.openvoiceos,"today_in_history.intent","què fets històrics passaren aquest dia a la història"
ovos-skill-days-in-history.openvoiceos,"today_in_history.intent","què fets històrics passaren aquest dia en la història"
ovos-skill-days-in-history.openvoiceos,"today_in_history.intent","què fets històrics passaren avui"
ovos-skill-days-in-history.openvoiceos,"today_in_history.intent","què fets històrics passaren avui a la història"
ovos-skill-days-in-history.openvoiceos,"today_in_history.intent","què fets històrics passaren avui en la història"
ovos-skill-days-in-history.openvoiceos,"today_in_history.intent","què fets històrics passaren en aquesta data"
ovos-skill-days-in-history.openvoiceos,"today_in_history.intent","què fets històrics passaren en aquesta data a la història"
ovos-skill-days-in-history.openvoiceos,"today_in_history.intent","què fets històrics passaren en aquesta data en la història"
ovos-skill-days-in-history.openvoiceos,"today_in_history.intent","què fets històrics passaren en esta data"
ovos-skill-days-in-history.openvoiceos,"today_in_history.intent","què fets històrics passaren en esta data a la història"
ovos-skill-days-in-history.openvoiceos,"today_in_history.intent","què fets històrics passaren en esta data en la història"
ovos-skill-days-in-history.openvoiceos,"today_in_history.intent","què fets històrics passaren este dia"
ovos-skill-days-in-history.openvoiceos,"today_in_history.intent","què fets històrics passaren este dia a la història"
ovos-skill-days-in-history.openvoiceos,"today_in_history.intent","què fets històrics passaren este dia en la història"
ovos-skill-days-in-history.openvoiceos,"today_in_history.intent","què fets històrics passaren hui"
ovos-skill-days-in-history.openvoiceos,"today_in_history.intent","què fets històrics passaren hui a la història"
ovos-skill-days-in-history.openvoiceos,"today_in_history.intent","què fets històrics passaren hui en la història"
ovos-skill-days-in-history.openvoiceos,"today_in_history.intent","què fets històrics passà aquest dia"
ovos-skill-days-in-history.openvoiceos,"today_in_history.intent","què fets històrics passà aquest dia a la història"
ovos-skill-days-in-history.openvoiceos,"today_in_history.intent","què fets històrics passà aquest dia en la història"
ovos-skill-days-in-history.openvoiceos,"today_in_history.intent","què fets històrics passà avui"
ovos-skill-days-in-history.openvoiceos,"today_in_history.intent","què fets històrics passà avui a la història"
ovos-skill-days-in-history.openvoiceos,"today_in_history.intent","què fets històrics passà avui en la història"
ovos-skill-days-in-history.openvoiceos,"today_in_history.intent","què fets històrics passà en aquesta data"
ovos-skill-days-in-history.openvoiceos,"today_in_history.intent","què fets històrics passà en aquesta data a la història"
ovos-skill-days-in-history.openvoiceos,"today_in_history.intent","què fets històrics passà en aquesta data en la història"
ovos-skill-days-in-history.openvoiceos,"today_in_history.intent","què fets històrics passà en esta data"
ovos-skill-days-in-history.openvoiceos,"today_in_history.intent","què fets històrics passà en esta data a la història"
ovos-skill-days-in-history.openvoiceos,"today_in_history.intent","què fets històrics passà en esta data en la història"
ovos-skill-days-in-history.openvoiceos,"today_in_history.intent","què fets històrics passà este dia"
ovos-skill-days-in-history.openvoiceos,"today_in_history.intent","què fets històrics passà este dia a la història"
ovos-skill-days-in-history.openvoiceos,"today_in_history.intent","què fets històrics passà este dia en la història"
ovos-skill-days-in-history.openvoiceos,"today_in_history.intent","què fets històrics passà hui"
ovos-skill-days-in-history.openvoiceos,"today_in_history.intent","què fets històrics passà hui a la història"
ovos-skill-days-in-history.openvoiceos,"today_in_history.intent","què fets històrics passà hui en la història"
ovos-skill-days-in-history.openvoiceos,"today_in_history.intent","què fets històrics succeiren amb data {date}"
ovos-skill-days-in-history.openvoiceos,"today_in_history.intent","què fets històrics succeiren amb data {date} a la història"
ovos-skill-days-in-history.openvoiceos,"today_in_history.intent","què fets històrics succeiren amb data {date} en la història"
ovos-skill-days-in-history.openvoiceos,"today_in_history.intent","què fets històrics succeiren el {date}"
ovos-skill-days-in-history.openvoiceos,"today_in_history.intent","què fets històrics succeiren el {date} a la història"
ovos-skill-days-in-history.openvoiceos,"today_in_history.intent","què fets històrics succeiren el {date} en la història"
ovos-skill-days-in-history.openvoiceos,"today_in_history.intent","què fets històrics succeiren en data {date}"
ovos-skill-days-in-history.openvoiceos,"today_in_history.intent","què fets històrics succeiren en data {date} a la història"
ovos-skill-days-in-history.openvoiceos,"today_in_history.intent","què fets històrics succeiren en data {date} en la història"
ovos-skill-days-in-history.openvoiceos,"today_in_history.intent","què fets històrics succeiren en {date}"
ovos-skill-days-in-history.openvoiceos,"today_in_history.intent","què fets històrics succeiren en {date} a la història"
ovos-skill-days-in-history.openvoiceos,"today_in_history.intent","què fets històrics succeiren en {date} en la història"
ovos-skill-days-in-history.openvoiceos,"today_in_history.intent","què fets històrics succeí amb data {date}"
ovos-skill-days-in-history.openvoiceos,"today_in_history.intent","què fets històrics succeí amb data {date} a la història"
ovos-skill-days-in-history.openvoiceos,"today_in_history.intent","què fets històrics succeí amb data {date} en la història"
ovos-skill-days-in-history.openvoiceos,"today_in_history.intent","què fets històrics succeí el {date}"
ovos-skill-days-in-history.openvoiceos,"today_in_history.intent","què fets històrics succeí el {date} a la història"
ovos-skill-days-in-history.openvoiceos,"today_in_history.intent","què fets històrics succeí el {date} en la història"
ovos-skill-days-in-history.openvoiceos,"today_in_history.intent","què fets històrics succeí en data {date}"
ovos-skill-days-in-history.openvoiceos,"today_in_history.intent","què fets històrics succeí en data {date} a la història"
ovos-skill-days-in-history.openvoiceos,"today_in_history.intent","què fets històrics succeí en data {date} en la història"
ovos-skill-days-in-history.openvoiceos,"today_in_history.intent","què fets històrics succeí en {date}"
ovos-skill-days-in-history.openvoiceos,"today_in_history.intent","què fets històrics succeí en {date} a la història"
ovos-skill-days-in-history.openvoiceos,"today_in_history.intent","què fets històrics succeí en {date} en la història"
ovos-skill-days-in-history.openvoiceos,"today_in_history.intent","què fets històrics va passar aquest dia"
ovos-skill-days-in-history.openvoiceos,"today_in_history.intent","què fets històrics va passar aquest dia a la història"
ovos-skill-days-in-history.openvoiceos,"today_in_history.intent","què fets històrics va passar aquest dia en la història"
ovos-skill-days-in-history.openvoiceos,"today_in_history.intent","què fets històrics va passar avui"
ovos-skill-days-in-history.openvoiceos,"today_in_history.intent","què fets històrics va passar avui a la història"
ovos-skill-days-in-history.openvoiceos,"today_in_history.intent","què fets històrics va passar avui en la història"
ovos-skill-days-in-history.openvoiceos,"today_in_history.intent","què fets històrics va passar en aquesta data"
ovos-skill-days-in-history.openvoiceos,"today_in_history.intent","què fets històrics va passar en aquesta data a la història"
ovos-skill-days-in-history.openvoiceos,"today_in_history.intent","què fets històrics va passar en aquesta data en la història"
ovos-skill-days-in-history.openvoiceos,"today_in_history.intent","què fets històrics va passar en esta data"
ovos-skill-days-in-history.openvoiceos,"today_in_history.intent","què fets històrics va passar en esta data a la història"
ovos-skill-days-in-history.openvoiceos,"today_in_history.intent","què fets històrics va passar en esta data en la història"
ovos-skill-days-in-history.openvoiceos,"today_in_history.intent","què fets històrics va passar este dia"
ovos-skill-days-in-history.openvoiceos,"today_in_history.intent","què fets històrics va passar este dia a la història"
ovos-skill-days-in-history.openvoiceos,"today_in_history.intent","què fets històrics va passar este dia en la història"
ovos-skill-days-in-history.openvoiceos,"today_in_history.intent","què fets històrics va passar hui"
ovos-skill-days-in-history.openvoiceos,"today_in_history.intent","què fets històrics va passar hui a la història"
ovos-skill-days-in-history.openvoiceos,"today_in_history.intent","què fets històrics va passar hui en la història"
ovos-skill-days-in-history.openvoiceos,"today_in_history.intent","què fets històrics va succeir amb data {date}"
ovos-skill-days-in-history.openvoiceos,"today_in_history.intent","què fets històrics va succeir amb data {date} a la història"
ovos-skill-days-in-history.openvoiceos,"today_in_history.intent","què fets històrics va succeir amb data {date} en la història"
ovos-skill-days-in-history.openvoiceos,"today_in_history.intent","què fets històrics va succeir el {date}"
ovos-skill-days-in-history.openvoiceos,"today_in_history.intent","què fets històrics va succeir el {date} a la història"
ovos-skill-days-in-history.openvoiceos,"today_in_history.intent","què fets històrics va succeir el {date} en la història"
ovos-skill-days-in-history.openvoiceos,"today_in_history.intent","què fets històrics va succeir en data {date}"
ovos-skill-days-in-history.openvoiceos,"today_in_history.intent","què fets històrics va succeir en data {date} a la història"
ovos-skill-days-in-history.openvoiceos,"today_in_history.intent","què fets històrics va succeir en data {date} en la història"
ovos-skill-days-in-history.openvoiceos,"today_in_history.intent","què fets històrics va succeir en {date}"
ovos-skill-days-in-history.openvoiceos,"today_in_history.intent","què fets històrics va succeir en {date} a la història"
ovos-skill-days-in-history.openvoiceos,"today_in_history.intent","què fets històrics va succeir en {date} en la història"
ovos-skill-days-in-history.openvoiceos,"today_in_history.intent","què fets històrics van passar aquest dia"
ovos-skill-days-in-history.openvoiceos,"today_in_history.intent","què fets històrics van passar aquest dia a la història"
ovos-skill-days-in-history.openvoiceos,"today_in_history.intent","què fets històrics van passar aquest dia en la història"
ovos-skill-days-in-history.openvoiceos,"today_in_history.intent","què fets històrics van passar avui"
ovos-skill-days-in-history.openvoiceos,"today_in_history.intent","què fets històrics van passar avui a la història"
ovos-skill-days-in-history.openvoiceos,"today_in_history.intent","què fets històrics van passar avui en la història"
ovos-skill-days-in-history.openvoiceos,"today_in_history.intent","què fets històrics van passar en aquesta data"
ovos-skill-days-in-history.openvoiceos,"today_in_history.intent","què fets històrics van passar en aquesta data a la història"
ovos-skill-days-in-history.openvoiceos,"today_in_history.intent","què fets històrics van passar en aquesta data en la història"
ovos-skill-days-in-history.openvoiceos,"today_in_history.intent","què fets històrics van passar en esta data"
ovos-skill-days-in-history.openvoiceos,"today_in_history.intent","què fets històrics van passar en esta data a la història"
ovos-skill-days-in-history.openvoiceos,"today_in_history.intent","què fets històrics van passar en esta data en la història"
ovos-skill-days-in-history.openvoiceos,"today_in_history.intent","què fets històrics van passar este dia"
ovos-skill-days-in-history.openvoiceos,"today_in_history.intent","què fets històrics van passar este dia a la història"
ovos-skill-days-in-history.openvoiceos,"today_in_history.intent","què fets històrics van passar este dia en la història"
ovos-skill-days-in-history.openvoiceos,"today_in_history.intent","què fets històrics van passar hui"
ovos-skill-days-in-history.openvoiceos,"today_in_history.intent","què fets històrics van passar hui a la història"
ovos-skill-days-in-history.openvoiceos,"today_in_history.intent","què fets històrics van passar hui en la història"
ovos-skill-days-in-history.openvoiceos,"today_in_history.intent","què fets històrics van succeir amb data {date}"
ovos-skill-days-in-history.openvoiceos,"today_in_history.intent","què fets històrics van succeir amb data {date} a la història"
ovos-skill-days-in-history.openvoiceos,"today_in_history.intent","què fets històrics van succeir amb data {date} en la història"
ovos-skill-days-in-history.openvoiceos,"today_in_history.intent","què fets històrics van succeir el {date}"
ovos-skill-days-in-history.openvoiceos,"today_in_history.intent","què fets històrics van succeir el {date} a la història"
ovos-skill-days-in-history.openvoiceos,"today_in_history.intent","què fets històrics van succeir el {date} en la història"
ovos-skill-days-in-history.openvoiceos,"today_in_history.intent","què fets històrics van succeir en data {date}"
ovos-skill-days-in-history.openvoiceos,"today_in_history.intent","què fets històrics van succeir en data {date} a la història"
ovos-skill-days-in-history.openvoiceos,"today_in_history.intent","què fets històrics van succeir en data {date} en la història"
ovos-skill-days-in-history.openvoiceos,"today_in_history.intent","què fets històrics van succeir en {date}"
ovos-skill-days-in-history.openvoiceos,"today_in_history.intent","què fets històrics van succeir en {date} a la història"
ovos-skill-days-in-history.openvoiceos,"today_in_history.intent","què fets històrics van succeir en {date} en la història"
ovos-skill-days-in-history.openvoiceos,"today_in_history.intent","tal dia com avui"
ovos-skill-days-in-history.openvoiceos,"today_in_history.intent","tal dia com avui a la història"
ovos-skill-days-in-history.openvoiceos,"today_in_history.intent","tal dia com avui en la història"
ovos-skill-days-in-history.openvoiceos,"today_in_history.intent","tal dia com hui"
ovos-skill-days-in-history.openvoiceos,"today_in_history.intent","tal dia com hui a la història"
ovos-skill-days-in-history.openvoiceos,"today_in_history.intent","tal dia com hui en la història"
ovos-skill-days-in-history.openvoiceos,"deaths_in_history.intent","qui morir tal dia com avui"
ovos-skill-days-in-history.openvoiceos,"deaths_in_history.intent","qui morir tal dia com avui a la història"
ovos-skill-days-in-history.openvoiceos,"deaths_in_history.intent","qui morir tal dia com avui en la història"
ovos-skill-days-in-history.openvoiceos,"deaths_in_history.intent","qui morir tal dia com hui"
ovos-skill-days-in-history.openvoiceos,"deaths_in_history.intent","qui morir tal dia com hui a la història"
ovos-skill-days-in-history.openvoiceos,"deaths_in_history.intent","qui morir tal dia com hui en la història"
ovos-skill-days-in-history.openvoiceos,"deaths_in_history.intent","qui morí tal dia com avui"
ovos-skill-days-in-history.openvoiceos,"deaths_in_history.intent","qui morí tal dia com avui a la història"
ovos-skill-days-in-history.openvoiceos,"deaths_in_history.intent","qui morí tal dia com avui en la història"
ovos-skill-days-in-history.openvoiceos,"deaths_in_history.intent","qui morí tal dia com hui"
ovos-skill-days-in-history.openvoiceos,"deaths_in_history.intent","qui morí tal dia com hui a la història"
ovos-skill-days-in-history.openvoiceos,"deaths_in_history.intent","qui morí tal dia com hui en la història"
ovos-skill-days-in-history.openvoiceos,"deaths_in_history.intent","qui va morir tal dia com avui"
ovos-skill-days-in-history.openvoiceos,"deaths_in_history.intent","qui va morir tal dia com avui a la història"
ovos-skill-days-in-history.openvoiceos,"deaths_in_history.intent","qui va morir tal dia com avui en la història"
ovos-skill-days-in-history.openvoiceos,"deaths_in_history.intent","qui va morir tal dia com hui"
ovos-skill-days-in-history.openvoiceos,"deaths_in_history.intent","qui va morir tal dia com hui a la història"
ovos-skill-days-in-history.openvoiceos,"deaths_in_history.intent","qui va morir tal dia com hui en la història"
ovos-skill-days-in-history.openvoiceos,"births_in_history.intent","qui nasqué tal dia com avui"
ovos-skill-days-in-history.openvoiceos,"births_in_history.intent","qui nasqué tal dia com avui a la història"
ovos-skill-days-in-history.openvoiceos,"births_in_history.intent","qui nasqué tal dia com avui en la història"
ovos-skill-days-in-history.openvoiceos,"births_in_history.intent","qui nasqué tal dia com hui"
ovos-skill-days-in-history.openvoiceos,"births_in_history.intent","qui nasqué tal dia com hui a la història"
ovos-skill-days-in-history.openvoiceos,"births_in_history.intent","qui nasqué tal dia com hui en la història"
ovos-skill-days-in-history.openvoiceos,"births_in_history.intent","qui va néixer tal dia com avui"
ovos-skill-days-in-history.openvoiceos,"births_in_history.intent","qui va néixer tal dia com avui a la història"
ovos-skill-days-in-history.openvoiceos,"births_in_history.intent","qui va néixer tal dia com avui en la història"
ovos-skill-days-in-history.openvoiceos,"births_in_history.intent","qui va néixer tal dia com hui"
ovos-skill-days-in-history.openvoiceos,"births_in_history.intent","qui va néixer tal dia com hui a la història"
ovos-skill-days-in-history.openvoiceos,"births_in_history.intent","qui va néixer tal dia com hui en la història"
ovos-skill-ddg.openvoiceos,"education.intent","on estudià {query}"
ovos-skill-ddg.openvoiceos,"education.intent","on va estudiar {query}"
ovos-skill-ddg.openvoiceos,"education.intent","on estudià {query}"
ovos-skill-ddg.openvoiceos,"education.intent","on estudià {query}?"
ovos-skill-ddg.openvoiceos,"education.intent","on va estudiar {query}"
ovos-skill-ddg.openvoiceos,"education.intent","on va estudiar {query}?"
ovos-skill-ddg.openvoiceos,"alma_mater.intent","quina és l'alma mater de {query}"
ovos-skill-ddg.openvoiceos,"resting_place.intent","on està enterrat {query}"
ovos-skill-ddg.openvoiceos,"resting_place.intent","on és enterrat {query}"
ovos-skill-ddg.openvoiceos,"resting_place.intent","on està la tomba de {query}"
ovos-skill-ddg.openvoiceos,"resting_place.intent","on és la tomba de {query}"
ovos-skill-ddg.openvoiceos,"born.intent","quan nasqué {query}"
ovos-skill-ddg.openvoiceos,"born.intent","quan va néixer {query}"
ovos-skill-ddg.openvoiceos,"born.intent","quan és {query} aniversari"
ovos-skill-ddg.openvoiceos,"born.intent","quan és {query} dia de naixement"
ovos-skill-ddg.openvoiceos,"born.intent","quan és {query} naixement"
ovos-skill-ddg.openvoiceos,"born.intent","{query} data de naixement"
ovos-skill-ddg.openvoiceos,"born.intent","{query} dia de naixement"
ovos-skill-ddg.openvoiceos,"died.intent","quan morí {query}"
ovos-skill-ddg.openvoiceos,"died.intent","quan va morir {query}"
ovos-skill-ddg.openvoiceos,"died.intent","quan fou la mort de {query}"
ovos-skill-ddg.openvoiceos,"died.intent","quan va ser la mort de {query}"
ovos-skill-ddg.openvoiceos,"died.intent","{query} data de la mort"
ovos-skill-ddg.openvoiceos,"died.intent","{query} dia de la mort"
ovos-skill-ddg.openvoiceos,"thesis.intent","quin és el tema de la tesi de {query}"
ovos-skill-ddg.openvoiceos,"search_duck.intent","busca a ddg {query}"
ovos-skill-ddg.openvoiceos,"search_duck.intent","busca a de de ge {query}"
ovos-skill-ddg.openvoiceos,"search_duck.intent","busca a duck duck go {query}"
ovos-skill-ddg.openvoiceos,"search_duck.intent","busca a l'ànec {query}"
ovos-skill-ddg.openvoiceos,"search_duck.intent","busca al ddg {query}"
ovos-skill-ddg.openvoiceos,"search_duck.intent","busca al de de ge {query}"
ovos-skill-ddg.openvoiceos,"search_duck.intent","busca al duck duck go {query}"
ovos-skill-ddg.openvoiceos,"search_duck.intent","busca al l'ànec {query}"
ovos-skill-ddg.openvoiceos,"search_duck.intent","cerca a ddg {query}"
ovos-skill-ddg.openvoiceos,"search_duck.intent","cerca a de de ge {query}"
ovos-skill-ddg.openvoiceos,"search_duck.intent","cerca a duck duck go {query}"
ovos-skill-ddg.openvoiceos,"search_duck.intent","cerca a l'ànec {query}"
ovos-skill-ddg.openvoiceos,"search_duck.intent","cerca al ddg {query}"
ovos-skill-ddg.openvoiceos,"search_duck.intent","cerca al de de ge {query}"
ovos-skill-ddg.openvoiceos,"search_duck.intent","cerca al duck duck go {query}"
ovos-skill-ddg.openvoiceos,"search_duck.intent","cerca al l'ànec {query}"
ovos-skill-ddg.openvoiceos,"search_duck.intent","consulta a ddg {query}"
ovos-skill-ddg.openvoiceos,"search_duck.intent","consulta a de de ge {query}"
ovos-skill-ddg.openvoiceos,"search_duck.intent","consulta a duck duck go {query}"
ovos-skill-ddg.openvoiceos,"search_duck.intent","consulta a l'ànec {query}"
ovos-skill-ddg.openvoiceos,"search_duck.intent","consulta al ddg {query}"
ovos-skill-ddg.openvoiceos,"search_duck.intent","consulta al de de ge {query}"
ovos-skill-ddg.openvoiceos,"search_duck.intent","consulta al duck duck go {query}"
ovos-skill-ddg.openvoiceos,"search_duck.intent","consulta al l'ànec {query}"
ovos-skill-ddg.openvoiceos,"search_duck.intent","demana a ddg {query}"
ovos-skill-ddg.openvoiceos,"search_duck.intent","demana a de de ge {query}"
ovos-skill-ddg.openvoiceos,"search_duck.intent","demana a duck duck go {query}"
ovos-skill-ddg.openvoiceos,"search_duck.intent","demana a l'ànec {query}"
ovos-skill-ddg.openvoiceos,"search_duck.intent","demana al ddg {query}"
ovos-skill-ddg.openvoiceos,"search_duck.intent","demana al de de ge {query}"
ovos-skill-ddg.openvoiceos,"search_duck.intent","demana al duck duck go {query}"
ovos-skill-ddg.openvoiceos,"search_duck.intent","demana al l'ànec {query}"
ovos-skill-ddg.openvoiceos,"search_duck.intent","busca a ddg {query}"
ovos-skill-ddg.openvoiceos,"search_duck.intent","busca a de de ge {query}"
ovos-skill-ddg.openvoiceos,"search_duck.intent","busca a duck duck go {query}"
ovos-skill-ddg.openvoiceos,"search_duck.intent","busca a l'ànec {query}"
ovos-skill-ddg.openvoiceos,"search_duck.intent","cerca a ddg {query}"
ovos-skill-ddg.openvoiceos,"search_duck.intent","cerca a de de ge {query}"
ovos-skill-ddg.openvoiceos,"search_duck.intent","cerca a duck duck go {query}"
ovos-skill-ddg.openvoiceos,"search_duck.intent","cerca a l'ànec {query}"
ovos-skill-ddg.openvoiceos,"search_duck.intent","consulta a ddg {query}"
ovos-skill-ddg.openvoiceos,"search_duck.intent","consulta a de de ge {query}"
ovos-skill-ddg.openvoiceos,"search_duck.intent","consulta a duck duck go {query}"
ovos-skill-ddg.openvoiceos,"search_duck.intent","consulta a l'ànec {query}"
ovos-skill-ddg.openvoiceos,"search_duck.intent","demana a ddg {query}"
ovos-skill-ddg.openvoiceos,"search_duck.intent","demana a de de ge {query}"
ovos-skill-ddg.openvoiceos,"search_duck.intent","demana a duck duck go {query}"
ovos-skill-ddg.openvoiceos,"search_duck.intent","demana a l'ànec {query}"
ovos-skill-ddg.openvoiceos,"search_duck.intent","busca {query} a ddg"
ovos-skill-ddg.openvoiceos,"search_duck.intent","busca {query} a de de ge"
ovos-skill-ddg.openvoiceos,"search_duck.intent","busca {query} a duck duck go"
ovos-skill-ddg.openvoiceos,"search_duck.intent","busca {query} a l'ànec"
ovos-skill-ddg.openvoiceos,"search_duck.intent","busca {query} al ddg"
ovos-skill-ddg.openvoiceos,"search_duck.intent","busca {query} al de de ge"
ovos-skill-ddg.openvoiceos,"search_duck.intent","busca {query} al duck duck go"
ovos-skill-ddg.openvoiceos,"search_duck.intent","busca {query} al l'ànec"
ovos-skill-ddg.openvoiceos,"search_duck.intent","cerca {query} a ddg"
ovos-skill-ddg.openvoiceos,"search_duck.intent","cerca {query} a de de ge"
ovos-skill-ddg.openvoiceos,"search_duck.intent","cerca {query} a duck duck go"
ovos-skill-ddg.openvoiceos,"search_duck.intent","cerca {query} a l'ànec"
ovos-skill-ddg.openvoiceos,"search_duck.intent","cerca {query} al ddg"
ovos-skill-ddg.openvoiceos,"search_duck.intent","cerca {query} al de de ge"
ovos-skill-ddg.openvoiceos,"search_duck.intent","cerca {query} al duck duck go"
ovos-skill-ddg.openvoiceos,"search_duck.intent","cerca {query} al l'ànec"
ovos-skill-ddg.openvoiceos,"search_duck.intent","consulta {query} a ddg"
ovos-skill-ddg.openvoiceos,"search_duck.intent","consulta {query} a de de ge"
ovos-skill-ddg.openvoiceos,"search_duck.intent","consulta {query} a duck duck go"
ovos-skill-ddg.openvoiceos,"search_duck.intent","consulta {query} a l'ànec"
ovos-skill-ddg.openvoiceos,"search_duck.intent","consulta {query} al ddg"
ovos-skill-ddg.openvoiceos,"search_duck.intent","consulta {query} al de de ge"
ovos-skill-ddg.openvoiceos,"search_duck.intent","consulta {query} al duck duck go"
ovos-skill-ddg.openvoiceos,"search_duck.intent","consulta {query} al l'ànec"
ovos-skill-ddg.openvoiceos,"search_duck.intent","demana {query} a ddg"
ovos-skill-ddg.openvoiceos,"search_duck.intent","demana {query} a de de ge"
ovos-skill-ddg.openvoiceos,"search_duck.intent","demana {query} a duck duck go"
ovos-skill-ddg.openvoiceos,"search_duck.intent","demana {query} a l'ànec"
ovos-skill-ddg.openvoiceos,"search_duck.intent","demana {query} al ddg"
ovos-skill-ddg.openvoiceos,"search_duck.intent","demana {query} al de de ge"
ovos-skill-ddg.openvoiceos,"search_duck.intent","demana {query} al duck duck go"
ovos-skill-ddg.openvoiceos,"search_duck.intent","demana {query} al l'ànec"
ovos-skill-ddg.openvoiceos,"search_duck.intent","busca {query} a ddg"
ovos-skill-ddg.openvoiceos,"search_duck.intent","busca {query} a de de ge"
ovos-skill-ddg.openvoiceos,"search_duck.intent","busca {query} a duck duck go"
ovos-skill-ddg.openvoiceos,"search_duck.intent","busca {query} a l'ànec"
ovos-skill-ddg.openvoiceos,"search_duck.intent","cerca {query} a ddg"
ovos-skill-ddg.openvoiceos,"search_duck.intent","cerca {query} a de de ge"
ovos-skill-ddg.openvoiceos,"search_duck.intent","cerca {query} a duck duck go"
ovos-skill-ddg.openvoiceos,"search_duck.intent","cerca {query} a l'ànec"
ovos-skill-ddg.openvoiceos,"search_duck.intent","consulta {query} a ddg"
ovos-skill-ddg.openvoiceos,"search_duck.intent","consulta {query} a de de ge"
ovos-skill-ddg.openvoiceos,"search_duck.intent","consulta {query} a duck duck go"
ovos-skill-ddg.openvoiceos,"search_duck.intent","consulta {query} a l'ànec"
ovos-skill-ddg.openvoiceos,"search_duck.intent","demana {query} a ddg"
ovos-skill-ddg.openvoiceos,"search_duck.intent","demana {query} a de de ge"
ovos-skill-ddg.openvoiceos,"search_duck.intent","demana {query} a duck duck go"
ovos-skill-ddg.openvoiceos,"search_duck.intent","demana {query} a l'ànec"
ovos-skill-ddg.openvoiceos,"search_duck.intent","cerca a l'ànec {query}"
ovos-skill-ddg.openvoiceos,"search_duck.intent","què diu  ddg de {query}"
ovos-skill-ddg.openvoiceos,"search_duck.intent","què diu  ddg sobre {query}"
ovos-skill-ddg.openvoiceos,"search_duck.intent","què diu  de de ge de {query}"
ovos-skill-ddg.openvoiceos,"search_duck.intent","què diu  de de ge sobre {query}"
ovos-skill-ddg.openvoiceos,"search_duck.intent","què diu  duck duck go de {query}"
ovos-skill-ddg.openvoiceos,"search_duck.intent","què diu  duck duck go sobre {query}"
ovos-skill-ddg.openvoiceos,"search_duck.intent","què diu  l'ànec de {query}"
ovos-skill-ddg.openvoiceos,"search_duck.intent","què diu  l'ànec sobre {query}"
ovos-skill-ddg.openvoiceos,"search_duck.intent","què diu el ddg de {query}"
ovos-skill-ddg.openvoiceos,"search_duck.intent","què diu el ddg sobre {query}"
ovos-skill-ddg.openvoiceos,"search_duck.intent","què diu el de de ge de {query}"
ovos-skill-ddg.openvoiceos,"search_duck.intent","què diu el de de ge sobre {query}"
ovos-skill-ddg.openvoiceos,"search_duck.intent","què diu el duck duck go de {query}"
ovos-skill-ddg.openvoiceos,"search_duck.intent","què diu el duck duck go sobre {query}"
ovos-skill-ddg.openvoiceos,"search_duck.intent","què diu el l'ànec de {query}"
ovos-skill-ddg.openvoiceos,"search_duck.intent","què diu el l'ànec sobre {query}"
ovos-skill-ddg.openvoiceos,"search_duck.intent","què diu es ddg de {query}"
ovos-skill-ddg.openvoiceos,"search_duck.intent","què diu es ddg sobre {query}"
ovos-skill-ddg.openvoiceos,"search_duck.intent","què diu es de de ge de {query}"
ovos-skill-ddg.openvoiceos,"search_duck.intent","què diu es de de ge sobre {query}"
ovos-skill-ddg.openvoiceos,"search_duck.intent","què diu es duck duck go de {query}"
ovos-skill-ddg.openvoiceos,"search_duck.intent","què diu es duck duck go sobre {query}"
ovos-skill-ddg.openvoiceos,"search_duck.intent","què diu es l'ànec de {query}"
ovos-skill-ddg.openvoiceos,"search_duck.intent","què diu es l'ànec sobre {query}"
ovos-skill-ddg.openvoiceos,"search_duck.intent","què diu l'ànec sobre {query}"
ovos-skill-ddg.openvoiceos,"search_duck.intent","què posa a ddg de {query}"
ovos-skill-ddg.openvoiceos,"search_duck.intent","què posa a ddg sobre {query}"
ovos-skill-ddg.openvoiceos,"search_duck.intent","què posa a de de ge de {query}"
ovos-skill-ddg.openvoiceos,"search_duck.intent","què posa a de de ge sobre {query}"
ovos-skill-ddg.openvoiceos,"search_duck.intent","què posa a duck duck go de {query}"
ovos-skill-ddg.openvoiceos,"search_duck.intent","què posa a duck duck go sobre {query}"
ovos-skill-ddg.openvoiceos,"search_duck.intent","què posa a l'ànec de {query}"
ovos-skill-ddg.openvoiceos,"search_duck.intent","què posa a l'ànec sobre {query}"
ovos-skill-ddg.openvoiceos,"search_duck.intent","què posa al ddg de {query}"
ovos-skill-ddg.openvoiceos,"search_duck.intent","què posa al ddg sobre {query}"
ovos-skill-ddg.openvoiceos,"search_duck.intent","què posa al de de ge de {query}"
ovos-skill-ddg.openvoiceos,"search_duck.intent","què posa al de de ge sobre {query}"
ovos-skill-ddg.openvoiceos,"search_duck.intent","què posa al duck duck go de {query}"
ovos-skill-ddg.openvoiceos,"search_duck.intent","què posa al duck duck go sobre {query}"
ovos-skill-ddg.openvoiceos,"search_duck.intent","què posa al l'ànec de {query}"
ovos-skill-ddg.openvoiceos,"search_duck.intent","què posa al l'ànec sobre {query}"
ovos-skill-ddg.openvoiceos,"age_at_death.intent","quants anys tenia {query} el dia que  morí"
ovos-skill-ddg.openvoiceos,"age_at_death.intent","quants anys tenia {query} el dia que  va morir"
ovos-skill-ddg.openvoiceos,"age_at_death.intent","quants anys tenia {query} el dia que ell morí"
ovos-skill-ddg.openvoiceos,"age_at_death.intent","quants anys tenia {query} el dia que ell va morir"
ovos-skill-ddg.openvoiceos,"age_at_death.intent","quants anys tenia {query} el dia que ella morí"
ovos-skill-ddg.openvoiceos,"age_at_death.intent","quants anys tenia {query} el dia que ella va morir"
ovos-skill-ddg.openvoiceos,"age_at_death.intent","quants anys tenia {query} en morir"
ovos-skill-ddg.openvoiceos,"age_at_death.intent","quants anys tenia {query} quan  morí"
ovos-skill-ddg.openvoiceos,"age_at_death.intent","quants anys tenia {query} quan  va morir"
ovos-skill-ddg.openvoiceos,"age_at_death.intent","quants anys tenia {query} quan ell morí"
ovos-skill-ddg.openvoiceos,"age_at_death.intent","quants anys tenia {query} quan ell va morir"
ovos-skill-ddg.openvoiceos,"age_at_death.intent","quants anys tenia {query} quan ella morí"
ovos-skill-ddg.openvoiceos,"age_at_death.intent","quants anys tenia {query} quan ella va morir"
ovos-skill-ddg.openvoiceos,"children.intent","quants fills te {query}"
ovos-skill-ddg.openvoiceos,"children.intent","quants fills tingué {query}"
ovos-skill-ddg.openvoiceos,"children.intent","quants fills té {query}"
ovos-skill-ddg.openvoiceos,"children.intent","quants fills va tenir {query}"
ovos-skill-ddg.openvoiceos,"who.intent","qui és {query}"
ovos-skill-ddg.openvoiceos,"birthdate.intent","quan és l'aniversari d' {query}"
ovos-skill-ddg.openvoiceos,"birthdate.intent","quan és l'aniversari de {query}"
ovos-skill-ddg.openvoiceos,"birthdate.intent","quin és l'aniversari d' {query}"
ovos-skill-ddg.openvoiceos,"birthdate.intent","quin és l'aniversari de {query}"
ovos-skill-ddg.openvoiceos,"birthdate.intent","quan va nàixer {query}"
ovos-skill-ddg.openvoiceos,"birthdate.intent","quan va néixer {query}"
ovos-skill-ddg.openvoiceos,"birthdate.intent","quina és la data de naixement d' {query}"
ovos-skill-ddg.openvoiceos,"birthdate.intent","quina és la data de naixement de {query}"
ovos-skill-ddg.openvoiceos,"official_website.intent","quin és el lloc web oficial de {query}"
ovos-skill-ddg.openvoiceos,"fields.intent","quin és l'àmbit d'expertesa de {query}"
ovos-skill-ddg.openvoiceos,"known_for.intent","per a què es coneix {query}"
ovos-skill-ddg.openvoiceos,"known_for.intent","per què és famós {query}"
ovos-skill-fuster-quotes.openvoiceos,"fuster_quotes.intent","algun pensament fusterià"
ovos-skill-fuster-quotes.openvoiceos,"fuster_quotes.intent","cita del dia de  Fuster"
ovos-skill-fuster-quotes.openvoiceos,"fuster_quotes.intent","cita del dia de Joan Fuster"
ovos-skill-fuster-quotes.openvoiceos,"fuster_quotes.intent","digues-me alguna cosa fusteriana"
ovos-skill-fuster-quotes.openvoiceos,"fuster_quotes.intent","digue’m un aforisme del Fuster"
ovos-skill-fuster-quotes.openvoiceos,"fuster_quotes.intent","digue’m una cita de  Fuster"
ovos-skill-fuster-quotes.openvoiceos,"fuster_quotes.intent","digue’m una cita de Joan Fuster"
ovos-skill-fuster-quotes.openvoiceos,"fuster_quotes.intent","dóna’m un pensament de  Fuster"
ovos-skill-fuster-quotes.openvoiceos,"fuster_quotes.intent","dóna’m un pensament de Joan Fuster"
ovos-skill-fuster-quotes.openvoiceos,"fuster_quotes.intent","dóna’m una frase del Fuster"
ovos-skill-fuster-quotes.openvoiceos,"fuster_quotes.intent","la frase del Fuster del dia"
ovos-skill-fuster-quotes.openvoiceos,"fuster_quotes.intent","necessito alguna idea fusteriana"
ovos-skill-fuster-quotes.openvoiceos,"fuster_quotes.intent","què diria  Fuster aquí"
ovos-skill-fuster-quotes.openvoiceos,"fuster_quotes.intent","què diria Joan Fuster aquí"
ovos-skill-fuster-quotes.openvoiceos,"fuster_quotes.intent","què diria en Fuster"
ovos-skill-fuster-quotes.openvoiceos,"fuster_quotes.intent","què diu  Fuster"
ovos-skill-fuster-quotes.openvoiceos,"fuster_quotes.intent","què diu Joan Fuster"
ovos-skill-fuster-quotes.openvoiceos,"fuster_quotes.intent","què diu en Fuster"
ovos-skill-fuster-quotes.openvoiceos,"fuster_quotes.intent","què pensen els fusterians"
ovos-skill-fuster-quotes.openvoiceos,"fuster_quotes.intent","tens algun aforisme del Fuster"
ovos-skill-fuster-quotes.openvoiceos,"fuster_quotes.intent","tens alguna frase de  Fuster"
ovos-skill-fuster-quotes.openvoiceos,"fuster_quotes.intent","tens alguna frase de Joan Fuster"
ovos-skill-fuster-quotes.openvoiceos,"fuster_quotes.intent","tens alguna idea fusteriana"
ovos-skill-fuster-quotes.openvoiceos,"fuster_quotes.intent","vull sentir un aforisme fusterià"
ovos-skill-fuster-quotes.openvoiceos,"who.intent","que era  Fuster"
ovos-skill-fuster-quotes.openvoiceos,"who.intent","que era Joan Fuster"
ovos-skill-fuster-quotes.openvoiceos,"who.intent","que fou  Fuster"
ovos-skill-fuster-quotes.openvoiceos,"who.intent","que fou Joan Fuster"
ovos-skill-fuster-quotes.openvoiceos,"who.intent","que va ser  Fuster"
ovos-skill-fuster-quotes.openvoiceos,"who.intent","que va ser Joan Fuster"
ovos-skill-fuster-quotes.openvoiceos,"who.intent","qui és  Fuster"
ovos-skill-fuster-quotes.openvoiceos,"who.intent","qui és Joan Fuster"
ovos-skill-wikihow.openvoiceos,"howto.intent","explica pas a pas  {query}"
ovos-skill-wikihow.openvoiceos,"howto.intent","explica pas a pas com fer {query}"
ovos-skill-wikihow.openvoiceos,"howto.intent","explica pas a pas com {query}"
ovos-skill-wikihow.openvoiceos,"howto.intent","explica pas a passa  {query}"
ovos-skill-wikihow.openvoiceos,"howto.intent","explica pas a passa com fer {query}"
ovos-skill-wikihow.openvoiceos,"howto.intent","explica pas a passa com {query}"
ovos-skill-wikihow.openvoiceos,"howto.intent","explica pas per pas  {query}"
ovos-skill-wikihow.openvoiceos,"howto.intent","explica pas per pas com fer {query}"
ovos-skill-wikihow.openvoiceos,"howto.intent","explica pas per pas com {query}"
ovos-skill-wikihow.openvoiceos,"howto.intent","explica pas per passa  {query}"
ovos-skill-wikihow.openvoiceos,"howto.intent","explica pas per passa com fer {query}"
ovos-skill-wikihow.openvoiceos,"howto.intent","explica pas per passa com {query}"
ovos-skill-wikihow.openvoiceos,"howto.intent","explica passa a pas  {query}"
ovos-skill-wikihow.openvoiceos,"howto.intent","explica passa a pas com fer {query}"
ovos-skill-wikihow.openvoiceos,"howto.intent","explica passa a pas com {query}"
ovos-skill-wikihow.openvoiceos,"howto.intent","explica passa a passa  {query}"
ovos-skill-wikihow.openvoiceos,"howto.intent","explica passa a passa com fer {query}"
ovos-skill-wikihow.openvoiceos,"howto.intent","explica passa a passa com {query}"
ovos-skill-wikihow.openvoiceos,"howto.intent","explica passa per pas  {query}"
ovos-skill-wikihow.openvoiceos,"howto.intent","explica passa per pas com fer {query}"
ovos-skill-wikihow.openvoiceos,"howto.intent","explica passa per pas com {query}"
ovos-skill-wikihow.openvoiceos,"howto.intent","explica passa per passa  {query}"
ovos-skill-wikihow.openvoiceos,"howto.intent","explica passa per passa com fer {query}"
ovos-skill-wikihow.openvoiceos,"howto.intent","explica passa per passa com {query}"
ovos-skill-wikihow.openvoiceos,"howto.intent","explica'm pas a pas  {query}"
ovos-skill-wikihow.openvoiceos,"howto.intent","explica'm pas a pas com fer {query}"
ovos-skill-wikihow.openvoiceos,"howto.intent","explica'm pas a pas com {query}"
ovos-skill-wikihow.openvoiceos,"howto.intent","explica'm pas a passa  {query}"
ovos-skill-wikihow.openvoiceos,"howto.intent","explica'm pas a passa com fer {query}"
ovos-skill-wikihow.openvoiceos,"howto.intent","explica'm pas a passa com {query}"
ovos-skill-wikihow.openvoiceos,"howto.intent","explica'm pas per pas  {query}"
ovos-skill-wikihow.openvoiceos,"howto.intent","explica'm pas per pas com fer {query}"
ovos-skill-wikihow.openvoiceos,"howto.intent","explica'm pas per pas com {query}"
ovos-skill-wikihow.openvoiceos,"howto.intent","explica'm pas per passa  {query}"
ovos-skill-wikihow.openvoiceos,"howto.intent","explica'm pas per passa com fer {query}"
ovos-skill-wikihow.openvoiceos,"howto.intent","explica'm pas per passa com {query}"
ovos-skill-wikihow.openvoiceos,"howto.intent","explica'm passa a pas  {query}"
ovos-skill-wikihow.openvoiceos,"howto.intent","explica'm passa a pas com fer {query}"
ovos-skill-wikihow.openvoiceos,"howto.intent","explica'm passa a pas com {query}"
ovos-skill-wikihow.openvoiceos,"howto.intent","explica'm passa a passa  {query}"
ovos-skill-wikihow.openvoiceos,"howto.intent","explica'm passa a passa com fer {query}"
ovos-skill-wikihow.openvoiceos,"howto.intent","explica'm passa a passa com {query}"
ovos-skill-wikihow.openvoiceos,"howto.intent","explica'm passa per pas  {query}"
ovos-skill-wikihow.openvoiceos,"howto.intent","explica'm passa per pas com fer {query}"
ovos-skill-wikihow.openvoiceos,"howto.intent","explica'm passa per pas com {query}"
ovos-skill-wikihow.openvoiceos,"howto.intent","explica'm passa per passa  {query}"
ovos-skill-wikihow.openvoiceos,"howto.intent","explica'm passa per passa com fer {query}"
ovos-skill-wikihow.openvoiceos,"howto.intent","explica'm passa per passa com {query}"
ovos-skill-wikihow.openvoiceos,"howto.intent","passes per a {query}"
ovos-skill-wikihow.openvoiceos,"howto.intent","passes per {query}"
ovos-skill-wikihow.openvoiceos,"howto.intent","passos per a {query}"
ovos-skill-wikihow.openvoiceos,"howto.intent","passos per {query}"
ovos-skill-wikihow.openvoiceos,"howto.intent","com es pot fer {query}"
ovos-skill-wikihow.openvoiceos,"howto.intent","com es pot {query}"
ovos-skill-wikihow.openvoiceos,"howto.intent","com faig {query}"
ovos-skill-wikihow.openvoiceos,"howto.intent","com es pot {query}"
ovos-skill-wikihow.openvoiceos,"howto.intent","com puc {query}"
ovos-skill-wikihow.openvoiceos,"howto.intent","com {query}"
ovos-skill-wikihow.openvoiceos,"wikihow.intent","busca  wiki how  {query}"
ovos-skill-wikihow.openvoiceos,"wikihow.intent","busca  wiki how com {query}"
ovos-skill-wikihow.openvoiceos,"wikihow.intent","busca  wiki how sobre {query}"
ovos-skill-wikihow.openvoiceos,"wikihow.intent","busca  wikihow  {query}"
ovos-skill-wikihow.openvoiceos,"wikihow.intent","busca  wikihow com {query}"
ovos-skill-wikihow.openvoiceos,"wikihow.intent","busca  wikihow sobre {query}"
ovos-skill-wikihow.openvoiceos,"wikihow.intent","busca a wiki how  {query}"
ovos-skill-wikihow.openvoiceos,"wikihow.intent","busca a wiki how com {query}"
ovos-skill-wikihow.openvoiceos,"wikihow.intent","busca a wiki how sobre {query}"
ovos-skill-wikihow.openvoiceos,"wikihow.intent","busca a wikihow  {query}"
ovos-skill-wikihow.openvoiceos,"wikihow.intent","busca a wikihow com {query}"
ovos-skill-wikihow.openvoiceos,"wikihow.intent","busca a wikihow sobre {query}"
ovos-skill-wikihow.openvoiceos,"wikihow.intent","busca en wiki how  {query}"
ovos-skill-wikihow.openvoiceos,"wikihow.intent","busca en wiki how com {query}"
ovos-skill-wikihow.openvoiceos,"wikihow.intent","busca en wiki how sobre {query}"
ovos-skill-wikihow.openvoiceos,"wikihow.intent","busca en wikihow  {query}"
ovos-skill-wikihow.openvoiceos,"wikihow.intent","busca en wikihow com {query}"
ovos-skill-wikihow.openvoiceos,"wikihow.intent","busca en wikihow sobre {query}"
ovos-skill-wikihow.openvoiceos,"wikihow.intent","cerca  wiki how  {query}"
ovos-skill-wikihow.openvoiceos,"wikihow.intent","cerca  wiki how com {query}"
ovos-skill-wikihow.openvoiceos,"wikihow.intent","cerca  wiki how sobre {query}"
ovos-skill-wikihow.openvoiceos,"wikihow.intent","cerca  wikihow  {query}"
ovos-skill-wikihow.openvoiceos,"wikihow.intent","cerca  wikihow com {query}"
ovos-skill-wikihow.openvoiceos,"wikihow.intent","cerca  wikihow sobre {query}"
ovos-skill-wikihow.openvoiceos,"wikihow.intent","cerca a wiki how  {query}"
ovos-skill-wikihow.openvoiceos,"wikihow.intent","cerca a wiki how com {query}"
ovos-skill-wikihow.openvoiceos,"wikihow.intent","cerca a wiki how sobre {query}"
ovos-skill-wikihow.openvoiceos,"wikihow.intent","cerca a wikihow  {query}"
ovos-skill-wikihow.openvoiceos,"wikihow.intent","cerca a wikihow com {query}"
ovos-skill-wikihow.openvoiceos,"wikihow.intent","cerca a wikihow sobre {query}"
ovos-skill-wikihow.openvoiceos,"wikihow.intent","cerca en wiki how  {query}"
ovos-skill-wikihow.openvoiceos,"wikihow.intent","cerca en wiki how com {query}"
ovos-skill-wikihow.openvoiceos,"wikihow.intent","cerca en wiki how sobre {query}"
ovos-skill-wikihow.openvoiceos,"wikihow.intent","cerca en wikihow  {query}"
ovos-skill-wikihow.openvoiceos,"wikihow.intent","cerca en wikihow com {query}"
ovos-skill-wikihow.openvoiceos,"wikihow.intent","cerca en wikihow sobre {query}"
ovos-skill-wikihow.openvoiceos,"wikihow.intent","què diuwiki how sobre {query}"
ovos-skill-wikihow.openvoiceos,"wikihow.intent","què diuwikihow sobre {query}"
ovos-skill-wikihow.openvoiceos,"wikihow.intent","què indicawiki how sobre {query}"
ovos-skill-wikihow.openvoiceos,"wikihow.intent","què indicawikihow sobre {query}"
ovos-skill-wikihow.openvoiceos,"wikihow.intent","què pensawiki how sobre {query}"
ovos-skill-wikihow.openvoiceos,"wikihow.intent","què pensawikihow sobre {query}"
ovos-skill-wikipedia.openvoiceos,"wiki.intent","busca a la viqui  {query}"
ovos-skill-wikipedia.openvoiceos,"wiki.intent","busca a la viqui qui era {query}"
ovos-skill-wikipedia.openvoiceos,"wiki.intent","busca a la viqui sobre {query}"
ovos-skill-wikipedia.openvoiceos,"wiki.intent","busca a la viquipèdia  {query}"
ovos-skill-wikipedia.openvoiceos,"wiki.intent","busca a la viquipèdia qui era {query}"
ovos-skill-wikipedia.openvoiceos,"wiki.intent","busca a la viquipèdia sobre {query}"
ovos-skill-wikipedia.openvoiceos,"wiki.intent","busca a la wiki  {query}"
ovos-skill-wikipedia.openvoiceos,"wiki.intent","busca a la wiki qui era {query}"
ovos-skill-wikipedia.openvoiceos,"wiki.intent","busca a la wiki sobre {query}"
ovos-skill-wikipedia.openvoiceos,"wiki.intent","busca a la wikipedia  {query}"
ovos-skill-wikipedia.openvoiceos,"wiki.intent","busca a la wikipedia qui era {query}"
ovos-skill-wikipedia.openvoiceos,"wiki.intent","busca a la wikipedia sobre {query}"
ovos-skill-wikipedia.openvoiceos,"wiki.intent","busca viqui  {query}"
ovos-skill-wikipedia.openvoiceos,"wiki.intent","busca viqui qui era {query}"
ovos-skill-wikipedia.openvoiceos,"wiki.intent","busca viqui sobre {query}"
ovos-skill-wikipedia.openvoiceos,"wiki.intent","busca viquipèdia  {query}"
ovos-skill-wikipedia.openvoiceos,"wiki.intent","busca viquipèdia qui era {query}"
ovos-skill-wikipedia.openvoiceos,"wiki.intent","busca viquipèdia sobre {query}"
ovos-skill-wikipedia.openvoiceos,"wiki.intent","busca wiki  {query}"
ovos-skill-wikipedia.openvoiceos,"wiki.intent","busca wiki qui era {query}"
ovos-skill-wikipedia.openvoiceos,"wiki.intent","busca wiki sobre {query}"
ovos-skill-wikipedia.openvoiceos,"wiki.intent","busca wikipedia  {query}"
ovos-skill-wikipedia.openvoiceos,"wiki.intent","busca wikipedia qui era {query}"
ovos-skill-wikipedia.openvoiceos,"wiki.intent","busca wikipedia sobre {query}"
ovos-skill-wikipedia.openvoiceos,"wiki.intent","busca {query} a la viqui"
ovos-skill-wikipedia.openvoiceos,"wiki.intent","busca {query} a la viquipèdia"
ovos-skill-wikipedia.openvoiceos,"wiki.intent","busca {query} a la wiki"
ovos-skill-wikipedia.openvoiceos,"wiki.intent","busca {query} a la wikipedia"
ovos-skill-wikipedia.openvoiceos,"wiki.intent","digue'm qui era {query} a la viqui"
ovos-skill-wikipedia.openvoiceos,"wiki.intent","digue'm qui era {query} a la viquipèdia"
ovos-skill-wikipedia.openvoiceos,"wiki.intent","digue'm qui era {query} a la wiki"
ovos-skill-wikipedia.openvoiceos,"wiki.intent","digue'm qui era {query} a la wikipedia"
ovos-skill-wikipedia.openvoiceos,"wiki.intent","digue'm qui era {query} segons la viqui"
ovos-skill-wikipedia.openvoiceos,"wiki.intent","digue'm qui era {query} segons la viquipèdia"
ovos-skill-wikipedia.openvoiceos,"wiki.intent","digue'm qui era {query} segons la wiki"
ovos-skill-wikipedia.openvoiceos,"wiki.intent","digue'm qui era {query} segons la wikipedia"
ovos-skill-wikipedia.openvoiceos,"wiki.intent","digue'm què en saps de {query} a la viqui"
ovos-skill-wikipedia.openvoiceos,"wiki.intent","digue'm què en saps de {query} a la viquipèdia"
ovos-skill-wikipedia.openvoiceos,"wiki.intent","digue'm què en saps de {query} a la wiki"
ovos-skill-wikipedia.openvoiceos,"wiki.intent","digue'm què en saps de {query} a la wikipedia"
ovos-skill-wikipedia.openvoiceos,"wiki.intent","digue'm què en saps de {query} segons la viqui"
ovos-skill-wikipedia.openvoiceos,"wiki.intent","digue'm què en saps de {query} segons la viquipèdia"
ovos-skill-wikipedia.openvoiceos,"wiki.intent","digue'm què en saps de {query} segons la wiki"
ovos-skill-wikipedia.openvoiceos,"wiki.intent","digue'm què en saps de {query} segons la wikipedia"
ovos-skill-wikipedia.openvoiceos,"wiki.intent","digue'm què és {query} a la viqui"
ovos-skill-wikipedia.openvoiceos,"wiki.intent","digue'm què és {query} a la viquipèdia"
ovos-skill-wikipedia.openvoiceos,"wiki.intent","digue'm què és {query} a la wiki"
ovos-skill-wikipedia.openvoiceos,"wiki.intent","digue'm què és {query} a la wikipedia"
ovos-skill-wikipedia.openvoiceos,"wiki.intent","digue'm què és {query} segons la viqui"
ovos-skill-wikipedia.openvoiceos,"wiki.intent","digue'm què és {query} segons la viquipèdia"
ovos-skill-wikipedia.openvoiceos,"wiki.intent","digue'm què és {query} segons la wiki"
ovos-skill-wikipedia.openvoiceos,"wiki.intent","digue'm què és {query} segons la wikipedia"
ovos-skill-wikipedia.openvoiceos,"wiki.intent","explica sobre {query} a la viqui"
ovos-skill-wikipedia.openvoiceos,"wiki.intent","explica sobre {query} a la viquipèdia"
ovos-skill-wikipedia.openvoiceos,"wiki.intent","explica sobre {query} a la wiki"
ovos-skill-wikipedia.openvoiceos,"wiki.intent","explica sobre {query} a la wikipedia"
ovos-skill-wikipedia.openvoiceos,"wiki.intent","explica sobre {query} a viqui"
ovos-skill-wikipedia.openvoiceos,"wiki.intent","explica sobre {query} a viquipèdia"
ovos-skill-wikipedia.openvoiceos,"wiki.intent","explica sobre {query} a wiki"
ovos-skill-wikipedia.openvoiceos,"wiki.intent","explica sobre {query} a wikipedia"
ovos-skill-wikipedia.openvoiceos,"wiki.intent","explica'm sobre {query} a la viqui"
ovos-skill-wikipedia.openvoiceos,"wiki.intent","explica'm sobre {query} a la viquipèdia"
ovos-skill-wikipedia.openvoiceos,"wiki.intent","explica'm sobre {query} a la wiki"
ovos-skill-wikipedia.openvoiceos,"wiki.intent","explica'm sobre {query} a la wikipedia"
ovos-skill-wikipedia.openvoiceos,"wiki.intent","explica'm sobre {query} a viqui"
ovos-skill-wikipedia.openvoiceos,"wiki.intent","explica'm sobre {query} a viquipèdia"
ovos-skill-wikipedia.openvoiceos,"wiki.intent","explica'm sobre {query} a wiki"
ovos-skill-wikipedia.openvoiceos,"wiki.intent","explica'm sobre {query} a wikipedia"
ovos-skill-wikipedia.openvoiceos,"wiki.intent","explicans sobre {query} a la viqui"
ovos-skill-wikipedia.openvoiceos,"wiki.intent","explicans sobre {query} a la viquipèdia"
ovos-skill-wikipedia.openvoiceos,"wiki.intent","explicans sobre {query} a la wiki"
ovos-skill-wikipedia.openvoiceos,"wiki.intent","explicans sobre {query} a la wikipedia"
ovos-skill-wikipedia.openvoiceos,"wiki.intent","explicans sobre {query} a viqui"
ovos-skill-wikipedia.openvoiceos,"wiki.intent","explicans sobre {query} a viquipèdia"
ovos-skill-wikipedia.openvoiceos,"wiki.intent","explicans sobre {query} a wiki"
ovos-skill-wikipedia.openvoiceos,"wiki.intent","explicans sobre {query} a wikipedia"
ovos-skill-wikipedia.openvoiceos,"wiki.intent","fes una cerca sobre {query} a la viqui"
ovos-skill-wikipedia.openvoiceos,"wiki.intent","fes una cerca sobre {query} a la viquipèdia"
ovos-skill-wikipedia.openvoiceos,"wiki.intent","fes una cerca sobre {query} a la wiki"
ovos-skill-wikipedia.openvoiceos,"wiki.intent","fes una cerca sobre {query} a la wikipedia"
ovos-skill-wikipedia.openvoiceos,"wiki.intent","informa'm sobre {query} a la viqui"
ovos-skill-wikipedia.openvoiceos,"wiki.intent","informa'm sobre {query} a la viquipèdia"
ovos-skill-wikipedia.openvoiceos,"wiki.intent","informa'm sobre {query} a la wiki"
ovos-skill-wikipedia.openvoiceos,"wiki.intent","informa'm sobre {query} a la wikipedia"
ovos-skill-wikipedia.openvoiceos,"wiki.intent","què diu la viqui  {query}"
ovos-skill-wikipedia.openvoiceos,"wiki.intent","què diu la viqui de {query}"
ovos-skill-wikipedia.openvoiceos,"wiki.intent","què diu la viqui qui era {query}"
ovos-skill-wikipedia.openvoiceos,"wiki.intent","què diu la viqui sobre {query}"
ovos-skill-wikipedia.openvoiceos,"wiki.intent","què diu la viquipèdia  {query}"
ovos-skill-wikipedia.openvoiceos,"wiki.intent","què diu la viquipèdia de {query}"
ovos-skill-wikipedia.openvoiceos,"wiki.intent","què diu la viquipèdia qui era {query}"
ovos-skill-wikipedia.openvoiceos,"wiki.intent","què diu la viquipèdia sobre {query}"
ovos-skill-wikipedia.openvoiceos,"wiki.intent","què diu la wiki  {query}"
ovos-skill-wikipedia.openvoiceos,"wiki.intent","què diu la wiki de {query}"
ovos-skill-wikipedia.openvoiceos,"wiki.intent","què diu la wiki qui era {query}"
ovos-skill-wikipedia.openvoiceos,"wiki.intent","què diu la wiki sobre {query}"
ovos-skill-wikipedia.openvoiceos,"wiki.intent","què diu la wikipedia  {query}"
ovos-skill-wikipedia.openvoiceos,"wiki.intent","què diu la wikipedia de {query}"
ovos-skill-wikipedia.openvoiceos,"wiki.intent","què diu la wikipedia qui era {query}"
ovos-skill-wikipedia.openvoiceos,"wiki.intent","què diu la wikipedia sobre {query}"
ovos-skill-wikipedia.openvoiceos,"wiki.intent","què es sap de {query} a la viqui"
ovos-skill-wikipedia.openvoiceos,"wiki.intent","què es sap de {query} a la viquipèdia"
ovos-skill-wikipedia.openvoiceos,"wiki.intent","què es sap de {query} a la wiki"
ovos-skill-wikipedia.openvoiceos,"wiki.intent","què es sap de {query} a la wikipedia"
ovos-skill-wikipedia.openvoiceos,"wiki.intent","què es sap de {query} a sa viqui"
ovos-skill-wikipedia.openvoiceos,"wiki.intent","què es sap de {query} a sa viquipèdia"
ovos-skill-wikipedia.openvoiceos,"wiki.intent","què es sap de {query} a sa wiki"
ovos-skill-wikipedia.openvoiceos,"wiki.intent","què es sap de {query} a sa wikipedia"
ovos-skill-wikipedia.openvoiceos,"wiki.intent","què es sap sobre {query} a la viqui"
ovos-skill-wikipedia.openvoiceos,"wiki.intent","què es sap sobre {query} a la viquipèdia"
ovos-skill-wikipedia.openvoiceos,"wiki.intent","què es sap sobre {query} a la wiki"
ovos-skill-wikipedia.openvoiceos,"wiki.intent","què es sap sobre {query} a la wikipedia"
ovos-skill-wikipedia.openvoiceos,"wiki.intent","què es sap sobre {query} a sa viqui"
ovos-skill-wikipedia.openvoiceos,"wiki.intent","què es sap sobre {query} a sa viquipèdia"
ovos-skill-wikipedia.openvoiceos,"wiki.intent","què es sap sobre {query} a sa wiki"
ovos-skill-wikipedia.openvoiceos,"wiki.intent","què es sap sobre {query} a sa wikipedia"
ovos-skill-wikipedia.openvoiceos,"wiki.intent","què hi ha a la viqui sobre {query}"
ovos-skill-wikipedia.openvoiceos,"wiki.intent","què hi ha a la viquipèdia sobre {query}"
ovos-skill-wikipedia.openvoiceos,"wiki.intent","què hi ha a la wiki sobre {query}"
ovos-skill-wikipedia.openvoiceos,"wiki.intent","què hi ha a la wikipedia sobre {query}"
ovos-skill-wikipedia.openvoiceos,"wiki.intent","què posa a la viqui de {query}"
ovos-skill-wikipedia.openvoiceos,"wiki.intent","què posa a la viquipèdia de {query}"
ovos-skill-wikipedia.openvoiceos,"wiki.intent","què posa a la wiki de {query}"
ovos-skill-wikipedia.openvoiceos,"wiki.intent","què posa a la wikipedia de {query}"
ovos-skill-wikipedia.openvoiceos,"wiki.intent","què se sap de {query} a la viqui"
ovos-skill-wikipedia.openvoiceos,"wiki.intent","què se sap de {query} a la viquipèdia"
ovos-skill-wikipedia.openvoiceos,"wiki.intent","què se sap de {query} a la wiki"
ovos-skill-wikipedia.openvoiceos,"wiki.intent","què se sap de {query} a la wikipedia"
ovos-skill-wikipedia.openvoiceos,"wiki.intent","què se sap de {query} a sa viqui"
ovos-skill-wikipedia.openvoiceos,"wiki.intent","què se sap de {query} a sa viquipèdia"
ovos-skill-wikipedia.openvoiceos,"wiki.intent","què se sap de {query} a sa wiki"
ovos-skill-wikipedia.openvoiceos,"wiki.intent","què se sap de {query} a sa wikipedia"
ovos-skill-wikipedia.openvoiceos,"wiki.intent","què se sap sobre {query} a la viqui"
ovos-skill-wikipedia.openvoiceos,"wiki.intent","què se sap sobre {query} a la viquipèdia"
ovos-skill-wikipedia.openvoiceos,"wiki.intent","què se sap sobre {query} a la wiki"
ovos-skill-wikipedia.openvoiceos,"wiki.intent","què se sap sobre {query} a la wikipedia"
ovos-skill-wikipedia.openvoiceos,"wiki.intent","què se sap sobre {query} a sa viqui"
ovos-skill-wikipedia.openvoiceos,"wiki.intent","què se sap sobre {query} a sa viquipèdia"
ovos-skill-wikipedia.openvoiceos,"wiki.intent","què se sap sobre {query} a sa wiki"
ovos-skill-wikipedia.openvoiceos,"wiki.intent","què se sap sobre {query} a sa wikipedia"
ovos-skill-wikipedia.openvoiceos,"wiki.intent","què és {query} a la viqui"
ovos-skill-wikipedia.openvoiceos,"wiki.intent","què és {query} a la viquipèdia"
ovos-skill-wikipedia.openvoiceos,"wiki.intent","què és {query} a la wiki"
ovos-skill-wikipedia.openvoiceos,"wiki.intent","què és {query} a la wikipedia"
ovos-skill-wikipedia.openvoiceos,"wiki.intent","què és {query} segons la viqui"
ovos-skill-wikipedia.openvoiceos,"wiki.intent","què és {query} segons la viquipèdia"
ovos-skill-wikipedia.openvoiceos,"wiki.intent","què és {query} segons la wiki"
ovos-skill-wikipedia.openvoiceos,"wiki.intent","què és {query} segons la wikipedia"
ovos-skill-wikipedia.openvoiceos,"wiki.intent","troba informació sobre {query} a la viqui"
ovos-skill-wikipedia.openvoiceos,"wiki.intent","troba informació sobre {query} a la viquipèdia"
ovos-skill-wikipedia.openvoiceos,"wiki.intent","troba informació sobre {query} a la wiki"
ovos-skill-wikipedia.openvoiceos,"wiki.intent","troba informació sobre {query} a la wikipedia"
ovos-skill-wikipedia.openvoiceos,"wiki.intent","troba informació sobre {query} a viqui"
ovos-skill-wikipedia.openvoiceos,"wiki.intent","troba informació sobre {query} a viquipèdia"
ovos-skill-wikipedia.openvoiceos,"wiki.intent","troba informació sobre {query} a wiki"
ovos-skill-wikipedia.openvoiceos,"wiki.intent","troba informació sobre {query} a wikipedia"
ovos-skill-wikipedia.openvoiceos,"wiki.intent","viqui  {query}"
ovos-skill-wikipedia.openvoiceos,"wiki.intent","viqui qui era {query}"
ovos-skill-wikipedia.openvoiceos,"wiki.intent","viqui sobre {query}"
ovos-skill-wikipedia.openvoiceos,"wiki.intent","viquipèdia  {query}"
ovos-skill-wikipedia.openvoiceos,"wiki.intent","viquipèdia qui era {query}"
ovos-skill-wikipedia.openvoiceos,"wiki.intent","viquipèdia sobre {query}"
ovos-skill-wikipedia.openvoiceos,"wiki.intent","wiki  {query}"
ovos-skill-wikipedia.openvoiceos,"wiki.intent","wiki qui era {query}"
ovos-skill-wikipedia.openvoiceos,"wiki.intent","wiki sobre {query}"
ovos-skill-wikipedia.openvoiceos,"wiki.intent","wikipedia  {query}"
ovos-skill-wikipedia.openvoiceos,"wiki.intent","wikipedia qui era {query}"
ovos-skill-wikipedia.openvoiceos,"wiki.intent","wikipedia sobre {query}"
ovos-skill-wikipedia.openvoiceos,"wikiroulette.intent","article a l'atzar de la viqui"
ovos-skill-wikipedia.openvoiceos,"wikiroulette.intent","article a l'atzar de la viquipèdia"
ovos-skill-wikipedia.openvoiceos,"wikiroulette.intent","article a l'atzar de la wiki"
ovos-skill-wikipedia.openvoiceos,"wikiroulette.intent","article a l'atzar de la wikipedia"
ovos-skill-wikipedia.openvoiceos,"wikiroulette.intent","article aleatori de la viqui"
ovos-skill-wikipedia.openvoiceos,"wikiroulette.intent","article aleatori de la viquipèdia"
ovos-skill-wikipedia.openvoiceos,"wikiroulette.intent","article aleatori de la wiki"
ovos-skill-wikipedia.openvoiceos,"wikiroulette.intent","article aleatori de la wikipedia"
ovos-skill-wikipedia.openvoiceos,"wikiroulette.intent","article aleatòria de la viqui"
ovos-skill-wikipedia.openvoiceos,"wikiroulette.intent","article aleatòria de la viquipèdia"
ovos-skill-wikipedia.openvoiceos,"wikiroulette.intent","article aleatòria de la wiki"
ovos-skill-wikipedia.openvoiceos,"wikiroulette.intent","article aleatòria de la wikipedia"
ovos-skill-wikipedia.openvoiceos,"wikiroulette.intent","article viqui a l'atzar"
ovos-skill-wikipedia.openvoiceos,"wikiroulette.intent","article viqui aleatori"
ovos-skill-wikipedia.openvoiceos,"wikiroulette.intent","article viqui aleatòria"
ovos-skill-wikipedia.openvoiceos,"wikiroulette.intent","article viquipèdia a l'atzar"
ovos-skill-wikipedia.openvoiceos,"wikiroulette.intent","article viquipèdia aleatori"
ovos-skill-wikipedia.openvoiceos,"wikiroulette.intent","article viquipèdia aleatòria"
ovos-skill-wikipedia.openvoiceos,"wikiroulette.intent","article wiki a l'atzar"
ovos-skill-wikipedia.openvoiceos,"wikiroulette.intent","article wiki aleatori"
ovos-skill-wikipedia.openvoiceos,"wikiroulette.intent","article wiki aleatòria"
ovos-skill-wikipedia.openvoiceos,"wikiroulette.intent","article wikipedia a l'atzar"
ovos-skill-wikipedia.openvoiceos,"wikiroulette.intent","article wikipedia aleatori"
ovos-skill-wikipedia.openvoiceos,"wikiroulette.intent","article wikipedia aleatòria"
ovos-skill-wikipedia.openvoiceos,"wikiroulette.intent","juga a la wiki roda"
ovos-skill-wikipedia.openvoiceos,"wikiroulette.intent","juga a la wiki ruleta"
ovos-skill-wikipedia.openvoiceos,"wikiroulette.intent","juga a la wikipedia roda"
ovos-skill-wikipedia.openvoiceos,"wikiroulette.intent","juga a la wikipedia ruleta"
ovos-skill-wikipedia.openvoiceos,"wikiroulette.intent","jugar a la wiki roda"
ovos-skill-wikipedia.openvoiceos,"wikiroulette.intent","jugar a la wiki ruleta"
ovos-skill-wikipedia.openvoiceos,"wikiroulette.intent","jugar a la wikipedia roda"
ovos-skill-wikipedia.openvoiceos,"wikiroulette.intent","jugar a la wikipedia ruleta"
ovos-skill-wikipedia.openvoiceos,"wikiroulette.intent","juguem a la wiki roda"
ovos-skill-wikipedia.openvoiceos,"wikiroulette.intent","juguem a la wiki ruleta"
ovos-skill-wikipedia.openvoiceos,"wikiroulette.intent","juguem a la wikipedia roda"
ovos-skill-wikipedia.openvoiceos,"wikiroulette.intent","juguem a la wikipedia ruleta"
ovos-skill-wikipedia.openvoiceos,"wikiroulette.intent","pàgina a l'atzar de la viqui"
ovos-skill-wikipedia.openvoiceos,"wikiroulette.intent","pàgina a l'atzar de la viquipèdia"
ovos-skill-wikipedia.openvoiceos,"wikiroulette.intent","pàgina a l'atzar de la wiki"
ovos-skill-wikipedia.openvoiceos,"wikiroulette.intent","pàgina a l'atzar de la wikipedia"
ovos-skill-wikipedia.openvoiceos,"wikiroulette.intent","pàgina aleatori de la viqui"
ovos-skill-wikipedia.openvoiceos,"wikiroulette.intent","pàgina aleatori de la viquipèdia"
ovos-skill-wikipedia.openvoiceos,"wikiroulette.intent","pàgina aleatori de la wiki"
ovos-skill-wikipedia.openvoiceos,"wikiroulette.intent","pàgina aleatori de la wikipedia"
ovos-skill-wikipedia.openvoiceos,"wikiroulette.intent","pàgina aleatòria de la viqui"
ovos-skill-wikipedia.openvoiceos,"wikiroulette.intent","pàgina aleatòria de la viquipèdia"
ovos-skill-wikipedia.openvoiceos,"wikiroulette.intent","pàgina aleatòria de la wiki"
ovos-skill-wikipedia.openvoiceos,"wikiroulette.intent","pàgina aleatòria de la wikipedia"
ovos-skill-wikipedia.openvoiceos,"wikiroulette.intent","pàgina viqui a l'atzar"
ovos-skill-wikipedia.openvoiceos,"wikiroulette.intent","pàgina viqui aleatori"
ovos-skill-wikipedia.openvoiceos,"wikiroulette.intent","pàgina viqui aleatòria"
ovos-skill-wikipedia.openvoiceos,"wikiroulette.intent","pàgina viquipèdia a l'atzar"
ovos-skill-wikipedia.openvoiceos,"wikiroulette.intent","pàgina viquipèdia aleatori"
ovos-skill-wikipedia.openvoiceos,"wikiroulette.intent","pàgina viquipèdia aleatòria"
ovos-skill-wikipedia.openvoiceos,"wikiroulette.intent","pàgina wiki a l'atzar"
ovos-skill-wikipedia.openvoiceos,"wikiroulette.intent","pàgina wiki aleatori"
ovos-skill-wikipedia.openvoiceos,"wikiroulette.intent","pàgina wiki aleatòria"
ovos-skill-wikipedia.openvoiceos,"wikiroulette.intent","pàgina wikipedia a l'atzar"
ovos-skill-wikipedia.openvoiceos,"wikiroulette.intent","pàgina wikipedia aleatori"
ovos-skill-wikipedia.openvoiceos,"wikiroulette.intent","pàgina wikipedia aleatòria"
ovos-skill-wikipedia.openvoiceos,"wikiroulette.intent","roda viqui"
ovos-skill-wikipedia.openvoiceos,"wikiroulette.intent","roda viquipèdia"
ovos-skill-wikipedia.openvoiceos,"wikiroulette.intent","roda wiki"
ovos-skill-wikipedia.openvoiceos,"wikiroulette.intent","roda wikipedia"
ovos-skill-wikipedia.openvoiceos,"wikiroulette.intent","ruleta viqui"
ovos-skill-wikipedia.openvoiceos,"wikiroulette.intent","ruleta viquipèdia"
ovos-skill-wikipedia.openvoiceos,"wikiroulette.intent","ruleta wiki"
ovos-skill-wikipedia.openvoiceos,"wikiroulette.intent","ruleta wikipedia"
ovos-skill-wikipedia.openvoiceos,"wikiroulette.intent","viqui roda"
ovos-skill-wikipedia.openvoiceos,"wikiroulette.intent","viqui ruleta"
ovos-skill-wikipedia.openvoiceos,"wikiroulette.intent","viquipèdia roda"
ovos-skill-wikipedia.openvoiceos,"wikiroulette.intent","viquipèdia ruleta"
ovos-skill-wikipedia.openvoiceos,"wikiroulette.intent","wiki roda"
ovos-skill-wikipedia.openvoiceos,"wikiroulette.intent","wiki ruleta"
ovos-skill-wikipedia.openvoiceos,"wikiroulette.intent","wikipedia roda"
ovos-skill-wikipedia.openvoiceos,"wikiroulette.intent","wikipedia ruleta"
ovos-skill-wolfie.openvoiceos,"search_wolfie.intent","busca a wolfram  {query}"
ovos-skill-wolfie.openvoiceos,"search_wolfie.intent","busca a wolfram sobre {query}"
ovos-skill-wolfie.openvoiceos,"search_wolfie.intent","cerca a wolfram  {query}"
ovos-skill-wolfie.openvoiceos,"search_wolfie.intent","cerca a wolfram sobre {query}"
ovos-skill-wolfie.openvoiceos,"search_wolfie.intent","busca a wolfram alfa  {query}"
ovos-skill-wolfie.openvoiceos,"search_wolfie.intent","busca a wolfram alfa sobre {query}"
ovos-skill-wolfie.openvoiceos,"search_wolfie.intent","cerca a wolfram alfa  {query}"
ovos-skill-wolfie.openvoiceos,"search_wolfie.intent","cerca a wolfram alfa sobre {query}"
ovos-skill-wolfie.openvoiceos,"search_wolfie.intent","busca al llop  {query}"
ovos-skill-wolfie.openvoiceos,"search_wolfie.intent","busca al llop sobre {query}"
ovos-skill-wolfie.openvoiceos,"search_wolfie.intent","cerca al llop  {query}"
ovos-skill-wolfie.openvoiceos,"search_wolfie.intent","cerca al llop sobre {query}"
ovos-skill-wolfie.openvoiceos,"search_wolfie.intent","demana a wolfram   {query}"
ovos-skill-wolfie.openvoiceos,"search_wolfie.intent","demana a wolfram  sobre {query}"
ovos-skill-wolfie.openvoiceos,"search_wolfie.intent","pregunta a wolfram   {query}"
ovos-skill-wolfie.openvoiceos,"search_wolfie.intent","pregunta a wolfram  sobre {query}"
ovos-skill-wolfie.openvoiceos,"search_wolfie.intent","demana a wolfram alfa  {query}"
ovos-skill-wolfie.openvoiceos,"search_wolfie.intent","demana a wolfram alfa sobre {query}"
ovos-skill-wolfie.openvoiceos,"search_wolfie.intent","pregunta a wolfram alfa  {query}"
ovos-skill-wolfie.openvoiceos,"search_wolfie.intent","pregunta a wolfram alfa sobre {query}"
ovos-skill-wolfie.openvoiceos,"search_wolfie.intent","demana al llop  {query}"
ovos-skill-wolfie.openvoiceos,"search_wolfie.intent","demana al llop sobre {query}"
ovos-skill-wolfie.openvoiceos,"search_wolfie.intent","pregunta al llop  {query}"
ovos-skill-wolfie.openvoiceos,"search_wolfie.intent","pregunta al llop sobre {query}"
ovos-skill-wolfie.openvoiceos,"search_wolfie.intent","què diu el llop de {query}"
ovos-skill-wolfie.openvoiceos,"search_wolfie.intent","què diu el llop sobre {query}"
ovos-skill-wolfie.openvoiceos,"search_wolfie.intent","què diu es llop de {query}"
ovos-skill-wolfie.openvoiceos,"search_wolfie.intent","què diu es llop sobre {query}"
ovos-skill-wolfie.openvoiceos,"search_wolfie.intent","què explica el llop de {query}"
ovos-skill-wolfie.openvoiceos,"search_wolfie.intent","què explica el llop sobre {query}"
ovos-skill-wolfie.openvoiceos,"search_wolfie.intent","què explica es llop de {query}"
ovos-skill-wolfie.openvoiceos,"search_wolfie.intent","què explica es llop sobre {query}"
ovos-skill-wolfie.openvoiceos,"search_wolfie.intent","què diu wolfram  de {query}"
ovos-skill-wolfie.openvoiceos,"search_wolfie.intent","què diu wolfram  sobre {query}"
ovos-skill-wolfie.openvoiceos,"search_wolfie.intent","què explica wolfram  de {query}"
ovos-skill-wolfie.openvoiceos,"search_wolfie.intent","què explica wolfram  sobre {query}"
ovos-skill-wolfie.openvoiceos,"search_wolfie.intent","què diu wolfram alfa de {query}"
ovos-skill-wolfie.openvoiceos,"search_wolfie.intent","què diu wolfram alfa sobre {query}"
ovos-skill-wolfie.openvoiceos,"search_wolfie.intent","què explica wolfram alfa de {query}"
ovos-skill-wolfie.openvoiceos,"search_wolfie.intent","què explica wolfram alfa sobre {query}"
ovos-skill-wordnet.openvoiceos,"definition.intent","quina és la definició d' {query}"
ovos-skill-wordnet.openvoiceos,"definition.intent","quina és la definició de {query}"
ovos-skill-wordnet.openvoiceos,"definition.intent","quina és sa definició d' {query}"
ovos-skill-wordnet.openvoiceos,"definition.intent","quina és sa definició de {query}"
ovos-skill-wordnet.openvoiceos,"definition.intent","què és {query}"
ovos-skill-wordnet.openvoiceos,"holonym.intent","digue'm holònim de {query}"
ovos-skill-wordnet.openvoiceos,"holonym.intent","digue'm l'holònim de {query}"
ovos-skill-wordnet.openvoiceos,"holonym.intent","digue'm s'holònim de {query}"
ovos-skill-wordnet.openvoiceos,"holonym.intent","digues holònim de {query}"
ovos-skill-wordnet.openvoiceos,"holonym.intent","digues l'holònim de {query}"
ovos-skill-wordnet.openvoiceos,"holonym.intent","digues s'holònim de {query}"
ovos-skill-wordnet.openvoiceos,"holonym.intent","digues-me holònim de {query}"
ovos-skill-wordnet.openvoiceos,"holonym.intent","digues-me l'holònim de {query}"
ovos-skill-wordnet.openvoiceos,"holonym.intent","digues-me s'holònim de {query}"
ovos-skill-wordnet.openvoiceos,"holonym.intent","dona holònim de {query}"
ovos-skill-wordnet.openvoiceos,"holonym.intent","dona l'holònim de {query}"
ovos-skill-wordnet.openvoiceos,"holonym.intent","dona s'holònim de {query}"
ovos-skill-wordnet.openvoiceos,"holonym.intent","dona'm holònim de {query}"
ovos-skill-wordnet.openvoiceos,"holonym.intent","dona'm l'holònim de {query}"
ovos-skill-wordnet.openvoiceos,"holonym.intent","dona'm s'holònim de {query}"
ovos-skill-wordnet.openvoiceos,"holonym.intent","dóna holònim de {query}"
ovos-skill-wordnet.openvoiceos,"holonym.intent","dóna l'holònim de {query}"
ovos-skill-wordnet.openvoiceos,"holonym.intent","dóna s'holònim de {query}"
ovos-skill-wordnet.openvoiceos,"holonym.intent","dóna'm holònim de {query}"
ovos-skill-wordnet.openvoiceos,"holonym.intent","dóna'm l'holònim de {query}"
ovos-skill-wordnet.openvoiceos,"holonym.intent","dóna'm s'holònim de {query}"
ovos-skill-wordnet.openvoiceos,"holonym.intent","indica holònim de {query}"
ovos-skill-wordnet.openvoiceos,"holonym.intent","indica l'holònim de {query}"
ovos-skill-wordnet.openvoiceos,"holonym.intent","indica s'holònim de {query}"
ovos-skill-wordnet.openvoiceos,"holonym.intent","indica'm holònim de {query}"
ovos-skill-wordnet.openvoiceos,"holonym.intent","indica'm l'holònim de {query}"
ovos-skill-wordnet.openvoiceos,"holonym.intent","indica'm s'holònim de {query}"
ovos-skill-wordnet.openvoiceos,"holonym.intent","quin és holònim de {query}"
ovos-skill-wordnet.openvoiceos,"holonym.intent","quin és l'holònim de {query}"
ovos-skill-wordnet.openvoiceos,"holonym.intent","quin és s'holònim de {query}"
ovos-skill-wordnet.openvoiceos,"holonym.intent","vull saber holònim de {query}"
ovos-skill-wordnet.openvoiceos,"holonym.intent","vull saber l'holònim de {query}"
ovos-skill-wordnet.openvoiceos,"holonym.intent","vull saber s'holònim de {query}"
ovos-skill-wordnet.openvoiceos,"holonym.intent","digue'm els holònims de {query}"
ovos-skill-wordnet.openvoiceos,"holonym.intent","digues els holònims de {query}"
ovos-skill-wordnet.openvoiceos,"holonym.intent","digues-me els holònims de {query}"
ovos-skill-wordnet.openvoiceos,"holonym.intent","dona els holònims de {query}"
ovos-skill-wordnet.openvoiceos,"holonym.intent","dona'm els holònims de {query}"
ovos-skill-wordnet.openvoiceos,"holonym.intent","dóna els holònims de {query}"
ovos-skill-wordnet.openvoiceos,"holonym.intent","dóna'm els holònims de {query}"
ovos-skill-wordnet.openvoiceos,"holonym.intent","indica els holònims de {query}"
ovos-skill-wordnet.openvoiceos,"holonym.intent","indica'm els holònims de {query}"
ovos-skill-wordnet.openvoiceos,"holonym.intent","quins són els holònims de {query}"
ovos-skill-wordnet.openvoiceos,"holonym.intent","vull saber els holònims de {query}"
ovos-skill-wordnet.openvoiceos,"holonym.intent","digue'm un holònim de {query}"
ovos-skill-wordnet.openvoiceos,"holonym.intent","digues un holònim de {query}"
ovos-skill-wordnet.openvoiceos,"holonym.intent","digues-me un holònim de {query}"
ovos-skill-wordnet.openvoiceos,"holonym.intent","dona un holònim de {query}"
ovos-skill-wordnet.openvoiceos,"holonym.intent","dona'm un holònim de {query}"
ovos-skill-wordnet.openvoiceos,"holonym.intent","dóna un holònim de {query}"
ovos-skill-wordnet.openvoiceos,"holonym.intent","dóna'm un holònim de {query}"
ovos-skill-wordnet.openvoiceos,"holonym.intent","indica un holònim de {query}"
ovos-skill-wordnet.openvoiceos,"holonym.intent","indica'm un holònim de {query}"
ovos-skill-wordnet.openvoiceos,"holonym.intent","què és un holònim de {query}"
ovos-skill-wordnet.openvoiceos,"holonym.intent","vull saber un holònim de {query}"
ovos-skill-wordnet.openvoiceos,"hyponym.intent","digue'm els hipònims de {query}"
ovos-skill-wordnet.openvoiceos,"hyponym.intent","digue'm els termes més especialitzats de {query}"
ovos-skill-wordnet.openvoiceos,"hyponym.intent","digue'm els termes més específics de {query}"
ovos-skill-wordnet.openvoiceos,"hyponym.intent","digue'm es hipònims de {query}"
ovos-skill-wordnet.openvoiceos,"hyponym.intent","digue'm es termes més especialitzats de {query}"
ovos-skill-wordnet.openvoiceos,"hyponym.intent","digue'm es termes més específics de {query}"
ovos-skill-wordnet.openvoiceos,"hyponym.intent","digue'm l'hipònims de {query}"
ovos-skill-wordnet.openvoiceos,"hyponym.intent","digue'm l'termes més especialitzats de {query}"
ovos-skill-wordnet.openvoiceos,"hyponym.intent","digue'm l'termes més específics de {query}"
ovos-skill-wordnet.openvoiceos,"hyponym.intent","digue'm s'hipònims de {query}"
ovos-skill-wordnet.openvoiceos,"hyponym.intent","digue'm s'termes més especialitzats de {query}"
ovos-skill-wordnet.openvoiceos,"hyponym.intent","digue'm s'termes més específics de {query}"
ovos-skill-wordnet.openvoiceos,"hyponym.intent","digues els hipònims de {query}"
ovos-skill-wordnet.openvoiceos,"hyponym.intent","digues els termes més especialitzats de {query}"
ovos-skill-wordnet.openvoiceos,"hyponym.intent","digues els termes més específics de {query}"
ovos-skill-wordnet.openvoiceos,"hyponym.intent","digues es hipònims de {query}"
ovos-skill-wordnet.openvoiceos,"hyponym.intent","digues es termes més especialitzats de {query}"
ovos-skill-wordnet.openvoiceos,"hyponym.intent","digues es termes més específics de {query}"
ovos-skill-wordnet.openvoiceos,"hyponym.intent","digues l'hipònims de {query}"
ovos-skill-wordnet.openvoiceos,"hyponym.intent","digues l'termes més especialitzats de {query}"
ovos-skill-wordnet.openvoiceos,"hyponym.intent","digues l'termes més específics de {query}"
ovos-skill-wordnet.openvoiceos,"hyponym.intent","digues s'hipònims de {query}"
ovos-skill-wordnet.openvoiceos,"hyponym.intent","digues s'termes més especialitzats de {query}"
ovos-skill-wordnet.openvoiceos,"hyponym.intent","digues s'termes més específics de {query}"
ovos-skill-wordnet.openvoiceos,"hyponym.intent","digues-me els hipònims de {query}"
ovos-skill-wordnet.openvoiceos,"hyponym.intent","digues-me els termes més especialitzats de {query}"
ovos-skill-wordnet.openvoiceos,"hyponym.intent","digues-me els termes més específics de {query}"
ovos-skill-wordnet.openvoiceos,"hyponym.intent","digues-me es hipònims de {query}"
ovos-skill-wordnet.openvoiceos,"hyponym.intent","digues-me es termes més especialitzats de {query}"
ovos-skill-wordnet.openvoiceos,"hyponym.intent","digues-me es termes més específics de {query}"
ovos-skill-wordnet.openvoiceos,"hyponym.intent","digues-me l'hipònims de {query}"
ovos-skill-wordnet.openvoiceos,"hyponym.intent","digues-me l'termes més especialitzats de {query}"
ovos-skill-wordnet.openvoiceos,"hyponym.intent","digues-me l'termes més específics de {query}"
ovos-skill-wordnet.openvoiceos,"hyponym.intent","digues-me s'hipònims de {query}"
ovos-skill-wordnet.openvoiceos,"hyponym.intent","digues-me s'termes més especialitzats de {query}"
ovos-skill-wordnet.openvoiceos,"hyponym.intent","digues-me s'termes més específics de {query}"
ovos-skill-wordnet.openvoiceos,"hyponym.intent","dona els hipònims de {query}"
ovos-skill-wordnet.openvoiceos,"hyponym.intent","dona els termes més especialitzats de {query}"
ovos-skill-wordnet.openvoiceos,"hyponym.intent","dona els termes més específics de {query}"
ovos-skill-wordnet.openvoiceos,"hyponym.intent","dona es hipònims de {query}"
ovos-skill-wordnet.openvoiceos,"hyponym.intent","dona es termes més especialitzats de {query}"
ovos-skill-wordnet.openvoiceos,"hyponym.intent","dona es termes més específics de {query}"
ovos-skill-wordnet.openvoiceos,"hyponym.intent","dona l'hipònims de {query}"
ovos-skill-wordnet.openvoiceos,"hyponym.intent","dona l'termes més especialitzats de {query}"
ovos-skill-wordnet.openvoiceos,"hyponym.intent","dona l'termes més específics de {query}"
ovos-skill-wordnet.openvoiceos,"hyponym.intent","dona s'hipònims de {query}"
ovos-skill-wordnet.openvoiceos,"hyponym.intent","dona s'termes més especialitzats de {query}"
ovos-skill-wordnet.openvoiceos,"hyponym.intent","dona s'termes més específics de {query}"
ovos-skill-wordnet.openvoiceos,"hyponym.intent","dona'm els hipònims de {query}"
ovos-skill-wordnet.openvoiceos,"hyponym.intent","dona'm els termes més especialitzats de {query}"
ovos-skill-wordnet.openvoiceos,"hyponym.intent","dona'm els termes més específics de {query}"
ovos-skill-wordnet.openvoiceos,"hyponym.intent","dona'm es hipònims de {query}"
ovos-skill-wordnet.openvoiceos,"hyponym.intent","dona'm es termes més especialitzats de {query}"
ovos-skill-wordnet.openvoiceos,"hyponym.intent","dona'm es termes més específics de {query}"
ovos-skill-wordnet.openvoiceos,"hyponym.intent","dona'm l'hipònims de {query}"
ovos-skill-wordnet.openvoiceos,"hyponym.intent","dona'm l'termes més especialitzats de {query}"
ovos-skill-wordnet.openvoiceos,"hyponym.intent","dona'm l'termes més específics de {query}"
ovos-skill-wordnet.openvoiceos,"hyponym.intent","dona'm s'hipònims de {query}"
ovos-skill-wordnet.openvoiceos,"hyponym.intent","dona'm s'termes més especialitzats de {query}"
ovos-skill-wordnet.openvoiceos,"hyponym.intent","dona'm s'termes més específics de {query}"
ovos-skill-wordnet.openvoiceos,"hyponym.intent","dóna els hipònims de {query}"
ovos-skill-wordnet.openvoiceos,"hyponym.intent","dóna els termes més especialitzats de {query}"
ovos-skill-wordnet.openvoiceos,"hyponym.intent","dóna els termes més específics de {query}"
ovos-skill-wordnet.openvoiceos,"hyponym.intent","dóna es hipònims de {query}"
ovos-skill-wordnet.openvoiceos,"hyponym.intent","dóna es termes més especialitzats de {query}"
ovos-skill-wordnet.openvoiceos,"hyponym.intent","dóna es termes més específics de {query}"
ovos-skill-wordnet.openvoiceos,"hyponym.intent","dóna l'hipònims de {query}"
ovos-skill-wordnet.openvoiceos,"hyponym.intent","dóna l'termes més especialitzats de {query}"
ovos-skill-wordnet.openvoiceos,"hyponym.intent","dóna l'termes més específics de {query}"
ovos-skill-wordnet.openvoiceos,"hyponym.intent","dóna s'hipònims de {query}"
ovos-skill-wordnet.openvoiceos,"hyponym.intent","dóna s'termes més especialitzats de {query}"
ovos-skill-wordnet.openvoiceos,"hyponym.intent","dóna s'termes més específics de {query}"
ovos-skill-wordnet.openvoiceos,"hyponym.intent","dóna'm els hipònims de {query}"
ovos-skill-wordnet.openvoiceos,"hyponym.intent","dóna'm els termes més especialitzats de {query}"
ovos-skill-wordnet.openvoiceos,"hyponym.intent","dóna'm els termes més específics de {query}"
ovos-skill-wordnet.openvoiceos,"hyponym.intent","dóna'm es hipònims de {query}"
ovos-skill-wordnet.openvoiceos,"hyponym.intent","dóna'm es termes més especialitzats de {query}"
ovos-skill-wordnet.openvoiceos,"hyponym.intent","dóna'm es termes més específics de {query}"
ovos-skill-wordnet.openvoiceos,"hyponym.intent","dóna'm l'hipònims de {query}"
ovos-skill-wordnet.openvoiceos,"hyponym.intent","dóna'm l'termes més especialitzats de {query}"
ovos-skill-wordnet.openvoiceos,"hyponym.intent","dóna'm l'termes més específics de {query}"
ovos-skill-wordnet.openvoiceos,"hyponym.intent","dóna'm s'hipònims de {query}"
ovos-skill-wordnet.openvoiceos,"hyponym.intent","dóna'm s'termes més especialitzats de {query}"
ovos-skill-wordnet.openvoiceos,"hyponym.intent","dóna'm s'termes més específics de {query}"
ovos-skill-wordnet.openvoiceos,"hyponym.intent","indica els hipònims de {query}"
ovos-skill-wordnet.openvoiceos,"hyponym.intent","indica els termes més especialitzats de {query}"
ovos-skill-wordnet.openvoiceos,"hyponym.intent","indica els termes més específics de {query}"
ovos-skill-wordnet.openvoiceos,"hyponym.intent","indica es hipònims de {query}"
ovos-skill-wordnet.openvoiceos,"hyponym.intent","indica es termes més especialitzats de {query}"
ovos-skill-wordnet.openvoiceos,"hyponym.intent","indica es termes més específics de {query}"
ovos-skill-wordnet.openvoiceos,"hyponym.intent","indica l'hipònims de {query}"
ovos-skill-wordnet.openvoiceos,"hyponym.intent","indica l'termes més especialitzats de {query}"
ovos-skill-wordnet.openvoiceos,"hyponym.intent","indica l'termes més específics de {query}"
ovos-skill-wordnet.openvoiceos,"hyponym.intent","indica s'hipònims de {query}"
ovos-skill-wordnet.openvoiceos,"hyponym.intent","indica s'termes més especialitzats de {query}"
ovos-skill-wordnet.openvoiceos,"hyponym.intent","indica s'termes més específics de {query}"
ovos-skill-wordnet.openvoiceos,"hyponym.intent","indica'm els hipònims de {query}"
ovos-skill-wordnet.openvoiceos,"hyponym.intent","indica'm els termes més especialitzats de {query}"
ovos-skill-wordnet.openvoiceos,"hyponym.intent","indica'm els termes més específics de {query}"
ovos-skill-wordnet.openvoiceos,"hyponym.intent","indica'm es hipònims de {query}"
ovos-skill-wordnet.openvoiceos,"hyponym.intent","indica'm es termes més especialitzats de {query}"
ovos-skill-wordnet.openvoiceos,"hyponym.intent","indica'm es termes més específics de {query}"
ovos-skill-wordnet.openvoiceos,"hyponym.intent","indica'm l'hipònims de {query}"
ovos-skill-wordnet.openvoiceos,"hyponym.intent","indica'm l'termes més especialitzats de {query}"
ovos-skill-wordnet.openvoiceos,"hyponym.intent","indica'm l'termes més específics de {query}"
ovos-skill-wordnet.openvoiceos,"hyponym.intent","indica'm s'hipònims de {query}"
ovos-skill-wordnet.openvoiceos,"hyponym.intent","indica'm s'termes més especialitzats de {query}"
ovos-skill-wordnet.openvoiceos,"hyponym.intent","indica'm s'termes més específics de {query}"
ovos-skill-wordnet.openvoiceos,"hyponym.intent","quin és els hipònims de {query}"
ovos-skill-wordnet.openvoiceos,"hyponym.intent","quin és els termes més especialitzats de {query}"
ovos-skill-wordnet.openvoiceos,"hyponym.intent","quin és els termes més específics de {query}"
ovos-skill-wordnet.openvoiceos,"hyponym.intent","quin és es hipònims de {query}"
ovos-skill-wordnet.openvoiceos,"hyponym.intent","quin és es termes més especialitzats de {query}"
ovos-skill-wordnet.openvoiceos,"hyponym.intent","quin és es termes més específics de {query}"
ovos-skill-wordnet.openvoiceos,"hyponym.intent","quin és l'hipònims de {query}"
ovos-skill-wordnet.openvoiceos,"hyponym.intent","quin és l'termes més especialitzats de {query}"
ovos-skill-wordnet.openvoiceos,"hyponym.intent","quin és l'termes més específics de {query}"
ovos-skill-wordnet.openvoiceos,"hyponym.intent","quin és s'hipònims de {query}"
ovos-skill-wordnet.openvoiceos,"hyponym.intent","quin és s'termes més especialitzats de {query}"
ovos-skill-wordnet.openvoiceos,"hyponym.intent","quin és s'termes més específics de {query}"
ovos-skill-wordnet.openvoiceos,"hyponym.intent","vull saber els hipònims de {query}"
ovos-skill-wordnet.openvoiceos,"hyponym.intent","vull saber els termes més especialitzats de {query}"
ovos-skill-wordnet.openvoiceos,"hyponym.intent","vull saber els termes més específics de {query}"
ovos-skill-wordnet.openvoiceos,"hyponym.intent","vull saber es hipònims de {query}"
ovos-skill-wordnet.openvoiceos,"hyponym.intent","vull saber es termes més especialitzats de {query}"
ovos-skill-wordnet.openvoiceos,"hyponym.intent","vull saber es termes més específics de {query}"
ovos-skill-wordnet.openvoiceos,"hyponym.intent","vull saber l'hipònims de {query}"
ovos-skill-wordnet.openvoiceos,"hyponym.intent","vull saber l'termes més especialitzats de {query}"
ovos-skill-wordnet.openvoiceos,"hyponym.intent","vull saber l'termes més específics de {query}"
ovos-skill-wordnet.openvoiceos,"hyponym.intent","vull saber s'hipònims de {query}"
ovos-skill-wordnet.openvoiceos,"hyponym.intent","vull saber s'termes més especialitzats de {query}"
ovos-skill-wordnet.openvoiceos,"hyponym.intent","vull saber s'termes més específics de {query}"
ovos-skill-wordnet.openvoiceos,"hyponym.intent","digue'm el hipònim de {query}"
ovos-skill-wordnet.openvoiceos,"hyponym.intent","digue'm el terme més especialitzat de {query}"
ovos-skill-wordnet.openvoiceos,"hyponym.intent","digue'm el terme més específic de {query}"
ovos-skill-wordnet.openvoiceos,"hyponym.intent","digue'm es hipònim de {query}"
ovos-skill-wordnet.openvoiceos,"hyponym.intent","digue'm es terme més especialitzat de {query}"
ovos-skill-wordnet.openvoiceos,"hyponym.intent","digue'm es terme més específic de {query}"
ovos-skill-wordnet.openvoiceos,"hyponym.intent","digue'm l'hipònim de {query}"
ovos-skill-wordnet.openvoiceos,"hyponym.intent","digue'm l'terme més especialitzat de {query}"
ovos-skill-wordnet.openvoiceos,"hyponym.intent","digue'm l'terme més específic de {query}"
ovos-skill-wordnet.openvoiceos,"hyponym.intent","digue'm s'hipònim de {query}"
ovos-skill-wordnet.openvoiceos,"hyponym.intent","digue'm s'terme més especialitzat de {query}"
ovos-skill-wordnet.openvoiceos,"hyponym.intent","digue'm s'terme més específic de {query}"
ovos-skill-wordnet.openvoiceos,"hyponym.intent","digues el hipònim de {query}"
ovos-skill-wordnet.openvoiceos,"hyponym.intent","digues el terme més especialitzat de {query}"
ovos-skill-wordnet.openvoiceos,"hyponym.intent","digues el terme més específic de {query}"
ovos-skill-wordnet.openvoiceos,"hyponym.intent","digues es hipònim de {query}"
ovos-skill-wordnet.openvoiceos,"hyponym.intent","digues es terme més especialitzat de {query}"
ovos-skill-wordnet.openvoiceos,"hyponym.intent","digues es terme més específic de {query}"
ovos-skill-wordnet.openvoiceos,"hyponym.intent","digues l'hipònim de {query}"
ovos-skill-wordnet.openvoiceos,"hyponym.intent","digues l'terme més especialitzat de {query}"
ovos-skill-wordnet.openvoiceos,"hyponym.intent","digues l'terme més específic de {query}"
ovos-skill-wordnet.openvoiceos,"hyponym.intent","digues s'hipònim de {query}"
ovos-skill-wordnet.openvoiceos,"hyponym.intent","digues s'terme més especialitzat de {query}"
ovos-skill-wordnet.openvoiceos,"hyponym.intent","digues s'terme més específic de {query}"
ovos-skill-wordnet.openvoiceos,"hyponym.intent","digues-me el hipònim de {query}"
ovos-skill-wordnet.openvoiceos,"hyponym.intent","digues-me el terme més especialitzat de {query}"
ovos-skill-wordnet.openvoiceos,"hyponym.intent","digues-me el terme més específic de {query}"
ovos-skill-wordnet.openvoiceos,"hyponym.intent","digues-me es hipònim de {query}"
ovos-skill-wordnet.openvoiceos,"hyponym.intent","digues-me es terme més especialitzat de {query}"
ovos-skill-wordnet.openvoiceos,"hyponym.intent","digues-me es terme més específic de {query}"
ovos-skill-wordnet.openvoiceos,"hyponym.intent","digues-me l'hipònim de {query}"
ovos-skill-wordnet.openvoiceos,"hyponym.intent","digues-me l'terme més especialitzat de {query}"
ovos-skill-wordnet.openvoiceos,"hyponym.intent","digues-me l'terme més específic de {query}"
ovos-skill-wordnet.openvoiceos,"hyponym.intent","digues-me s'hipònim de {query}"
ovos-skill-wordnet.openvoiceos,"hyponym.intent","digues-me s'terme més especialitzat de {query}"
ovos-skill-wordnet.openvoiceos,"hyponym.intent","digues-me s'terme més específic de {query}"
ovos-skill-wordnet.openvoiceos,"hyponym.intent","dona el hipònim de {query}"
ovos-skill-wordnet.openvoiceos,"hyponym.intent","dona el terme més especialitzat de {query}"
ovos-skill-wordnet.openvoiceos,"hyponym.intent","dona el terme més específic de {query}"
ovos-skill-wordnet.openvoiceos,"hyponym.intent","dona es hipònim de {query}"
ovos-skill-wordnet.openvoiceos,"hyponym.intent","dona es terme més especialitzat de {query}"
ovos-skill-wordnet.openvoiceos,"hyponym.intent","dona es terme més específic de {query}"
ovos-skill-wordnet.openvoiceos,"hyponym.intent","dona l'hipònim de {query}"
ovos-skill-wordnet.openvoiceos,"hyponym.intent","dona l'terme més especialitzat de {query}"
ovos-skill-wordnet.openvoiceos,"hyponym.intent","dona l'terme més específic de {query}"
ovos-skill-wordnet.openvoiceos,"hyponym.intent","dona s'hipònim de {query}"
ovos-skill-wordnet.openvoiceos,"hyponym.intent","dona s'terme més especialitzat de {query}"
ovos-skill-wordnet.openvoiceos,"hyponym.intent","dona s'terme més específic de {query}"
ovos-skill-wordnet.openvoiceos,"hyponym.intent","dona'm el hipònim de {query}"
ovos-skill-wordnet.openvoiceos,"hyponym.intent","dona'm el terme més especialitzat de {query}"
ovos-skill-wordnet.openvoiceos,"hyponym.intent","dona'm el terme més específic de {query}"
ovos-skill-wordnet.openvoiceos,"hyponym.intent","dona'm es hipònim de {query}"
ovos-skill-wordnet.openvoiceos,"hyponym.intent","dona'm es terme més especialitzat de {query}"
ovos-skill-wordnet.openvoiceos,"hyponym.intent","dona'm es terme més específic de {query}"
ovos-skill-wordnet.openvoiceos,"hyponym.intent","dona'm l'hipònim de {query}"
ovos-skill-wordnet.openvoiceos,"hyponym.intent","dona'm l'terme més especialitzat de {query}"
ovos-skill-wordnet.openvoiceos,"hyponym.intent","dona'm l'terme més específic de {query}"
ovos-skill-wordnet.openvoiceos,"hyponym.intent","dona'm s'hipònim de {query}"
ovos-skill-wordnet.openvoiceos,"hyponym.intent","dona'm s'terme més especialitzat de {query}"
ovos-skill-wordnet.openvoiceos,"hyponym.intent","dona'm s'terme més específic de {query}"
ovos-skill-wordnet.openvoiceos,"hyponym.intent","dóna el hipònim de {query}"
ovos-skill-wordnet.openvoiceos,"hyponym.intent","dóna el terme més especialitzat de {query}"
ovos-skill-wordnet.openvoiceos,"hyponym.intent","dóna el terme més específic de {query}"
ovos-skill-wordnet.openvoiceos,"hyponym.intent","dóna es hipònim de {query}"
ovos-skill-wordnet.openvoiceos,"hyponym.intent","dóna es terme més especialitzat de {query}"
ovos-skill-wordnet.openvoiceos,"hyponym.intent","dóna es terme més específic de {query}"
ovos-skill-wordnet.openvoiceos,"hyponym.intent","dóna l'hipònim de {query}"
ovos-skill-wordnet.openvoiceos,"hyponym.intent","dóna l'terme més especialitzat de {query}"
ovos-skill-wordnet.openvoiceos,"hyponym.intent","dóna l'terme més específic de {query}"
ovos-skill-wordnet.openvoiceos,"hyponym.intent","dóna s'hipònim de {query}"
ovos-skill-wordnet.openvoiceos,"hyponym.intent","dóna s'terme més especialitzat de {query}"
ovos-skill-wordnet.openvoiceos,"hyponym.intent","dóna s'terme més específic de {query}"
ovos-skill-wordnet.openvoiceos,"hyponym.intent","dóna'm el hipònim de {query}"
ovos-skill-wordnet.openvoiceos,"hyponym.intent","dóna'm el terme més especialitzat de {query}"
ovos-skill-wordnet.openvoiceos,"hyponym.intent","dóna'm el terme més específic de {query}"
ovos-skill-wordnet.openvoiceos,"hyponym.intent","dóna'm es hipònim de {query}"
ovos-skill-wordnet.openvoiceos,"hyponym.intent","dóna'm es terme més especialitzat de {query}"
ovos-skill-wordnet.openvoiceos,"hyponym.intent","dóna'm es terme més específic de {query}"
ovos-skill-wordnet.openvoiceos,"hyponym.intent","dóna'm l'hipònim de {query}"
ovos-skill-wordnet.openvoiceos,"hyponym.intent","dóna'm l'terme més especialitzat de {query}"
ovos-skill-wordnet.openvoiceos,"hyponym.intent","dóna'm l'terme més específic de {query}"
ovos-skill-wordnet.openvoiceos,"hyponym.intent","dóna'm s'hipònim de {query}"
ovos-skill-wordnet.openvoiceos,"hyponym.intent","dóna'm s'terme més especialitzat de {query}"
ovos-skill-wordnet.openvoiceos,"hyponym.intent","dóna'm s'terme més específic de {query}"
ovos-skill-wordnet.openvoiceos,"hyponym.intent","indica el hipònim de {query}"
ovos-skill-wordnet.openvoiceos,"hyponym.intent","indica el terme més especialitzat de {query}"
ovos-skill-wordnet.openvoiceos,"hyponym.intent","indica el terme més específic de {query}"
ovos-skill-wordnet.openvoiceos,"hyponym.intent","indica es hipònim de {query}"
ovos-skill-wordnet.openvoiceos,"hyponym.intent","indica es terme més especialitzat de {query}"
ovos-skill-wordnet.openvoiceos,"hyponym.intent","indica es terme més específic de {query}"
ovos-skill-wordnet.openvoiceos,"hyponym.intent","indica l'hipònim de {query}"
ovos-skill-wordnet.openvoiceos,"hyponym.intent","indica l'terme més especialitzat de {query}"
ovos-skill-wordnet.openvoiceos,"hyponym.intent","indica l'terme més específic de {query}"
ovos-skill-wordnet.openvoiceos,"hyponym.intent","indica s'hipònim de {query}"
ovos-skill-wordnet.openvoiceos,"hyponym.intent","indica s'terme més especialitzat de {query}"
ovos-skill-wordnet.openvoiceos,"hyponym.intent","indica s'terme més específic de {query}"
ovos-skill-wordnet.openvoiceos,"hyponym.intent","indica'm el hipònim de {query}"
ovos-skill-wordnet.openvoiceos,"hyponym.intent","indica'm el terme més especialitzat de {query}"
ovos-skill-wordnet.openvoiceos,"hyponym.intent","indica'm el terme més específic de {query}"
ovos-skill-wordnet.openvoiceos,"hyponym.intent","indica'm es hipònim de {query}"
ovos-skill-wordnet.openvoiceos,"hyponym.intent","indica'm es terme més especialitzat de {query}"
ovos-skill-wordnet.openvoiceos,"hyponym.intent","indica'm es terme més específic de {query}"
ovos-skill-wordnet.openvoiceos,"hyponym.intent","indica'm l'hipònim de {query}"
ovos-skill-wordnet.openvoiceos,"hyponym.intent","indica'm l'terme més especialitzat de {query}"
ovos-skill-wordnet.openvoiceos,"hyponym.intent","indica'm l'terme més específic de {query}"
ovos-skill-wordnet.openvoiceos,"hyponym.intent","indica'm s'hipònim de {query}"
ovos-skill-wordnet.openvoiceos,"hyponym.intent","indica'm s'terme més especialitzat de {query}"
ovos-skill-wordnet.openvoiceos,"hyponym.intent","indica'm s'terme més específic de {query}"
ovos-skill-wordnet.openvoiceos,"hyponym.intent","què és el hipònim de {query}"
ovos-skill-wordnet.openvoiceos,"hyponym.intent","què és el terme més especialitzat de {query}"
ovos-skill-wordnet.openvoiceos,"hyponym.intent","què és el terme més específic de {query}"
ovos-skill-wordnet.openvoiceos,"hyponym.intent","què és es hipònim de {query}"
ovos-skill-wordnet.openvoiceos,"hyponym.intent","què és es terme més especialitzat de {query}"
ovos-skill-wordnet.openvoiceos,"hyponym.intent","què és es terme més específic de {query}"
ovos-skill-wordnet.openvoiceos,"hyponym.intent","què és l'hipònim de {query}"
ovos-skill-wordnet.openvoiceos,"hyponym.intent","què és l'terme més especialitzat de {query}"
ovos-skill-wordnet.openvoiceos,"hyponym.intent","què és l'terme més específic de {query}"
ovos-skill-wordnet.openvoiceos,"hyponym.intent","què és s'hipònim de {query}"
ovos-skill-wordnet.openvoiceos,"hyponym.intent","què és s'terme més especialitzat de {query}"
ovos-skill-wordnet.openvoiceos,"hyponym.intent","què és s'terme més específic de {query}"
ovos-skill-wordnet.openvoiceos,"hyponym.intent","vull saber el hipònim de {query}"
ovos-skill-wordnet.openvoiceos,"hyponym.intent","vull saber el terme més especialitzat de {query}"
ovos-skill-wordnet.openvoiceos,"hyponym.intent","vull saber el terme més específic de {query}"
ovos-skill-wordnet.openvoiceos,"hyponym.intent","vull saber es hipònim de {query}"
ovos-skill-wordnet.openvoiceos,"hyponym.intent","vull saber es terme més especialitzat de {query}"
ovos-skill-wordnet.openvoiceos,"hyponym.intent","vull saber es terme més específic de {query}"
ovos-skill-wordnet.openvoiceos,"hyponym.intent","vull saber l'hipònim de {query}"
ovos-skill-wordnet.openvoiceos,"hyponym.intent","vull saber l'terme més especialitzat de {query}"
ovos-skill-wordnet.openvoiceos,"hyponym.intent","vull saber l'terme més específic de {query}"
ovos-skill-wordnet.openvoiceos,"hyponym.intent","vull saber s'hipònim de {query}"
ovos-skill-wordnet.openvoiceos,"hyponym.intent","vull saber s'terme més especialitzat de {query}"
ovos-skill-wordnet.openvoiceos,"hyponym.intent","vull saber s'terme més específic de {query}"
ovos-skill-wordnet.openvoiceos,"hyponym.intent","digue'm un hipònim de {query}"
ovos-skill-wordnet.openvoiceos,"hyponym.intent","digue'm un terme més especialitzat de {query}"
ovos-skill-wordnet.openvoiceos,"hyponym.intent","digue'm un terme més específic de {query}"
ovos-skill-wordnet.openvoiceos,"hyponym.intent","digues un hipònim de {query}"
ovos-skill-wordnet.openvoiceos,"hyponym.intent","digues un terme més especialitzat de {query}"
ovos-skill-wordnet.openvoiceos,"hyponym.intent","digues un terme més específic de {query}"
ovos-skill-wordnet.openvoiceos,"hyponym.intent","digues-me un hipònim de {query}"
ovos-skill-wordnet.openvoiceos,"hyponym.intent","digues-me un terme més especialitzat de {query}"
ovos-skill-wordnet.openvoiceos,"hyponym.intent","digues-me un terme més específic de {query}"
ovos-skill-wordnet.openvoiceos,"hyponym.intent","dona un hipònim de {query}"
ovos-skill-wordnet.openvoiceos,"hyponym.intent","dona un terme més especialitzat de {query}"
ovos-skill-wordnet.openvoiceos,"hyponym.intent","dona un terme més específic de {query}"
ovos-skill-wordnet.openvoiceos,"hyponym.intent","dona'm un hipònim de {query}"
ovos-skill-wordnet.openvoiceos,"hyponym.intent","dona'm un terme més especialitzat de {query}"
ovos-skill-wordnet.openvoiceos,"hyponym.intent","dona'm un terme més específic de {query}"
ovos-skill-wordnet.openvoiceos,"hyponym.intent","dóna un hipònim de {query}"
ovos-skill-wordnet.openvoiceos,"hyponym.intent","dóna un terme més especialitzat de {query}"
ovos-skill-wordnet.openvoiceos,"hyponym.intent","dóna un terme més específic de {query}"
ovos-skill-wordnet.openvoiceos,"hyponym.intent","dóna'm un hipònim de {query}"
ovos-skill-wordnet.openvoiceos,"hyponym.intent","dóna'm un terme més especialitzat de {query}"
ovos-skill-wordnet.openvoiceos,"hyponym.intent","dóna'm un terme més específic de {query}"
ovos-skill-wordnet.openvoiceos,"hyponym.intent","indica un hipònim de {query}"
ovos-skill-wordnet.openvoiceos,"hyponym.intent","indica un terme més especialitzat de {query}"
ovos-skill-wordnet.openvoiceos,"hyponym.intent","indica un terme més específic de {query}"
ovos-skill-wordnet.openvoiceos,"hyponym.intent","indica'm un hipònim de {query}"
ovos-skill-wordnet.openvoiceos,"hyponym.intent","indica'm un terme més especialitzat de {query}"
ovos-skill-wordnet.openvoiceos,"hyponym.intent","indica'm un terme més específic de {query}"
ovos-skill-wordnet.openvoiceos,"hyponym.intent","què és un hipònim de {query}"
ovos-skill-wordnet.openvoiceos,"hyponym.intent","què és un terme més especialitzat de {query}"
ovos-skill-wordnet.openvoiceos,"hyponym.intent","què és un terme més específic de {query}"
ovos-skill-wordnet.openvoiceos,"hyponym.intent","vull saber un hipònim de {query}"
ovos-skill-wordnet.openvoiceos,"hyponym.intent","vull saber un terme més especialitzat de {query}"
ovos-skill-wordnet.openvoiceos,"hyponym.intent","vull saber un terme més específic de {query}"
ovos-skill-wordnet.openvoiceos,"search_wordnet.intent","busca a la xarxa de mots {query}"
ovos-skill-wordnet.openvoiceos,"search_wordnet.intent","busca al diccionari de sinònims {query}"
ovos-skill-wordnet.openvoiceos,"search_wordnet.intent","busca al tesaure {query}"
ovos-skill-wordnet.openvoiceos,"search_wordnet.intent","busca en el diccionari de sinònims {query}"
ovos-skill-wordnet.openvoiceos,"search_wordnet.intent","busca en el tesaure {query}"
ovos-skill-wordnet.openvoiceos,"search_wordnet.intent","busca en la xarxa de mots {query}"
ovos-skill-wordnet.openvoiceos,"search_wordnet.intent","cerca a la xarxa de mots {query}"
ovos-skill-wordnet.openvoiceos,"search_wordnet.intent","cerca al diccionari de sinònims {query}"
ovos-skill-wordnet.openvoiceos,"search_wordnet.intent","cerca al tesaure {query}"
ovos-skill-wordnet.openvoiceos,"search_wordnet.intent","cerca en el diccionari de sinònims {query}"
ovos-skill-wordnet.openvoiceos,"search_wordnet.intent","cerca en el tesaure {query}"
ovos-skill-wordnet.openvoiceos,"search_wordnet.intent","cerca en la xarxa de mots {query}"
ovos-skill-wordnet.openvoiceos,"search_wordnet.intent","busca {query} a la xarxa de mots"
ovos-skill-wordnet.openvoiceos,"search_wordnet.intent","busca {query} al diccionari de sinònims"
ovos-skill-wordnet.openvoiceos,"search_wordnet.intent","busca {query} al tesaure"
ovos-skill-wordnet.openvoiceos,"search_wordnet.intent","cerca {query} a la xarxa de mots"
ovos-skill-wordnet.openvoiceos,"search_wordnet.intent","cerca {query} al diccionari de sinònims"
ovos-skill-wordnet.openvoiceos,"search_wordnet.intent","cerca {query} al tesaure"
ovos-skill-wordnet.openvoiceos,"search_wordnet.intent","demana a la xarxa de mots sobre {query}"
ovos-skill-wordnet.openvoiceos,"search_wordnet.intent","demana al diccionari de sinònims sobre {query}"
ovos-skill-wordnet.openvoiceos,"search_wordnet.intent","demana al tesaure sobre {query}"
ovos-skill-wordnet.openvoiceos,"search_wordnet.intent","pregunta a la xarxa de mots sobre {query}"
ovos-skill-wordnet.openvoiceos,"search_wordnet.intent","pregunta al diccionari de sinònims sobre {query}"
ovos-skill-wordnet.openvoiceos,"search_wordnet.intent","pregunta al tesaure sobre {query}"
ovos-skill-wordnet.openvoiceos,"search_wordnet.intent","demana a la xarxa de mots {query}"
ovos-skill-wordnet.openvoiceos,"search_wordnet.intent","demana al diccionari de sinònims {query}"
ovos-skill-wordnet.openvoiceos,"search_wordnet.intent","demana al tesaure {query}"
ovos-skill-wordnet.openvoiceos,"search_wordnet.intent","pregunta a la xarxa de mots {query}"
ovos-skill-wordnet.openvoiceos,"search_wordnet.intent","pregunta al diccionari de sinònims {query}"
ovos-skill-wordnet.openvoiceos,"search_wordnet.intent","pregunta al tesaure {query}"
ovos-skill-wordnet.openvoiceos,"search_wordnet.intent","què diu el diccionari de sinònims {query}"
ovos-skill-wordnet.openvoiceos,"search_wordnet.intent","què diu el diccionari de sinònimsd' {query}"
ovos-skill-wordnet.openvoiceos,"search_wordnet.intent","què diu el diccionari de sinònimsde  {query}"
ovos-skill-wordnet.openvoiceos,"search_wordnet.intent","què diu el diccionari de sinònimssobre  {query}"
ovos-skill-wordnet.openvoiceos,"search_wordnet.intent","què diu el tesaure {query}"
ovos-skill-wordnet.openvoiceos,"search_wordnet.intent","què diu el tesaured' {query}"
ovos-skill-wordnet.openvoiceos,"search_wordnet.intent","què diu el tesaurede  {query}"
ovos-skill-wordnet.openvoiceos,"search_wordnet.intent","què diu el tesauresobre  {query}"
ovos-skill-wordnet.openvoiceos,"search_wordnet.intent","què diu la xarxa de mots {query}"
ovos-skill-wordnet.openvoiceos,"search_wordnet.intent","què diu la xarxa de motsd' {query}"
ovos-skill-wordnet.openvoiceos,"search_wordnet.intent","què diu la xarxa de motsde  {query}"
ovos-skill-wordnet.openvoiceos,"search_wordnet.intent","què diu la xarxa de motssobre  {query}"
ovos-skill-wordnet.openvoiceos,"search_wordnet.intent","què diu es diccionari de sinònims {query}"
ovos-skill-wordnet.openvoiceos,"search_wordnet.intent","què diu es diccionari de sinònimsd' {query}"
ovos-skill-wordnet.openvoiceos,"search_wordnet.intent","què diu es diccionari de sinònimsde {query}"
ovos-skill-wordnet.openvoiceos,"search_wordnet.intent","què diu es diccionari de sinònimssobre  {query}"
ovos-skill-wordnet.openvoiceos,"search_wordnet.intent","què diu es tesaure {query}"
ovos-skill-wordnet.openvoiceos,"search_wordnet.intent","què diu es tesaured' {query}"
ovos-skill-wordnet.openvoiceos,"search_wordnet.intent","què diu es tesaurede {query}"
ovos-skill-wordnet.openvoiceos,"search_wordnet.intent","què diu es tesauresobre  {query}"
ovos-skill-wordnet.openvoiceos,"search_wordnet.intent","què diu sa xarxa de mots {query}"
ovos-skill-wordnet.openvoiceos,"search_wordnet.intent","què diu sa xarxa de motsd' {query}"
ovos-skill-wordnet.openvoiceos,"search_wordnet.intent","què diu sa xarxa de motsde {query}"
ovos-skill-wordnet.openvoiceos,"search_wordnet.intent","què diu sa xarxa de motssobre  {query}"
ovos-skill-wordnet.openvoiceos,"hypernym.intent","digue'm el hiperònim de {query}"
ovos-skill-wordnet.openvoiceos,"hypernym.intent","digue'm el sinònim de {query}"
ovos-skill-wordnet.openvoiceos,"hypernym.intent","digue'm es hiperònim de {query}"
ovos-skill-wordnet.openvoiceos,"hypernym.intent","digue'm es sinònim de {query}"
ovos-skill-wordnet.openvoiceos,"hypernym.intent","digue'm l'hiperònim de {query}"
ovos-skill-wordnet.openvoiceos,"hypernym.intent","digue'm l'sinònim de {query}"
ovos-skill-wordnet.openvoiceos,"hypernym.intent","digue'm s'hiperònim de {query}"
ovos-skill-wordnet.openvoiceos,"hypernym.intent","digue'm s'sinònim de {query}"
ovos-skill-wordnet.openvoiceos,"hypernym.intent","digues el hiperònim de {query}"
ovos-skill-wordnet.openvoiceos,"hypernym.intent","digues el sinònim de {query}"
ovos-skill-wordnet.openvoiceos,"hypernym.intent","digues es hiperònim de {query}"
ovos-skill-wordnet.openvoiceos,"hypernym.intent","digues es sinònim de {query}"
ovos-skill-wordnet.openvoiceos,"hypernym.intent","digues l'hiperònim de {query}"
ovos-skill-wordnet.openvoiceos,"hypernym.intent","digues l'sinònim de {query}"
ovos-skill-wordnet.openvoiceos,"hypernym.intent","digues s'hiperònim de {query}"
ovos-skill-wordnet.openvoiceos,"hypernym.intent","digues s'sinònim de {query}"
ovos-skill-wordnet.openvoiceos,"hypernym.intent","digues-me el hiperònim de {query}"
ovos-skill-wordnet.openvoiceos,"hypernym.intent","digues-me el sinònim de {query}"
ovos-skill-wordnet.openvoiceos,"hypernym.intent","digues-me es hiperònim de {query}"
ovos-skill-wordnet.openvoiceos,"hypernym.intent","digues-me es sinònim de {query}"
ovos-skill-wordnet.openvoiceos,"hypernym.intent","digues-me l'hiperònim de {query}"
ovos-skill-wordnet.openvoiceos,"hypernym.intent","digues-me l'sinònim de {query}"
ovos-skill-wordnet.openvoiceos,"hypernym.intent","digues-me s'hiperònim de {query}"
ovos-skill-wordnet.openvoiceos,"hypernym.intent","digues-me s'sinònim de {query}"
ovos-skill-wordnet.openvoiceos,"hypernym.intent","dona el hiperònim de {query}"
ovos-skill-wordnet.openvoiceos,"hypernym.intent","dona el sinònim de {query}"
ovos-skill-wordnet.openvoiceos,"hypernym.intent","dona es hiperònim de {query}"
ovos-skill-wordnet.openvoiceos,"hypernym.intent","dona es sinònim de {query}"
ovos-skill-wordnet.openvoiceos,"hypernym.intent","dona l'hiperònim de {query}"
ovos-skill-wordnet.openvoiceos,"hypernym.intent","dona l'sinònim de {query}"
ovos-skill-wordnet.openvoiceos,"hypernym.intent","dona s'hiperònim de {query}"
ovos-skill-wordnet.openvoiceos,"hypernym.intent","dona s'sinònim de {query}"
ovos-skill-wordnet.openvoiceos,"hypernym.intent","dona'm el hiperònim de {query}"
ovos-skill-wordnet.openvoiceos,"hypernym.intent","dona'm el sinònim de {query}"
ovos-skill-wordnet.openvoiceos,"hypernym.intent","dona'm es hiperònim de {query}"
ovos-skill-wordnet.openvoiceos,"hypernym.intent","dona'm es sinònim de {query}"
ovos-skill-wordnet.openvoiceos,"hypernym.intent","dona'm l'hiperònim de {query}"
ovos-skill-wordnet.openvoiceos,"hypernym.intent","dona'm l'sinònim de {query}"
ovos-skill-wordnet.openvoiceos,"hypernym.intent","dona'm s'hiperònim de {query}"
ovos-skill-wordnet.openvoiceos,"hypernym.intent","dona'm s'sinònim de {query}"
ovos-skill-wordnet.openvoiceos,"hypernym.intent","dóna el hiperònim de {query}"
ovos-skill-wordnet.openvoiceos,"hypernym.intent","dóna el sinònim de {query}"
ovos-skill-wordnet.openvoiceos,"hypernym.intent","dóna es hiperònim de {query}"
ovos-skill-wordnet.openvoiceos,"hypernym.intent","dóna es sinònim de {query}"
ovos-skill-wordnet.openvoiceos,"hypernym.intent","dóna l'hiperònim de {query}"
ovos-skill-wordnet.openvoiceos,"hypernym.intent","dóna l'sinònim de {query}"
ovos-skill-wordnet.openvoiceos,"hypernym.intent","dóna s'hiperònim de {query}"
ovos-skill-wordnet.openvoiceos,"hypernym.intent","dóna s'sinònim de {query}"
ovos-skill-wordnet.openvoiceos,"hypernym.intent","dóna'm el hiperònim de {query}"
ovos-skill-wordnet.openvoiceos,"hypernym.intent","dóna'm el sinònim de {query}"
ovos-skill-wordnet.openvoiceos,"hypernym.intent","dóna'm es hiperònim de {query}"
ovos-skill-wordnet.openvoiceos,"hypernym.intent","dóna'm es sinònim de {query}"
ovos-skill-wordnet.openvoiceos,"hypernym.intent","dóna'm l'hiperònim de {query}"
ovos-skill-wordnet.openvoiceos,"hypernym.intent","dóna'm l'sinònim de {query}"
ovos-skill-wordnet.openvoiceos,"hypernym.intent","dóna'm s'hiperònim de {query}"
ovos-skill-wordnet.openvoiceos,"hypernym.intent","dóna'm s'sinònim de {query}"
ovos-skill-wordnet.openvoiceos,"hypernym.intent","indica el hiperònim de {query}"
ovos-skill-wordnet.openvoiceos,"hypernym.intent","indica el sinònim de {query}"
ovos-skill-wordnet.openvoiceos,"hypernym.intent","indica es hiperònim de {query}"
ovos-skill-wordnet.openvoiceos,"hypernym.intent","indica es sinònim de {query}"
ovos-skill-wordnet.openvoiceos,"hypernym.intent","indica l'hiperònim de {query}"
ovos-skill-wordnet.openvoiceos,"hypernym.intent","indica l'sinònim de {query}"
ovos-skill-wordnet.openvoiceos,"hypernym.intent","indica s'hiperònim de {query}"
ovos-skill-wordnet.openvoiceos,"hypernym.intent","indica s'sinònim de {query}"
ovos-skill-wordnet.openvoiceos,"hypernym.intent","indica'm el hiperònim de {query}"
ovos-skill-wordnet.openvoiceos,"hypernym.intent","indica'm el sinònim de {query}"
ovos-skill-wordnet.openvoiceos,"hypernym.intent","indica'm es hiperònim de {query}"
ovos-skill-wordnet.openvoiceos,"hypernym.intent","indica'm es sinònim de {query}"
ovos-skill-wordnet.openvoiceos,"hypernym.intent","indica'm l'hiperònim de {query}"
ovos-skill-wordnet.openvoiceos,"hypernym.intent","indica'm l'sinònim de {query}"
ovos-skill-wordnet.openvoiceos,"hypernym.intent","indica'm s'hiperònim de {query}"
ovos-skill-wordnet.openvoiceos,"hypernym.intent","indica'm s'sinònim de {query}"
ovos-skill-wordnet.openvoiceos,"hypernym.intent","quin és el hiperònim de {query}"
ovos-skill-wordnet.openvoiceos,"hypernym.intent","quin és el sinònim de {query}"
ovos-skill-wordnet.openvoiceos,"hypernym.intent","quin és es hiperònim de {query}"
ovos-skill-wordnet.openvoiceos,"hypernym.intent","quin és es sinònim de {query}"
ovos-skill-wordnet.openvoiceos,"hypernym.intent","quin és l'hiperònim de {query}"
ovos-skill-wordnet.openvoiceos,"hypernym.intent","quin és l'sinònim de {query}"
ovos-skill-wordnet.openvoiceos,"hypernym.intent","quin és s'hiperònim de {query}"
ovos-skill-wordnet.openvoiceos,"hypernym.intent","quin és s'sinònim de {query}"
ovos-skill-wordnet.openvoiceos,"hypernym.intent","vull saber el hiperònim de {query}"
ovos-skill-wordnet.openvoiceos,"hypernym.intent","vull saber el sinònim de {query}"
ovos-skill-wordnet.openvoiceos,"hypernym.intent","vull saber es hiperònim de {query}"
ovos-skill-wordnet.openvoiceos,"hypernym.intent","vull saber es sinònim de {query}"
ovos-skill-wordnet.openvoiceos,"hypernym.intent","vull saber l'hiperònim de {query}"
ovos-skill-wordnet.openvoiceos,"hypernym.intent","vull saber l'sinònim de {query}"
ovos-skill-wordnet.openvoiceos,"hypernym.intent","vull saber s'hiperònim de {query}"
ovos-skill-wordnet.openvoiceos,"hypernym.intent","vull saber s'sinònim de {query}"
ovos-skill-wordnet.openvoiceos,"hypernym.intent","digue'm els hiperònims de {query}"
ovos-skill-wordnet.openvoiceos,"hypernym.intent","digue'm els sinònims de {query}"
ovos-skill-wordnet.openvoiceos,"hypernym.intent","digues els hiperònims de {query}"
ovos-skill-wordnet.openvoiceos,"hypernym.intent","digues els sinònims de {query}"
ovos-skill-wordnet.openvoiceos,"hypernym.intent","digues-me els hiperònims de {query}"
ovos-skill-wordnet.openvoiceos,"hypernym.intent","digues-me els sinònims de {query}"
ovos-skill-wordnet.openvoiceos,"hypernym.intent","dona els hiperònims de {query}"
ovos-skill-wordnet.openvoiceos,"hypernym.intent","dona els sinònims de {query}"
ovos-skill-wordnet.openvoiceos,"hypernym.intent","dona'm els hiperònims de {query}"
ovos-skill-wordnet.openvoiceos,"hypernym.intent","dona'm els sinònims de {query}"
ovos-skill-wordnet.openvoiceos,"hypernym.intent","dóna els hiperònims de {query}"
ovos-skill-wordnet.openvoiceos,"hypernym.intent","dóna els sinònims de {query}"
ovos-skill-wordnet.openvoiceos,"hypernym.intent","dóna'm els hiperònims de {query}"
ovos-skill-wordnet.openvoiceos,"hypernym.intent","dóna'm els sinònims de {query}"
ovos-skill-wordnet.openvoiceos,"hypernym.intent","indica els hiperònims de {query}"
ovos-skill-wordnet.openvoiceos,"hypernym.intent","indica els sinònims de {query}"
ovos-skill-wordnet.openvoiceos,"hypernym.intent","indica'm els hiperònims de {query}"
ovos-skill-wordnet.openvoiceos,"hypernym.intent","indica'm els sinònims de {query}"
ovos-skill-wordnet.openvoiceos,"hypernym.intent","quins són els hiperònims de {query}"
ovos-skill-wordnet.openvoiceos,"hypernym.intent","quins són els sinònims de {query}"
ovos-skill-wordnet.openvoiceos,"hypernym.intent","vull saber els hiperònims de {query}"
ovos-skill-wordnet.openvoiceos,"hypernym.intent","vull saber els sinònims de {query}"
ovos-skill-wordnet.openvoiceos,"hypernym.intent","digue'm un hiperònim de {query}"
ovos-skill-wordnet.openvoiceos,"hypernym.intent","digue'm un sinònim de {query}"
ovos-skill-wordnet.openvoiceos,"hypernym.intent","digues un hiperònim de {query}"
ovos-skill-wordnet.openvoiceos,"hypernym.intent","digues un sinònim de {query}"
ovos-skill-wordnet.openvoiceos,"hypernym.intent","digues-me un hiperònim de {query}"
ovos-skill-wordnet.openvoiceos,"hypernym.intent","digues-me un sinònim de {query}"
ovos-skill-wordnet.openvoiceos,"hypernym.intent","dona un hiperònim de {query}"
ovos-skill-wordnet.openvoiceos,"hypernym.intent","dona un sinònim de {query}"
ovos-skill-wordnet.openvoiceos,"hypernym.intent","dona'm un hiperònim de {query}"
ovos-skill-wordnet.openvoiceos,"hypernym.intent","dona'm un sinònim de {query}"
ovos-skill-wordnet.openvoiceos,"hypernym.intent","dóna un hiperònim de {query}"
ovos-skill-wordnet.openvoiceos,"hypernym.intent","dóna un sinònim de {query}"
ovos-skill-wordnet.openvoiceos,"hypernym.intent","dóna'm un hiperònim de {query}"
ovos-skill-wordnet.openvoiceos,"hypernym.intent","dóna'm un sinònim de {query}"
ovos-skill-wordnet.openvoiceos,"hypernym.intent","indica un hiperònim de {query}"
ovos-skill-wordnet.openvoiceos,"hypernym.intent","indica un sinònim de {query}"
ovos-skill-wordnet.openvoiceos,"hypernym.intent","indica'm un hiperònim de {query}"
ovos-skill-wordnet.openvoiceos,"hypernym.intent","indica'm un sinònim de {query}"
ovos-skill-wordnet.openvoiceos,"hypernym.intent","què és un hiperònim de {query}"
ovos-skill-wordnet.openvoiceos,"hypernym.intent","què és un sinònim de {query}"
ovos-skill-wordnet.openvoiceos,"hypernym.intent","vull saber un hiperònim de {query}"
ovos-skill-wordnet.openvoiceos,"hypernym.intent","vull saber un sinònim de {query}"
ovos-skill-wordnet.openvoiceos,"lemma.intent","digue'me quin lema té {query}"
ovos-skill-wordnet.openvoiceos,"lemma.intent","digues quin lema té {query}"
ovos-skill-wordnet.openvoiceos,"lemma.intent","dis-me quin lema té {query}"
ovos-skill-wordnet.openvoiceos,"lemma.intent","quin lema té {query}"
ovos-skill-wordnet.openvoiceos,"lemma.intent","digue'me quin és el lema d' {query}"
ovos-skill-wordnet.openvoiceos,"lemma.intent","digue'me quin és el lema de {query}"
ovos-skill-wordnet.openvoiceos,"lemma.intent","digue'me quin és el lema per a {query}"
ovos-skill-wordnet.openvoiceos,"lemma.intent","digue'me quin és el lema per {query}"
ovos-skill-wordnet.openvoiceos,"lemma.intent","digues quin és el lema d' {query}"
ovos-skill-wordnet.openvoiceos,"lemma.intent","digues quin és el lema de {query}"
ovos-skill-wordnet.openvoiceos,"lemma.intent","digues quin és el lema per a {query}"
ovos-skill-wordnet.openvoiceos,"lemma.intent","digues quin és el lema per {query}"
ovos-skill-wordnet.openvoiceos,"lemma.intent","dis-me quin és el lema d' {query}"
ovos-skill-wordnet.openvoiceos,"lemma.intent","dis-me quin és el lema de {query}"
ovos-skill-wordnet.openvoiceos,"lemma.intent","dis-me quin és el lema per a {query}"
ovos-skill-wordnet.openvoiceos,"lemma.intent","dis-me quin és el lema per {query}"
ovos-skill-wordnet.openvoiceos,"lemma.intent","quin és el lema d' {query}"
ovos-skill-wordnet.openvoiceos,"lemma.intent","quin és el lema de {query}"
ovos-skill-wordnet.openvoiceos,"lemma.intent","quin és el lema per a {query}"
ovos-skill-wordnet.openvoiceos,"lemma.intent","quin és el lema per {query}"
ovos-skill-wordnet.openvoiceos,"lemma.intent","digue'me quins són els lemes d' {query}"
ovos-skill-wordnet.openvoiceos,"lemma.intent","digue'me quins són els lemes de {query}"
ovos-skill-wordnet.openvoiceos,"lemma.intent","digue'me quins són els lemes per a {query}"
ovos-skill-wordnet.openvoiceos,"lemma.intent","digue'me quins són els lemes per {query}"
ovos-skill-wordnet.openvoiceos,"lemma.intent","digues quins són els lemes d' {query}"
ovos-skill-wordnet.openvoiceos,"lemma.intent","digues quins són els lemes de {query}"
ovos-skill-wordnet.openvoiceos,"lemma.intent","digues quins són els lemes per a {query}"
ovos-skill-wordnet.openvoiceos,"lemma.intent","digues quins són els lemes per {query}"
ovos-skill-wordnet.openvoiceos,"lemma.intent","dis-me quins són els lemes d' {query}"
ovos-skill-wordnet.openvoiceos,"lemma.intent","dis-me quins són els lemes de {query}"
ovos-skill-wordnet.openvoiceos,"lemma.intent","dis-me quins són els lemes per a {query}"
ovos-skill-wordnet.openvoiceos,"lemma.intent","dis-me quins són els lemes per {query}"
ovos-skill-wordnet.openvoiceos,"lemma.intent","quins són els lemes d' {query}"
ovos-skill-wordnet.openvoiceos,"lemma.intent","quins són els lemes de {query}"
ovos-skill-wordnet.openvoiceos,"lemma.intent","quins són els lemes per a {query}"
ovos-skill-wordnet.openvoiceos,"lemma.intent","quins són els lemes per {query}"
ovos-skill-wordnet.openvoiceos,"antonym.intent","digue'm antònim de {query}"
ovos-skill-wordnet.openvoiceos,"antonym.intent","digue'm l'antònim de {query}"
ovos-skill-wordnet.openvoiceos,"antonym.intent","digue'm s'antònim de {query}"
ovos-skill-wordnet.openvoiceos,"antonym.intent","digues antònim de {query}"
ovos-skill-wordnet.openvoiceos,"antonym.intent","digues l'antònim de {query}"
ovos-skill-wordnet.openvoiceos,"antonym.intent","digues s'antònim de {query}"
ovos-skill-wordnet.openvoiceos,"antonym.intent","digues-me antònim de {query}"
ovos-skill-wordnet.openvoiceos,"antonym.intent","digues-me l'antònim de {query}"
ovos-skill-wordnet.openvoiceos,"antonym.intent","digues-me s'antònim de {query}"
ovos-skill-wordnet.openvoiceos,"antonym.intent","dona antònim de {query}"
ovos-skill-wordnet.openvoiceos,"antonym.intent","dona l'antònim de {query}"
ovos-skill-wordnet.openvoiceos,"antonym.intent","dona s'antònim de {query}"
ovos-skill-wordnet.openvoiceos,"antonym.intent","dona'm antònim de {query}"
ovos-skill-wordnet.openvoiceos,"antonym.intent","dona'm l'antònim de {query}"
ovos-skill-wordnet.openvoiceos,"antonym.intent","dona'm s'antònim de {query}"
ovos-skill-wordnet.openvoiceos,"antonym.intent","dóna antònim de {query}"
ovos-skill-wordnet.openvoiceos,"antonym.intent","dóna l'antònim de {query}"
ovos-skill-wordnet.openvoiceos,"antonym.intent","dóna s'antònim de {query}"
ovos-skill-wordnet.openvoiceos,"antonym.intent","dóna'm antònim de {query}"
ovos-skill-wordnet.openvoiceos,"antonym.intent","dóna'm l'antònim de {query}"
ovos-skill-wordnet.openvoiceos,"antonym.intent","dóna'm s'antònim de {query}"
ovos-skill-wordnet.openvoiceos,"antonym.intent","indica antònim de {query}"
ovos-skill-wordnet.openvoiceos,"antonym.intent","indica l'antònim de {query}"
ovos-skill-wordnet.openvoiceos,"antonym.intent","indica s'antònim de {query}"
ovos-skill-wordnet.openvoiceos,"antonym.intent","indica'm antònim de {query}"
ovos-skill-wordnet.openvoiceos,"antonym.intent","indica'm l'antònim de {query}"
ovos-skill-wordnet.openvoiceos,"antonym.intent","indica'm s'antònim de {query}"
ovos-skill-wordnet.openvoiceos,"antonym.intent","quin és antònim de {query}"
ovos-skill-wordnet.openvoiceos,"antonym.intent","quin és l'antònim de {query}"
ovos-skill-wordnet.openvoiceos,"antonym.intent","quin és s'antònim de {query}"
ovos-skill-wordnet.openvoiceos,"antonym.intent","vull saber antònim de {query}"
ovos-skill-wordnet.openvoiceos,"antonym.intent","vull saber l'antònim de {query}"
ovos-skill-wordnet.openvoiceos,"antonym.intent","vull saber s'antònim de {query}"
ovos-skill-wordnet.openvoiceos,"antonym.intent","digue'm els antònims de {query}"
ovos-skill-wordnet.openvoiceos,"antonym.intent","digues els antònims de {query}"
ovos-skill-wordnet.openvoiceos,"antonym.intent","digues-me els antònims de {query}"
ovos-skill-wordnet.openvoiceos,"antonym.intent","dona els antònims de {query}"
ovos-skill-wordnet.openvoiceos,"antonym.intent","dona'm els antònims de {query}"
ovos-skill-wordnet.openvoiceos,"antonym.intent","dóna els antònims de {query}"
ovos-skill-wordnet.openvoiceos,"antonym.intent","dóna'm els antònims de {query}"
ovos-skill-wordnet.openvoiceos,"antonym.intent","indica els antònims de {query}"
ovos-skill-wordnet.openvoiceos,"antonym.intent","indica'm els antònims de {query}"
ovos-skill-wordnet.openvoiceos,"antonym.intent","quins són els antònims de {query}"
ovos-skill-wordnet.openvoiceos,"antonym.intent","vull saber els antònims de {query}"
ovos-skill-wordnet.openvoiceos,"antonym.intent","digue'm un antònim de {query}"
ovos-skill-wordnet.openvoiceos,"antonym.intent","digues un antònim de {query}"
ovos-skill-wordnet.openvoiceos,"antonym.intent","digues-me un antònim de {query}"
ovos-skill-wordnet.openvoiceos,"antonym.intent","dona un antònim de {query}"
ovos-skill-wordnet.openvoiceos,"antonym.intent","dona'm un antònim de {query}"
ovos-skill-wordnet.openvoiceos,"antonym.intent","dóna un antònim de {query}"
ovos-skill-wordnet.openvoiceos,"antonym.intent","dóna'm un antònim de {query}"
ovos-skill-wordnet.openvoiceos,"antonym.intent","indica un antònim de {query}"
ovos-skill-wordnet.openvoiceos,"antonym.intent","indica'm un antònim de {query}"
ovos-skill-wordnet.openvoiceos,"antonym.intent","què és un antònim de {query}"
ovos-skill-wordnet.openvoiceos,"antonym.intent","vull saber un antònim de {query}"