domain,intent,utterance
ovos-skill-alerts.openvoiceos,"missed_alerts.intent","did i miss  alarm"
ovos-skill-alerts.openvoiceos,"missed_alerts.intent","did i miss  alarms"
ovos-skill-alerts.openvoiceos,"missed_alerts.intent","did i miss  alert"
ovos-skill-alerts.openvoiceos,"missed_alerts.intent","did i miss  alerts"
ovos-skill-alerts.openvoiceos,"missed_alerts.intent","did i miss  event"
ovos-skill-alerts.openvoiceos,"missed_alerts.intent","did i miss  events"
ovos-skill-alerts.openvoiceos,"missed_alerts.intent","did i miss  reminder"
ovos-skill-alerts.openvoiceos,"missed_alerts.intent","did i miss  reminders"
ovos-skill-alerts.openvoiceos,"missed_alerts.intent","did i miss  timer"
ovos-skill-alerts.openvoiceos,"missed_alerts.intent","did i miss  timers"
ovos-skill-alerts.openvoiceos,"missed_alerts.intent","did i miss a alarm"
ovos-skill-alerts.openvoiceos,"missed_alerts.intent","did i miss a alarms"
ovos-skill-alerts.openvoiceos,"missed_alerts.intent","did i miss a alert"
ovos-skill-alerts.openvoiceos,"missed_alerts.intent","did i miss a alerts"
ovos-skill-alerts.openvoiceos,"missed_alerts.intent","did i miss a event"
ovos-skill-alerts.openvoiceos,"missed_alerts.intent","did i miss a events"
ovos-skill-alerts.openvoiceos,"missed_alerts.intent","did i miss a reminder"
ovos-skill-alerts.openvoiceos,"missed_alerts.intent","did i miss a reminders"
ovos-skill-alerts.openvoiceos,"missed_alerts.intent","did i miss a timer"
ovos-skill-alerts.openvoiceos,"missed_alerts.intent","did i miss a timers"
ovos-skill-alerts.openvoiceos,"missed_alerts.intent","did i miss an alarm"
ovos-skill-alerts.openvoiceos,"missed_alerts.intent","did i miss an alarms"
ovos-skill-alerts.openvoiceos,"missed_alerts.intent","did i miss an alert"
ovos-skill-alerts.openvoiceos,"missed_alerts.intent","did i miss an alerts"
ovos-skill-alerts.openvoiceos,"missed_alerts.intent","did i miss an event"
ovos-skill-alerts.openvoiceos,"missed_alerts.intent","did i miss an events"
ovos-skill-alerts.openvoiceos,"missed_alerts.intent","did i miss an reminder"
ovos-skill-alerts.openvoiceos,"missed_alerts.intent","did i miss an reminders"
ovos-skill-alerts.openvoiceos,"missed_alerts.intent","did i miss an timer"
ovos-skill-alerts.openvoiceos,"missed_alerts.intent","did i miss an timers"
ovos-skill-alerts.openvoiceos,"missed_alerts.intent","did i miss any alarm"
ovos-skill-alerts.openvoiceos,"missed_alerts.intent","did i miss any alarms"
ovos-skill-alerts.openvoiceos,"missed_alerts.intent","did i miss any alert"
ovos-skill-alerts.openvoiceos,"missed_alerts.intent","did i miss any alerts"
ovos-skill-alerts.openvoiceos,"missed_alerts.intent","did i miss any event"
ovos-skill-alerts.openvoiceos,"missed_alerts.intent","did i miss any events"
ovos-skill-alerts.openvoiceos,"missed_alerts.intent","did i miss any reminder"
ovos-skill-alerts.openvoiceos,"missed_alerts.intent","did i miss any reminders"
ovos-skill-alerts.openvoiceos,"missed_alerts.intent","did i miss any timer"
ovos-skill-alerts.openvoiceos,"missed_alerts.intent","did i miss any timers"
ovos-skill-alerts.openvoiceos,"missed_alerts.intent","miss  alarm"
ovos-skill-alerts.openvoiceos,"missed_alerts.intent","miss  alarms"
ovos-skill-alerts.openvoiceos,"missed_alerts.intent","miss  alert"
ovos-skill-alerts.openvoiceos,"missed_alerts.intent","miss  alerts"
ovos-skill-alerts.openvoiceos,"missed_alerts.intent","miss  event"
ovos-skill-alerts.openvoiceos,"missed_alerts.intent","miss  events"
ovos-skill-alerts.openvoiceos,"missed_alerts.intent","miss  reminder"
ovos-skill-alerts.openvoiceos,"missed_alerts.intent","miss  reminders"
ovos-skill-alerts.openvoiceos,"missed_alerts.intent","miss  timer"
ovos-skill-alerts.openvoiceos,"missed_alerts.intent","miss  timers"
ovos-skill-alerts.openvoiceos,"missed_alerts.intent","miss a alarm"
ovos-skill-alerts.openvoiceos,"missed_alerts.intent","miss a alarms"
ovos-skill-alerts.openvoiceos,"missed_alerts.intent","miss a alert"
ovos-skill-alerts.openvoiceos,"missed_alerts.intent","miss a alerts"
ovos-skill-alerts.openvoiceos,"missed_alerts.intent","miss a event"
ovos-skill-alerts.openvoiceos,"missed_alerts.intent","miss a events"
ovos-skill-alerts.openvoiceos,"missed_alerts.intent","miss a reminder"
ovos-skill-alerts.openvoiceos,"missed_alerts.intent","miss a reminders"
ovos-skill-alerts.openvoiceos,"missed_alerts.intent","miss a timer"
ovos-skill-alerts.openvoiceos,"missed_alerts.intent","miss a timers"
ovos-skill-alerts.openvoiceos,"missed_alerts.intent","miss an alarm"
ovos-skill-alerts.openvoiceos,"missed_alerts.intent","miss an alarms"
ovos-skill-alerts.openvoiceos,"missed_alerts.intent","miss an alert"
ovos-skill-alerts.openvoiceos,"missed_alerts.intent","miss an alerts"
ovos-skill-alerts.openvoiceos,"missed_alerts.intent","miss an event"
ovos-skill-alerts.openvoiceos,"missed_alerts.intent","miss an events"
ovos-skill-alerts.openvoiceos,"missed_alerts.intent","miss an reminder"
ovos-skill-alerts.openvoiceos,"missed_alerts.intent","miss an reminders"
ovos-skill-alerts.openvoiceos,"missed_alerts.intent","miss an timer"
ovos-skill-alerts.openvoiceos,"missed_alerts.intent","miss an timers"
ovos-skill-alerts.openvoiceos,"missed_alerts.intent","miss any alarm"
ovos-skill-alerts.openvoiceos,"missed_alerts.intent","miss any alarms"
ovos-skill-alerts.openvoiceos,"missed_alerts.intent","miss any alert"
ovos-skill-alerts.openvoiceos,"missed_alerts.intent","miss any alerts"
ovos-skill-alerts.openvoiceos,"missed_alerts.intent","miss any event"
ovos-skill-alerts.openvoiceos,"missed_alerts.intent","miss any events"
ovos-skill-alerts.openvoiceos,"missed_alerts.intent","miss any reminder"
ovos-skill-alerts.openvoiceos,"missed_alerts.intent","miss any reminders"
ovos-skill-alerts.openvoiceos,"missed_alerts.intent","miss any timer"
ovos-skill-alerts.openvoiceos,"missed_alerts.intent","miss any timers"
ovos-skill-alerts.openvoiceos,"missed_alerts.intent","have i missed  alarm"
ovos-skill-alerts.openvoiceos,"missed_alerts.intent","have i missed  alarms"
ovos-skill-alerts.openvoiceos,"missed_alerts.intent","have i missed  alert"
ovos-skill-alerts.openvoiceos,"missed_alerts.intent","have i missed  alerts"
ovos-skill-alerts.openvoiceos,"missed_alerts.intent","have i missed  event"
ovos-skill-alerts.openvoiceos,"missed_alerts.intent","have i missed  events"
ovos-skill-alerts.openvoiceos,"missed_alerts.intent","have i missed  reminder"
ovos-skill-alerts.openvoiceos,"missed_alerts.intent","have i missed  reminders"
ovos-skill-alerts.openvoiceos,"missed_alerts.intent","have i missed  timer"
ovos-skill-alerts.openvoiceos,"missed_alerts.intent","have i missed  timers"
ovos-skill-alerts.openvoiceos,"missed_alerts.intent","have i missed a alarm"
ovos-skill-alerts.openvoiceos,"missed_alerts.intent","have i missed a alarms"
ovos-skill-alerts.openvoiceos,"missed_alerts.intent","have i missed a alert"
ovos-skill-alerts.openvoiceos,"missed_alerts.intent","have i missed a alerts"
ovos-skill-alerts.openvoiceos,"missed_alerts.intent","have i missed a event"
ovos-skill-alerts.openvoiceos,"missed_alerts.intent","have i missed a events"
ovos-skill-alerts.openvoiceos,"missed_alerts.intent","have i missed a reminder"
ovos-skill-alerts.openvoiceos,"missed_alerts.intent","have i missed a reminders"
ovos-skill-alerts.openvoiceos,"missed_alerts.intent","have i missed a timer"
ovos-skill-alerts.openvoiceos,"missed_alerts.intent","have i missed a timers"
ovos-skill-alerts.openvoiceos,"missed_alerts.intent","have i missed an alarm"
ovos-skill-alerts.openvoiceos,"missed_alerts.intent","have i missed an alarms"
ovos-skill-alerts.openvoiceos,"missed_alerts.intent","have i missed an alert"
ovos-skill-alerts.openvoiceos,"missed_alerts.intent","have i missed an alerts"
ovos-skill-alerts.openvoiceos,"missed_alerts.intent","have i missed an event"
ovos-skill-alerts.openvoiceos,"missed_alerts.intent","have i missed an events"
ovos-skill-alerts.openvoiceos,"missed_alerts.intent","have i missed an reminder"
ovos-skill-alerts.openvoiceos,"missed_alerts.intent","have i missed an reminders"
ovos-skill-alerts.openvoiceos,"missed_alerts.intent","have i missed an timer"
ovos-skill-alerts.openvoiceos,"missed_alerts.intent","have i missed an timers"
ovos-skill-alerts.openvoiceos,"missed_alerts.intent","have i missed any alarm"
ovos-skill-alerts.openvoiceos,"missed_alerts.intent","have i missed any alarms"
ovos-skill-alerts.openvoiceos,"missed_alerts.intent","have i missed any alert"
ovos-skill-alerts.openvoiceos,"missed_alerts.intent","have i missed any alerts"
ovos-skill-alerts.openvoiceos,"missed_alerts.intent","have i missed any event"
ovos-skill-alerts.openvoiceos,"missed_alerts.intent","have i missed any events"
ovos-skill-alerts.openvoiceos,"missed_alerts.intent","have i missed any reminder"
ovos-skill-alerts.openvoiceos,"missed_alerts.intent","have i missed any reminders"
ovos-skill-alerts.openvoiceos,"missed_alerts.intent","have i missed any timer"
ovos-skill-alerts.openvoiceos,"missed_alerts.intent","have i missed any timers"
ovos-skill-alerts.openvoiceos,"missed_alerts.intent","missed  alarm"
ovos-skill-alerts.openvoiceos,"missed_alerts.intent","missed  alarms"
ovos-skill-alerts.openvoiceos,"missed_alerts.intent","missed  alert"
ovos-skill-alerts.openvoiceos,"missed_alerts.intent","missed  alerts"
ovos-skill-alerts.openvoiceos,"missed_alerts.intent","missed  event"
ovos-skill-alerts.openvoiceos,"missed_alerts.intent","missed  events"
ovos-skill-alerts.openvoiceos,"missed_alerts.intent","missed  reminder"
ovos-skill-alerts.openvoiceos,"missed_alerts.intent","missed  reminders"
ovos-skill-alerts.openvoiceos,"missed_alerts.intent","missed  timer"
ovos-skill-alerts.openvoiceos,"missed_alerts.intent","missed  timers"
ovos-skill-alerts.openvoiceos,"missed_alerts.intent","missed a alarm"
ovos-skill-alerts.openvoiceos,"missed_alerts.intent","missed a alarms"
ovos-skill-alerts.openvoiceos,"missed_alerts.intent","missed a alert"
ovos-skill-alerts.openvoiceos,"missed_alerts.intent","missed a alerts"
ovos-skill-alerts.openvoiceos,"missed_alerts.intent","missed a event"
ovos-skill-alerts.openvoiceos,"missed_alerts.intent","missed a events"
ovos-skill-alerts.openvoiceos,"missed_alerts.intent","missed a reminder"
ovos-skill-alerts.openvoiceos,"missed_alerts.intent","missed a reminders"
ovos-skill-alerts.openvoiceos,"missed_alerts.intent","missed a timer"
ovos-skill-alerts.openvoiceos,"missed_alerts.intent","missed a timers"
ovos-skill-alerts.openvoiceos,"missed_alerts.intent","missed an alarm"
ovos-skill-alerts.openvoiceos,"missed_alerts.intent","missed an alarms"
ovos-skill-alerts.openvoiceos,"missed_alerts.intent","missed an alert"
ovos-skill-alerts.openvoiceos,"missed_alerts.intent","missed an alerts"
ovos-skill-alerts.openvoiceos,"missed_alerts.intent","missed an event"
ovos-skill-alerts.openvoiceos,"missed_alerts.intent","missed an events"
ovos-skill-alerts.openvoiceos,"missed_alerts.intent","missed an reminder"
ovos-skill-alerts.openvoiceos,"missed_alerts.intent","missed an reminders"
ovos-skill-alerts.openvoiceos,"missed_alerts.intent","missed an timer"
ovos-skill-alerts.openvoiceos,"missed_alerts.intent","missed an timers"
ovos-skill-alerts.openvoiceos,"missed_alerts.intent","missed any alarm"
ovos-skill-alerts.openvoiceos,"missed_alerts.intent","missed any alarms"
ovos-skill-alerts.openvoiceos,"missed_alerts.intent","missed any alert"
ovos-skill-alerts.openvoiceos,"missed_alerts.intent","missed any alerts"
ovos-skill-alerts.openvoiceos,"missed_alerts.intent","missed any event"
ovos-skill-alerts.openvoiceos,"missed_alerts.intent","missed any events"
ovos-skill-alerts.openvoiceos,"missed_alerts.intent","missed any reminder"
ovos-skill-alerts.openvoiceos,"missed_alerts.intent","missed any reminders"
ovos-skill-alerts.openvoiceos,"missed_alerts.intent","missed any timer"
ovos-skill-alerts.openvoiceos,"missed_alerts.intent","missed any timers"
ovos-skill-alerts.openvoiceos,"missed_alerts.intent","what alarm did i miss"
ovos-skill-alerts.openvoiceos,"missed_alerts.intent","what alarm have i missed"
ovos-skill-alerts.openvoiceos,"missed_alerts.intent","what alarms did i miss"
ovos-skill-alerts.openvoiceos,"missed_alerts.intent","what alarms have i missed"
ovos-skill-alerts.openvoiceos,"missed_alerts.intent","what alert did i miss"
ovos-skill-alerts.openvoiceos,"missed_alerts.intent","what alert have i missed"
ovos-skill-alerts.openvoiceos,"missed_alerts.intent","what alerts did i miss"
ovos-skill-alerts.openvoiceos,"missed_alerts.intent","what alerts have i missed"
ovos-skill-alerts.openvoiceos,"missed_alerts.intent","what event did i miss"
ovos-skill-alerts.openvoiceos,"missed_alerts.intent","what event have i missed"
ovos-skill-alerts.openvoiceos,"missed_alerts.intent","what events did i miss"
ovos-skill-alerts.openvoiceos,"missed_alerts.intent","what events have i missed"
ovos-skill-alerts.openvoiceos,"missed_alerts.intent","what reminder did i miss"
ovos-skill-alerts.openvoiceos,"missed_alerts.intent","what reminder have i missed"
ovos-skill-alerts.openvoiceos,"missed_alerts.intent","what reminders did i miss"
ovos-skill-alerts.openvoiceos,"missed_alerts.intent","what reminders have i missed"
ovos-skill-alerts.openvoiceos,"missed_alerts.intent","what timer did i miss"
ovos-skill-alerts.openvoiceos,"missed_alerts.intent","what timer have i missed"
ovos-skill-alerts.openvoiceos,"missed_alerts.intent","what timers did i miss"
ovos-skill-alerts.openvoiceos,"missed_alerts.intent","what timers have i missed"
ovos-skill-alerts.openvoiceos,"missed_alerts.intent","which alarm did i miss"
ovos-skill-alerts.openvoiceos,"missed_alerts.intent","which alarm have i missed"
ovos-skill-alerts.openvoiceos,"missed_alerts.intent","which alarms did i miss"
ovos-skill-alerts.openvoiceos,"missed_alerts.intent","which alarms have i missed"
ovos-skill-alerts.openvoiceos,"missed_alerts.intent","which alert did i miss"
ovos-skill-alerts.openvoiceos,"missed_alerts.intent","which alert have i missed"
ovos-skill-alerts.openvoiceos,"missed_alerts.intent","which alerts did i miss"
ovos-skill-alerts.openvoiceos,"missed_alerts.intent","which alerts have i missed"
ovos-skill-alerts.openvoiceos,"missed_alerts.intent","which event did i miss"
ovos-skill-alerts.openvoiceos,"missed_alerts.intent","which event have i missed"
ovos-skill-alerts.openvoiceos,"missed_alerts.intent","which events did i miss"
ovos-skill-alerts.openvoiceos,"missed_alerts.intent","which events have i missed"
ovos-skill-alerts.openvoiceos,"missed_alerts.intent","which reminder did i miss"
ovos-skill-alerts.openvoiceos,"missed_alerts.intent","which reminder have i missed"
ovos-skill-alerts.openvoiceos,"missed_alerts.intent","which reminders did i miss"
ovos-skill-alerts.openvoiceos,"missed_alerts.intent","which reminders have i missed"
ovos-skill-alerts.openvoiceos,"missed_alerts.intent","which timer did i miss"
ovos-skill-alerts.openvoiceos,"missed_alerts.intent","which timer have i missed"
ovos-skill-alerts.openvoiceos,"missed_alerts.intent","which timers did i miss"
ovos-skill-alerts.openvoiceos,"missed_alerts.intent","which timers have i missed"
ovos-skill-camera.openvoiceos,"take_picture.intent","take a photo"
ovos-skill-camera.openvoiceos,"take_picture.intent","take a picture"
ovos-skill-camera.openvoiceos,"have_camera.intent","can I use the camera"
ovos-skill-camera.openvoiceos,"have_camera.intent","can you access the camera"
ovos-skill-camera.openvoiceos,"have_camera.intent","do you have a camera"
ovos-skill-camera.openvoiceos,"have_camera.intent","is a camera available"
ovos-skill-camera.openvoiceos,"have_camera.intent","is the camera working"
ovos-skill-camera.openvoiceos,"have_camera.intent","is there a camera"
ovos-skill-confucius-quotes.openvoiceos,"who.intent","who is confucius"
ovos-skill-confucius-quotes.openvoiceos,"who.intent","who was confucius"
ovos-skill-days-in-history.openvoiceos,"deaths_in_history.intent","who died today in history"
ovos-skill-days-in-history.openvoiceos,"births_in_history.intent","who was born today in history"
ovos-skill-days-in-history.openvoiceos,"today_in_history.intent","tell me about  happened this date"
ovos-skill-days-in-history.openvoiceos,"today_in_history.intent","tell me about  happened this date in history"
ovos-skill-days-in-history.openvoiceos,"today_in_history.intent","tell me about  happened this day"
ovos-skill-days-in-history.openvoiceos,"today_in_history.intent","tell me about  happened this day in history"
ovos-skill-days-in-history.openvoiceos,"today_in_history.intent","tell me about  happened today"
ovos-skill-days-in-history.openvoiceos,"today_in_history.intent","tell me about  happened today in history"
ovos-skill-days-in-history.openvoiceos,"today_in_history.intent","tell me about historical events happened this date"
ovos-skill-days-in-history.openvoiceos,"today_in_history.intent","tell me about historical events happened this date in history"
ovos-skill-days-in-history.openvoiceos,"today_in_history.intent","tell me about historical events happened this day"
ovos-skill-days-in-history.openvoiceos,"today_in_history.intent","tell me about historical events happened this day in history"
ovos-skill-days-in-history.openvoiceos,"today_in_history.intent","tell me about historical events happened today"
ovos-skill-days-in-history.openvoiceos,"today_in_history.intent","tell me about historical events happened today in history"
ovos-skill-days-in-history.openvoiceos,"today_in_history.intent","what  happened this date"
ovos-skill-days-in-history.openvoiceos,"today_in_history.intent","what  happened this date in history"
ovos-skill-days-in-history.openvoiceos,"today_in_history.intent","what  happened this day"
ovos-skill-days-in-history.openvoiceos,"today_in_history.intent","what  happened this day in history"
ovos-skill-days-in-history.openvoiceos,"today_in_history.intent","what  happened today"
ovos-skill-days-in-history.openvoiceos,"today_in_history.intent","what  happened today in history"
ovos-skill-days-in-history.openvoiceos,"today_in_history.intent","what historical events happened this date"
ovos-skill-days-in-history.openvoiceos,"today_in_history.intent","what historical events happened this date in history"
ovos-skill-days-in-history.openvoiceos,"today_in_history.intent","what historical events happened this day"
ovos-skill-days-in-history.openvoiceos,"today_in_history.intent","what historical events happened this day in history"
ovos-skill-days-in-history.openvoiceos,"today_in_history.intent","what historical events happened today"
ovos-skill-days-in-history.openvoiceos,"today_in_history.intent","what historical events happened today in history"
ovos-skill-days-in-history.openvoiceos,"today_in_history.intent","tell me about  happened on {date}"
ovos-skill-days-in-history.openvoiceos,"today_in_history.intent","tell me about  happened on {date} in history"
ovos-skill-days-in-history.openvoiceos,"today_in_history.intent","tell me about historical events happened on {date}"
ovos-skill-days-in-history.openvoiceos,"today_in_history.intent","tell me about historical events happened on {date} in history"
ovos-skill-days-in-history.openvoiceos,"today_in_history.intent","what  happened on {date}"
ovos-skill-days-in-history.openvoiceos,"today_in_history.intent","what  happened on {date} in history"
ovos-skill-days-in-history.openvoiceos,"today_in_history.intent","what historical events happened on {date}"
ovos-skill-days-in-history.openvoiceos,"today_in_history.intent","what historical events happened on {date} in history"
ovos-skill-days-in-history.openvoiceos,"today_in_history.intent","this date in history"
ovos-skill-days-in-history.openvoiceos,"today_in_history.intent","this day in history"
ovos-skill-days-in-history.openvoiceos,"today_in_history.intent","today in history"
ovos-skill-diagnostics.openvoiceos,"query_primary_lang.intent","tell me your core language"
ovos-skill-diagnostics.openvoiceos,"query_primary_lang.intent","tell me your language"
ovos-skill-diagnostics.openvoiceos,"query_primary_lang.intent","what is your main language"
ovos-skill-diagnostics.openvoiceos,"query_primary_lang.intent","what is your primary language"
ovos-skill-diagnostics.openvoiceos,"query_primary_lang.intent","what language are you using"
ovos-skill-diagnostics.openvoiceos,"query_primary_lang.intent","what's your system language"
ovos-skill-diagnostics.openvoiceos,"query_primary_lang.intent","which language are you set to"
ovos-skill-diagnostics.openvoiceos,"query_primary_lang.intent","which language is your default"
ovos-skill-diagnostics.openvoiceos,"query_ovos_location.intent","tell me your location"
ovos-skill-diagnostics.openvoiceos,"query_ovos_location.intent","what is your current location"
ovos-skill-diagnostics.openvoiceos,"query_ovos_location.intent","what's your location"
ovos-skill-diagnostics.openvoiceos,"query_ovos_location.intent","where are you"
ovos-skill-diagnostics.openvoiceos,"query_langs.intent","what languages can you speak"
ovos-skill-diagnostics.openvoiceos,"query_langs.intent","what languages can you understand"
ovos-skill-diagnostics.openvoiceos,"query_langs.intent","which languages can you speak"
ovos-skill-diagnostics.openvoiceos,"query_langs.intent","which languages can you understand"
ovos-skill-diagnostics.openvoiceos,"query_langs.intent","available languages"
ovos-skill-diagnostics.openvoiceos,"query_langs.intent","list  languages"
ovos-skill-diagnostics.openvoiceos,"query_langs.intent","list available languages"
ovos-skill-diagnostics.openvoiceos,"query_langs.intent","list supported languages"
ovos-skill-diagnostics.openvoiceos,"query_langs.intent","list your languages"
ovos-skill-diagnostics.openvoiceos,"query_langs.intent","tell me all your languages"
ovos-skill-diagnostics.openvoiceos,"query_langs.intent","what are your system languages"
ovos-skill-diagnostics.openvoiceos,"query_langs.intent","what languages are you using"
ovos-skill-diagnostics.openvoiceos,"query_langs.intent","which languages are available"
ovos-skill-diagnostics.openvoiceos,"query_memory_usage.intent","current memory usage"
ovos-skill-diagnostics.openvoiceos,"query_memory_usage.intent","how much ram are you using"
ovos-skill-diagnostics.openvoiceos,"query_memory_usage.intent","memory diagnostics"
ovos-skill-diagnostics.openvoiceos,"query_memory_usage.intent","tell me your memory status"
ovos-skill-diagnostics.openvoiceos,"query_memory_usage.intent","what is your memory usage"
ovos-skill-diagnostics.openvoiceos,"query_memory_usage.intent","what's your available memory"
ovos-skill-diagnostics.openvoiceos,"query_extra_langs.intent","do you have secondary languages"
ovos-skill-diagnostics.openvoiceos,"query_extra_langs.intent","tell me your extra languages"
ovos-skill-diagnostics.openvoiceos,"query_extra_langs.intent","what are your additional languages"
ovos-skill-diagnostics.openvoiceos,"query_extra_langs.intent","what other languages do you have"
ovos-skill-diagnostics.openvoiceos,"query_extra_langs.intent","which extra languages are you using"
ovos-skill-diagnostics.openvoiceos,"query_cpu_usage.intent","cpu diagnostics"
ovos-skill-diagnostics.openvoiceos,"query_cpu_usage.intent","current cpu load"
ovos-skill-diagnostics.openvoiceos,"query_cpu_usage.intent","how much cpu are you using"
ovos-skill-diagnostics.openvoiceos,"query_cpu_usage.intent","how much processor is in use"
ovos-skill-diagnostics.openvoiceos,"query_cpu_usage.intent","tell me your cpu usage"
ovos-skill-diagnostics.openvoiceos,"query_cpu_usage.intent","what is the cpu load"
ovos-skill-diagnostics.openvoiceos,"query_cpu_usage.intent","what is your cpu usage"
ovos-skill-diagnostics.openvoiceos,"query_kernel_version.intent","tell me your kernel version"
ovos-skill-diagnostics.openvoiceos,"query_kernel_version.intent","what is your kernel version"
ovos-skill-diagnostics.openvoiceos,"query_kernel_version.intent","what kernel version are you using"
ovos-skill-diagnostics.openvoiceos,"query_kernel_version.intent","which kernel do you have"
ovos-skill-diagnostics.openvoiceos,"query_user_lang.intent","what language am I speaking"
ovos-skill-diagnostics.openvoiceos,"query_user_lang.intent","what language am I using"
ovos-skill-diagnostics.openvoiceos,"query_user_lang.intent","which language am I speaking"
ovos-skill-diagnostics.openvoiceos,"query_user_lang.intent","which language am I using"
ovos-skill-diagnostics.openvoiceos,"query_user_lang.intent","what language are we speaking"
ovos-skill-diagnostics.openvoiceos,"query_user_lang.intent","what language are we using"
ovos-skill-diagnostics.openvoiceos,"query_user_lang.intent","which language are we speaking"
ovos-skill-diagnostics.openvoiceos,"query_user_lang.intent","which language are we using"
ovos-skill-diagnostics.openvoiceos,"query_user_location.intent","tell me my location"
ovos-skill-diagnostics.openvoiceos,"query_user_location.intent","what is my current location"
ovos-skill-diagnostics.openvoiceos,"query_user_location.intent","what's my location"
ovos-skill-diagnostics.openvoiceos,"query_user_location.intent","where am i"
ovos-skill-diagnostics.openvoiceos,"query_gpu.intent","are you using a gpu"
ovos-skill-diagnostics.openvoiceos,"query_gpu.intent","do you have a gpu"
ovos-skill-diagnostics.openvoiceos,"query_gpu.intent","does your system have a gpu"
ovos-skill-diagnostics.openvoiceos,"query_gpu.intent","is there a gpu in your system"
ovos-skill-dictation.openvoiceos,"start_dictation.intent","activate dictation"
ovos-skill-dictation.openvoiceos,"start_dictation.intent","activate dictation with name {name}"
ovos-skill-dictation.openvoiceos,"start_dictation.intent","activate text capturing"
ovos-skill-dictation.openvoiceos,"start_dictation.intent","activate text capturing mode"
ovos-skill-dictation.openvoiceos,"start_dictation.intent","activate text transcription"
ovos-skill-dictation.openvoiceos,"start_dictation.intent","activate text transcription mode with the name {name}"
ovos-skill-dictation.openvoiceos,"start_dictation.intent","activate text transcription with name {name}"
ovos-skill-dictation.openvoiceos,"start_dictation.intent","activate voice-to-text recording as {name}"
ovos-skill-dictation.openvoiceos,"start_dictation.intent","begin capturing text"
ovos-skill-dictation.openvoiceos,"start_dictation.intent","begin capturing text named {name}"
ovos-skill-dictation.openvoiceos,"start_dictation.intent","begin converting speech to text"
ovos-skill-dictation.openvoiceos,"start_dictation.intent","begin dictation"
ovos-skill-dictation.openvoiceos,"start_dictation.intent","begin dictation named {name}"
ovos-skill-dictation.openvoiceos,"start_dictation.intent","begin dictation with name {name}"
ovos-skill-dictation.openvoiceos,"start_dictation.intent","begin note compilation"
ovos-skill-dictation.openvoiceos,"start_dictation.intent","begin note compilation named {name}"
ovos-skill-dictation.openvoiceos,"start_dictation.intent","begin note-taking"
ovos-skill-dictation.openvoiceos,"start_dictation.intent","begin note-taking as {name}"
ovos-skill-dictation.openvoiceos,"start_dictation.intent","begin note-taking named {name}"
ovos-skill-dictation.openvoiceos,"start_dictation.intent","begin note-taking named {name} please"
ovos-skill-dictation.openvoiceos,"start_dictation.intent","begin note-taking now"
ovos-skill-dictation.openvoiceos,"start_dictation.intent","begin note-taking now named {name}"
ovos-skill-dictation.openvoiceos,"start_dictation.intent","begin note-taking now please"
ovos-skill-dictation.openvoiceos,"start_dictation.intent","begin note-taking now please named {name}"
ovos-skill-dictation.openvoiceos,"start_dictation.intent","begin note-taking please"
ovos-skill-dictation.openvoiceos,"start_dictation.intent","begin note-taking please named {name}"
ovos-skill-dictation.openvoiceos,"start_dictation.intent","begin recording text"
ovos-skill-dictation.openvoiceos,"start_dictation.intent","begin recording text as {name}"
ovos-skill-dictation.openvoiceos,"start_dictation.intent","begin recording words as {name}"
ovos-skill-dictation.openvoiceos,"start_dictation.intent","begin saving to text"
ovos-skill-dictation.openvoiceos,"start_dictation.intent","begin taking dictation"
ovos-skill-dictation.openvoiceos,"start_dictation.intent","begin taking dictation named {name}"
ovos-skill-dictation.openvoiceos,"start_dictation.intent","begin taking notes"
ovos-skill-dictation.openvoiceos,"start_dictation.intent","begin taking notes named {name}"
ovos-skill-dictation.openvoiceos,"start_dictation.intent","begin text capture"
ovos-skill-dictation.openvoiceos,"start_dictation.intent","begin text capture named {name}"
ovos-skill-dictation.openvoiceos,"start_dictation.intent","begin text transcript creation"
ovos-skill-dictation.openvoiceos,"start_dictation.intent","begin text transcription named {name}"
ovos-skill-dictation.openvoiceos,"start_dictation.intent","begin textual documentation"
ovos-skill-dictation.openvoiceos,"start_dictation.intent","begin textual transcription"
ovos-skill-dictation.openvoiceos,"start_dictation.intent","begin transcribing"
ovos-skill-dictation.openvoiceos,"start_dictation.intent","begin transcribing as {name}"
ovos-skill-dictation.openvoiceos,"start_dictation.intent","begin transcribing text"
ovos-skill-dictation.openvoiceos,"start_dictation.intent","begin writing text"
ovos-skill-dictation.openvoiceos,"start_dictation.intent","begin writing text as {name}"
ovos-skill-dictation.openvoiceos,"start_dictation.intent","can we begin dictation"
ovos-skill-dictation.openvoiceos,"start_dictation.intent","can we begin dictation named {name}"
ovos-skill-dictation.openvoiceos,"start_dictation.intent","can we begin saving to text"
ovos-skill-dictation.openvoiceos,"start_dictation.intent","can you enable dictation mode"
ovos-skill-dictation.openvoiceos,"start_dictation.intent","can you enable text transcription"
ovos-skill-dictation.openvoiceos,"start_dictation.intent","can you initiate dictation"
ovos-skill-dictation.openvoiceos,"start_dictation.intent","can you initiate dictation named {name}"
ovos-skill-dictation.openvoiceos,"start_dictation.intent","can you initiate saving to text"
ovos-skill-dictation.openvoiceos,"start_dictation.intent","can you start dictation"
ovos-skill-dictation.openvoiceos,"start_dictation.intent","can you start dictation named {name}"
ovos-skill-dictation.openvoiceos,"start_dictation.intent","can you start saving to text"
ovos-skill-dictation.openvoiceos,"start_dictation.intent","enable dictation mode"
ovos-skill-dictation.openvoiceos,"start_dictation.intent","enable dictation mode for {name}"
ovos-skill-dictation.openvoiceos,"start_dictation.intent","enable dictation with name {name}"
ovos-skill-dictation.openvoiceos,"start_dictation.intent","enable speech-to-text mode"
ovos-skill-dictation.openvoiceos,"start_dictation.intent","enable text transcription"
ovos-skill-dictation.openvoiceos,"start_dictation.intent","enable text transcription with name {name}"
ovos-skill-dictation.openvoiceos,"start_dictation.intent","enable transcription feature"
ovos-skill-dictation.openvoiceos,"start_dictation.intent","initiate capturing text"
ovos-skill-dictation.openvoiceos,"start_dictation.intent","initiate capturing text named {name}"
ovos-skill-dictation.openvoiceos,"start_dictation.intent","initiate dictation"
ovos-skill-dictation.openvoiceos,"start_dictation.intent","initiate dictation named {name}"
ovos-skill-dictation.openvoiceos,"start_dictation.intent","initiate dictation with name {name}"
ovos-skill-dictation.openvoiceos,"start_dictation.intent","initiate note recording"
ovos-skill-dictation.openvoiceos,"start_dictation.intent","initiate note-making"
ovos-skill-dictation.openvoiceos,"start_dictation.intent","initiate note-taking"
ovos-skill-dictation.openvoiceos,"start_dictation.intent","initiate note-taking as {name}"
ovos-skill-dictation.openvoiceos,"start_dictation.intent","initiate note-taking named {name}"
ovos-skill-dictation.openvoiceos,"start_dictation.intent","initiate note-taking named {name} please"
ovos-skill-dictation.openvoiceos,"start_dictation.intent","initiate note-taking now"
ovos-skill-dictation.openvoiceos,"start_dictation.intent","initiate note-taking now named {name}"
ovos-skill-dictation.openvoiceos,"start_dictation.intent","initiate note-taking now please"
ovos-skill-dictation.openvoiceos,"start_dictation.intent","initiate note-taking now please named {name}"
ovos-skill-dictation.openvoiceos,"start_dictation.intent","initiate note-taking please"
ovos-skill-dictation.openvoiceos,"start_dictation.intent","initiate note-taking please named {name}"
ovos-skill-dictation.openvoiceos,"start_dictation.intent","initiate recording text"
ovos-skill-dictation.openvoiceos,"start_dictation.intent","initiate recording text as {name}"
ovos-skill-dictation.openvoiceos,"start_dictation.intent","initiate saving to text"
ovos-skill-dictation.openvoiceos,"start_dictation.intent","initiate speech-to-text conversion"
ovos-skill-dictation.openvoiceos,"start_dictation.intent","initiate taking dictation"
ovos-skill-dictation.openvoiceos,"start_dictation.intent","initiate taking dictation named {name}"
ovos-skill-dictation.openvoiceos,"start_dictation.intent","initiate text capture"
ovos-skill-dictation.openvoiceos,"start_dictation.intent","initiate text capture named {name}"
ovos-skill-dictation.openvoiceos,"start_dictation.intent","initiate text capturing as {name}"
ovos-skill-dictation.openvoiceos,"start_dictation.intent","initiate text capturing with the name {name}"
ovos-skill-dictation.openvoiceos,"start_dictation.intent","initiate text dictation"
ovos-skill-dictation.openvoiceos,"start_dictation.intent","initiate transcribing"
ovos-skill-dictation.openvoiceos,"start_dictation.intent","initiate transcribing as {name}"
ovos-skill-dictation.openvoiceos,"start_dictation.intent","initiate voice-to-text conversion named {name}"
ovos-skill-dictation.openvoiceos,"start_dictation.intent","initiate voice-to-text recording"
ovos-skill-dictation.openvoiceos,"start_dictation.intent","initiate writing text"
ovos-skill-dictation.openvoiceos,"start_dictation.intent","initiate writing text as {name}"
ovos-skill-dictation.openvoiceos,"start_dictation.intent","let's begin dictation"
ovos-skill-dictation.openvoiceos,"start_dictation.intent","let's begin dictation named {name}"
ovos-skill-dictation.openvoiceos,"start_dictation.intent","let's begin saving to text"
ovos-skill-dictation.openvoiceos,"start_dictation.intent","let's enable dictation mode"
ovos-skill-dictation.openvoiceos,"start_dictation.intent","let's enable text transcription"
ovos-skill-dictation.openvoiceos,"start_dictation.intent","let's initiate dictation"
ovos-skill-dictation.openvoiceos,"start_dictation.intent","let's initiate dictation named {name}"
ovos-skill-dictation.openvoiceos,"start_dictation.intent","let's initiate saving to text"
ovos-skill-dictation.openvoiceos,"start_dictation.intent","let's start dictation"
ovos-skill-dictation.openvoiceos,"start_dictation.intent","let's start dictation named {name}"
ovos-skill-dictation.openvoiceos,"start_dictation.intent","let's start saving to text"
ovos-skill-dictation.openvoiceos,"start_dictation.intent","record text"
ovos-skill-dictation.openvoiceos,"start_dictation.intent","record text as {name}"
ovos-skill-dictation.openvoiceos,"start_dictation.intent","record text as {name} now"
ovos-skill-dictation.openvoiceos,"start_dictation.intent","record text as {name} now please"
ovos-skill-dictation.openvoiceos,"start_dictation.intent","record text named {name}"
ovos-skill-dictation.openvoiceos,"start_dictation.intent","record text named {name} please"
ovos-skill-dictation.openvoiceos,"start_dictation.intent","record text now"
ovos-skill-dictation.openvoiceos,"start_dictation.intent","record text now named {name}"
ovos-skill-dictation.openvoiceos,"start_dictation.intent","record text now please"
ovos-skill-dictation.openvoiceos,"start_dictation.intent","record text now please named {name}"
ovos-skill-dictation.openvoiceos,"start_dictation.intent","record text please"
ovos-skill-dictation.openvoiceos,"start_dictation.intent","record text please named {name}"
ovos-skill-dictation.openvoiceos,"start_dictation.intent","start capturing text"
ovos-skill-dictation.openvoiceos,"start_dictation.intent","start capturing text as {name}"
ovos-skill-dictation.openvoiceos,"start_dictation.intent","start capturing text named {name}"
ovos-skill-dictation.openvoiceos,"start_dictation.intent","start dictation"
ovos-skill-dictation.openvoiceos,"start_dictation.intent","start dictation named {name}"
ovos-skill-dictation.openvoiceos,"start_dictation.intent","start dictation with name {name}"
ovos-skill-dictation.openvoiceos,"start_dictation.intent","start jotting down notes"
ovos-skill-dictation.openvoiceos,"start_dictation.intent","start note-taking with the name {name}"
ovos-skill-dictation.openvoiceos,"start_dictation.intent","start recording text"
ovos-skill-dictation.openvoiceos,"start_dictation.intent","start recording text as {name}"
ovos-skill-dictation.openvoiceos,"start_dictation.intent","start recording verbal information"
ovos-skill-dictation.openvoiceos,"start_dictation.intent","start saving spoken words"
ovos-skill-dictation.openvoiceos,"start_dictation.intent","start saving to text"
ovos-skill-dictation.openvoiceos,"start_dictation.intent","start taking dictation"
ovos-skill-dictation.openvoiceos,"start_dictation.intent","start taking dictation named {name}"
ovos-skill-dictation.openvoiceos,"start_dictation.intent","start taking notes"
ovos-skill-dictation.openvoiceos,"start_dictation.intent","start taking notes named {name}"
ovos-skill-dictation.openvoiceos,"start_dictation.intent","start text capture"
ovos-skill-dictation.openvoiceos,"start_dictation.intent","start text capture named {name}"
ovos-skill-dictation.openvoiceos,"start_dictation.intent","start text transcription process"
ovos-skill-dictation.openvoiceos,"start_dictation.intent","start textual content generation"
ovos-skill-dictation.openvoiceos,"start_dictation.intent","start textual note-taking"
ovos-skill-dictation.openvoiceos,"start_dictation.intent","start transcribing"
ovos-skill-dictation.openvoiceos,"start_dictation.intent","start transcribing as {name}"
ovos-skill-dictation.openvoiceos,"start_dictation.intent","start transcribing audio as {name}"
ovos-skill-dictation.openvoiceos,"start_dictation.intent","start typing from voice"
ovos-skill-dictation.openvoiceos,"start_dictation.intent","start writing text"
ovos-skill-dictation.openvoiceos,"start_dictation.intent","start writing text as {name}"
ovos-skill-dictation.openvoiceos,"stop_dictation.intent","can we end capturing text"
ovos-skill-dictation.openvoiceos,"stop_dictation.intent","can we end dictation"
ovos-skill-dictation.openvoiceos,"stop_dictation.intent","can we end note-taking"
ovos-skill-dictation.openvoiceos,"stop_dictation.intent","can we end transcription"
ovos-skill-dictation.openvoiceos,"stop_dictation.intent","can you cancel capturing text"
ovos-skill-dictation.openvoiceos,"stop_dictation.intent","can you cancel dictation"
ovos-skill-dictation.openvoiceos,"stop_dictation.intent","can you cancel note-taking"
ovos-skill-dictation.openvoiceos,"stop_dictation.intent","can you cancel transcription"
ovos-skill-dictation.openvoiceos,"stop_dictation.intent","can you deactivate dictation"
ovos-skill-dictation.openvoiceos,"stop_dictation.intent","can you deactivate text transcription"
ovos-skill-dictation.openvoiceos,"stop_dictation.intent","can you disable dictation mode"
ovos-skill-dictation.openvoiceos,"stop_dictation.intent","can you disable text transcription"
ovos-skill-dictation.openvoiceos,"stop_dictation.intent","can you stop capturing text"
ovos-skill-dictation.openvoiceos,"stop_dictation.intent","can you stop dictation"
ovos-skill-dictation.openvoiceos,"stop_dictation.intent","can you stop taking notes"
ovos-skill-dictation.openvoiceos,"stop_dictation.intent","can you stop transcription"
ovos-skill-dictation.openvoiceos,"stop_dictation.intent","can you terminate capturing text"
ovos-skill-dictation.openvoiceos,"stop_dictation.intent","can you terminate dictation"
ovos-skill-dictation.openvoiceos,"stop_dictation.intent","can you terminate note-taking"
ovos-skill-dictation.openvoiceos,"stop_dictation.intent","can you terminate transcription"
ovos-skill-dictation.openvoiceos,"stop_dictation.intent","cancel capturing text"
ovos-skill-dictation.openvoiceos,"stop_dictation.intent","cancel dictation"
ovos-skill-dictation.openvoiceos,"stop_dictation.intent","cancel note-taking"
ovos-skill-dictation.openvoiceos,"stop_dictation.intent","cancel transcription"
ovos-skill-dictation.openvoiceos,"stop_dictation.intent","deactivate dictation"
ovos-skill-dictation.openvoiceos,"stop_dictation.intent","deactivate text transcription"
ovos-skill-dictation.openvoiceos,"stop_dictation.intent","disable dictation mode"
ovos-skill-dictation.openvoiceos,"stop_dictation.intent","disable text transcription"
ovos-skill-dictation.openvoiceos,"stop_dictation.intent","end capturing text"
ovos-skill-dictation.openvoiceos,"stop_dictation.intent","end dictation"
ovos-skill-dictation.openvoiceos,"stop_dictation.intent","end note-taking"
ovos-skill-dictation.openvoiceos,"stop_dictation.intent","end transcription"
ovos-skill-dictation.openvoiceos,"stop_dictation.intent","let's cancel capturing text"
ovos-skill-dictation.openvoiceos,"stop_dictation.intent","let's cancel dictation"
ovos-skill-dictation.openvoiceos,"stop_dictation.intent","let's cancel note-taking"
ovos-skill-dictation.openvoiceos,"stop_dictation.intent","let's cancel transcription"
ovos-skill-dictation.openvoiceos,"stop_dictation.intent","let's deactivate dictation"
ovos-skill-dictation.openvoiceos,"stop_dictation.intent","let's deactivate text transcription"
ovos-skill-dictation.openvoiceos,"stop_dictation.intent","let's disable dictation mode"
ovos-skill-dictation.openvoiceos,"stop_dictation.intent","let's disable text transcription"
ovos-skill-dictation.openvoiceos,"stop_dictation.intent","let's end capturing text"
ovos-skill-dictation.openvoiceos,"stop_dictation.intent","let's end dictation"
ovos-skill-dictation.openvoiceos,"stop_dictation.intent","let's end note-taking"
ovos-skill-dictation.openvoiceos,"stop_dictation.intent","let's end transcription"
ovos-skill-dictation.openvoiceos,"stop_dictation.intent","let's stop capturing text"
ovos-skill-dictation.openvoiceos,"stop_dictation.intent","let's stop dictation"
ovos-skill-dictation.openvoiceos,"stop_dictation.intent","let's stop taking notes"
ovos-skill-dictation.openvoiceos,"stop_dictation.intent","let's stop transcription"
ovos-skill-dictation.openvoiceos,"stop_dictation.intent","let's terminate capturing text"
ovos-skill-dictation.openvoiceos,"stop_dictation.intent","let's terminate dictation"
ovos-skill-dictation.openvoiceos,"stop_dictation.intent","let's terminate note-taking"
ovos-skill-dictation.openvoiceos,"stop_dictation.intent","let's terminate transcription"
ovos-skill-dictation.openvoiceos,"stop_dictation.intent","stop capturing text"
ovos-skill-dictation.openvoiceos,"stop_dictation.intent","stop dictation"
ovos-skill-dictation.openvoiceos,"stop_dictation.intent","stop taking notes"
ovos-skill-dictation.openvoiceos,"stop_dictation.intent","stop transcription"
ovos-skill-dictation.openvoiceos,"stop_dictation.intent","terminate capturing text"
ovos-skill-dictation.openvoiceos,"stop_dictation.intent","terminate dictation"
ovos-skill-dictation.openvoiceos,"stop_dictation.intent","terminate note-taking"
ovos-skill-dictation.openvoiceos,"stop_dictation.intent","terminate transcription"
ovos-skill-fuster-quotes.openvoiceos,"fuster_quotes.intent","Any Fusterian thoughts"
ovos-skill-fuster-quotes.openvoiceos,"fuster_quotes.intent","Do you have a quote from Joan Fuster"
ovos-skill-fuster-quotes.openvoiceos,"fuster_quotes.intent","Do you have any Fuster aphorisms"
ovos-skill-fuster-quotes.openvoiceos,"fuster_quotes.intent","Do you have any Fusterian ideas"
ovos-skill-fuster-quotes.openvoiceos,"fuster_quotes.intent","Fuster's quote of the day"
ovos-skill-fuster-quotes.openvoiceos,"fuster_quotes.intent","Give me a Fusterian thought"
ovos-skill-fuster-quotes.openvoiceos,"fuster_quotes.intent","Give me a quote from Fuster"
ovos-skill-fuster-quotes.openvoiceos,"fuster_quotes.intent","I need a Fusterian idea"
ovos-skill-fuster-quotes.openvoiceos,"fuster_quotes.intent","I want to hear a Fuster aphorism"
ovos-skill-fuster-quotes.openvoiceos,"fuster_quotes.intent","Tell me a Fuster aphorism"
ovos-skill-fuster-quotes.openvoiceos,"fuster_quotes.intent","Tell me a quote from Joan Fuster"
ovos-skill-fuster-quotes.openvoiceos,"fuster_quotes.intent","Tell me something Fusterian"
ovos-skill-fuster-quotes.openvoiceos,"fuster_quotes.intent","The Fuster quote of the day"
ovos-skill-fuster-quotes.openvoiceos,"fuster_quotes.intent","What do Fusterians think"
ovos-skill-fuster-quotes.openvoiceos,"fuster_quotes.intent","What does Fuster say"
ovos-skill-fuster-quotes.openvoiceos,"fuster_quotes.intent","What does Joan Fuster say"
ovos-skill-fuster-quotes.openvoiceos,"fuster_quotes.intent","What would Fuster say"
ovos-skill-fuster-quotes.openvoiceos,"fuster_quotes.intent","What would Joan Fuster say here"
ovos-skill-ip.openvoiceos,"what.ssid.intent","what network are you connected to"
ovos-skill-ip.openvoiceos,"what.ssid.intent","what network are you on"
ovos-skill-ip.openvoiceos,"what.ssid.intent","what network are you using"
ovos-skill-ip.openvoiceos,"what.ssid.intent","what ssid are you connected to"
ovos-skill-ip.openvoiceos,"what.ssid.intent","what ssid are you on"
ovos-skill-ip.openvoiceos,"what.ssid.intent","what ssid are you using"
ovos-skill-ip.openvoiceos,"what.ssid.intent","what wifi are you connected to"
ovos-skill-ip.openvoiceos,"what.ssid.intent","what wifi are you on"
ovos-skill-ip.openvoiceos,"what.ssid.intent","what wifi are you using"
ovos-skill-ip.openvoiceos,"what.ssid.intent","what wifi network are you connected to"
ovos-skill-ip.openvoiceos,"what.ssid.intent","what wifi network are you on"
ovos-skill-ip.openvoiceos,"what.ssid.intent","what wifi network are you using"
ovos-skill-iss-location.openvoiceos,"where_iss.intent","location of the  space station"
ovos-skill-iss-location.openvoiceos,"where_iss.intent","location of the I S S"
ovos-skill-iss-location.openvoiceos,"where_iss.intent","location of the ISS"
ovos-skill-iss-location.openvoiceos,"where_iss.intent","location of the international space station"
ovos-skill-iss-location.openvoiceos,"where_iss.intent","tell me the  space station location"
ovos-skill-iss-location.openvoiceos,"where_iss.intent","tell me the I S S location"
ovos-skill-iss-location.openvoiceos,"where_iss.intent","tell me the ISS location"
ovos-skill-iss-location.openvoiceos,"where_iss.intent","tell me the international space station location"
ovos-skill-iss-location.openvoiceos,"where_iss.intent","what is the  space station location"
ovos-skill-iss-location.openvoiceos,"where_iss.intent","what is the I S S location"
ovos-skill-iss-location.openvoiceos,"where_iss.intent","what is the ISS location"
ovos-skill-iss-location.openvoiceos,"where_iss.intent","what is the international space station location"
ovos-skill-iss-location.openvoiceos,"where_iss.intent","where is the  space station"
ovos-skill-iss-location.openvoiceos,"where_iss.intent","where is the I S S"
ovos-skill-iss-location.openvoiceos,"where_iss.intent","where is the ISS"
ovos-skill-iss-location.openvoiceos,"where_iss.intent","where is the international space station"
ovos-skill-iss-location.openvoiceos,"when_iss.intent","when is the  space station going to be above"
ovos-skill-iss-location.openvoiceos,"when_iss.intent","when is the  space station going to be above me"
ovos-skill-iss-location.openvoiceos,"when_iss.intent","when is the  space station going to be above us"
ovos-skill-iss-location.openvoiceos,"when_iss.intent","when is the  space station going to be over"
ovos-skill-iss-location.openvoiceos,"when_iss.intent","when is the  space station going to be over me"
ovos-skill-iss-location.openvoiceos,"when_iss.intent","when is the  space station going to be over us"
ovos-skill-iss-location.openvoiceos,"when_iss.intent","when is the  space station passing above"
ovos-skill-iss-location.openvoiceos,"when_iss.intent","when is the  space station passing above me"
ovos-skill-iss-location.openvoiceos,"when_iss.intent","when is the  space station passing above us"
ovos-skill-iss-location.openvoiceos,"when_iss.intent","when is the  space station passing by"
ovos-skill-iss-location.openvoiceos,"when_iss.intent","when is the  space station passing by me"
ovos-skill-iss-location.openvoiceos,"when_iss.intent","when is the  space station passing by us"
ovos-skill-iss-location.openvoiceos,"when_iss.intent","when is the  space station passing over"
ovos-skill-iss-location.openvoiceos,"when_iss.intent","when is the  space station passing over me"
ovos-skill-iss-location.openvoiceos,"when_iss.intent","when is the  space station passing over us"
ovos-skill-iss-location.openvoiceos,"when_iss.intent","when is the I S S going to be above"
ovos-skill-iss-location.openvoiceos,"when_iss.intent","when is the I S S going to be above me"
ovos-skill-iss-location.openvoiceos,"when_iss.intent","when is the I S S going to be above us"
ovos-skill-iss-location.openvoiceos,"when_iss.intent","when is the I S S going to be over"
ovos-skill-iss-location.openvoiceos,"when_iss.intent","when is the I S S going to be over me"
ovos-skill-iss-location.openvoiceos,"when_iss.intent","when is the I S S going to be over us"
ovos-skill-iss-location.openvoiceos,"when_iss.intent","when is the I S S passing above"
ovos-skill-iss-location.openvoiceos,"when_iss.intent","when is the I S S passing above me"
ovos-skill-iss-location.openvoiceos,"when_iss.intent","when is the I S S passing above us"
ovos-skill-iss-location.openvoiceos,"when_iss.intent","when is the I S S passing by"
ovos-skill-iss-location.openvoiceos,"when_iss.intent","when is the I S S passing by me"
ovos-skill-iss-location.openvoiceos,"when_iss.intent","when is the I S S passing by us"
ovos-skill-iss-location.openvoiceos,"when_iss.intent","when is the I S S passing over"
ovos-skill-iss-location.openvoiceos,"when_iss.intent","when is the I S S passing over me"
ovos-skill-iss-location.openvoiceos,"when_iss.intent","when is the I S S passing over us"
ovos-skill-iss-location.openvoiceos,"when_iss.intent","when is the ISS going to be above"
ovos-skill-iss-location.openvoiceos,"when_iss.intent","when is the ISS going to be above me"
ovos-skill-iss-location.openvoiceos,"when_iss.intent","when is the ISS going to be above us"
ovos-skill-iss-location.openvoiceos,"when_iss.intent","when is the ISS going to be over"
ovos-skill-iss-location.openvoiceos,"when_iss.intent","when is the ISS going to be over me"
ovos-skill-iss-location.openvoiceos,"when_iss.intent","when is the ISS going to be over us"
ovos-skill-iss-location.openvoiceos,"when_iss.intent","when is the ISS passing above"
ovos-skill-iss-location.openvoiceos,"when_iss.intent","when is the ISS passing above me"
ovos-skill-iss-location.openvoiceos,"when_iss.intent","when is the ISS passing above us"
ovos-skill-iss-location.openvoiceos,"when_iss.intent","when is the ISS passing by"
ovos-skill-iss-location.openvoiceos,"when_iss.intent","when is the ISS passing by me"
ovos-skill-iss-location.openvoiceos,"when_iss.intent","when is the ISS passing by us"
ovos-skill-iss-location.openvoiceos,"when_iss.intent","when is the ISS passing over"
ovos-skill-iss-location.openvoiceos,"when_iss.intent","when is the ISS passing over me"
ovos-skill-iss-location.openvoiceos,"when_iss.intent","when is the ISS passing over us"
ovos-skill-iss-location.openvoiceos,"when_iss.intent","when is the international space station going to be above"
ovos-skill-iss-location.openvoiceos,"when_iss.intent","when is the international space station going to be above me"
ovos-skill-iss-location.openvoiceos,"when_iss.intent","when is the international space station going to be above us"
ovos-skill-iss-location.openvoiceos,"when_iss.intent","when is the international space station going to be over"
ovos-skill-iss-location.openvoiceos,"when_iss.intent","when is the international space station going to be over me"
ovos-skill-iss-location.openvoiceos,"when_iss.intent","when is the international space station going to be over us"
ovos-skill-iss-location.openvoiceos,"when_iss.intent","when is the international space station passing above"
ovos-skill-iss-location.openvoiceos,"when_iss.intent","when is the international space station passing above me"
ovos-skill-iss-location.openvoiceos,"when_iss.intent","when is the international space station passing above us"
ovos-skill-iss-location.openvoiceos,"when_iss.intent","when is the international space station passing by"
ovos-skill-iss-location.openvoiceos,"when_iss.intent","when is the international space station passing by me"
ovos-skill-iss-location.openvoiceos,"when_iss.intent","when is the international space station passing by us"
ovos-skill-iss-location.openvoiceos,"when_iss.intent","when is the international space station passing over"
ovos-skill-iss-location.openvoiceos,"when_iss.intent","when is the international space station passing over me"
ovos-skill-iss-location.openvoiceos,"when_iss.intent","when is the international space station passing over us"
ovos-skill-iss-location.openvoiceos,"about.intent","info about the  space station"
ovos-skill-iss-location.openvoiceos,"about.intent","info about the international space station"
ovos-skill-iss-location.openvoiceos,"about.intent","talk about the  space station"
ovos-skill-iss-location.openvoiceos,"about.intent","talk about the international space station"
ovos-skill-iss-location.openvoiceos,"about.intent","tell me about the  space station"
ovos-skill-iss-location.openvoiceos,"about.intent","tell me about the international space station"
ovos-skill-iss-location.openvoiceos,"about.intent","what is the  space station"
ovos-skill-iss-location.openvoiceos,"about.intent","what is the international space station"
ovos-skill-laugh.openvoiceos,"haunted.intent","are you haunted"
ovos-skill-laugh.openvoiceos,"haunted.intent","are you possessed"
ovos-skill-laugh.openvoiceos,"haunted.intent","do you need an exorcism"
ovos-skill-laugh.openvoiceos,"Laugh.intent","I want you to laugh"
ovos-skill-laugh.openvoiceos,"Laugh.intent","I would like you to laugh"
ovos-skill-laugh.openvoiceos,"Laugh.intent","can you laugh"
ovos-skill-laugh.openvoiceos,"Laugh.intent","do you like laughing"
ovos-skill-laugh.openvoiceos,"Laugh.intent","don't you laugh"
ovos-skill-laugh.openvoiceos,"Laugh.intent","evil laugh"
ovos-skill-laugh.openvoiceos,"Laugh.intent","evil laughing"
ovos-skill-laugh.openvoiceos,"Laugh.intent","evil laughs"
ovos-skill-laugh.openvoiceos,"Laugh.intent","evil laughter"
ovos-skill-laugh.openvoiceos,"Laugh.intent","laugh a little"
ovos-skill-laugh.openvoiceos,"Laugh.intent","laugh like a demon"
ovos-skill-laugh.openvoiceos,"Laugh.intent","laugh like a devil"
ovos-skill-laugh.openvoiceos,"Laugh.intent","laugh like alexa"
ovos-skill-laugh.openvoiceos,"Laugh.intent","laugh malevolently"
ovos-skill-laugh.openvoiceos,"Laugh.intent","laugh sinisterly"
ovos-skill-laugh.openvoiceos,"Laugh.intent","show me how you laugh"
ovos-skill-laugh.openvoiceos,"Laugh.intent","what's stopping you from laughing"
ovos-skill-laugh.openvoiceos,"Laugh.intent","why aren't you laughing"
ovos-skill-laugh.openvoiceos,"Laugh.intent","why don't you laugh"
ovos-skill-laugh.openvoiceos,"RandomLaugh.intent","laugh randomly"
ovos-skill-laugh.openvoiceos,"RandomLaugh.intent","laugh unpredictably"
ovos-skill-laugh.openvoiceos,"RandomLaugh.intent","random laugh"
ovos-skill-laugh.openvoiceos,"RandomLaugh.intent","random laughing"
ovos-skill-laugh.openvoiceos,"RandomLaugh.intent","random laughs"
ovos-skill-laugh.openvoiceos,"RandomLaugh.intent","random laughter"
ovos-skill-laugh.openvoiceos,"RandomLaugh.intent","set laugh to random mode"
ovos-skill-laugh.openvoiceos,"RandomLaugh.intent","trigger a random laugh"
ovos-skill-laugh.openvoiceos,"RandomLaugh.intent","trigger random laugh"
ovos-skill-laugh.openvoiceos,"RandomLaugh.intent","trigger random laughing"
ovos-skill-laugh.openvoiceos,"RandomLaugh.intent","trigger random laughs"
ovos-skill-laugh.openvoiceos,"RandomLaugh.intent","trigger random laughter"
ovos-skill-personal.OpenVoiceOS,"WhoAreYou.intent","can you introduce yourself"
ovos-skill-personal.OpenVoiceOS,"WhoAreYou.intent","how do you describe yourself"
ovos-skill-personal.OpenVoiceOS,"WhoAreYou.intent","tell me about yourself"
ovos-skill-personal.OpenVoiceOS,"WhoAreYou.intent","what is your name"
ovos-skill-personal.OpenVoiceOS,"WhoAreYou.intent","who are you"
ovos-skill-personal.OpenVoiceOS,"WhoAreYou.intent","who do you identify as"
ovos-skill-personal.OpenVoiceOS,"WhenWereYouBorn.intent","what is your date of birth"
ovos-skill-personal.OpenVoiceOS,"WhenWereYouBorn.intent","when did you come into existence"
ovos-skill-personal.OpenVoiceOS,"WhenWereYouBorn.intent","when did you first appear"
ovos-skill-personal.OpenVoiceOS,"WhenWereYouBorn.intent","when did you start existing"
ovos-skill-personal.OpenVoiceOS,"WhenWereYouBorn.intent","when was your first version released"
ovos-skill-personal.OpenVoiceOS,"WhenWereYouBorn.intent","when were you born"
ovos-skill-personal.OpenVoiceOS,"WhenWereYouBorn.intent","when were you built"
ovos-skill-personal.OpenVoiceOS,"WhenWereYouBorn.intent","when were you created"
ovos-skill-personal.OpenVoiceOS,"WhenWereYouBorn.intent","when were you designed"
ovos-skill-personal.OpenVoiceOS,"WhenWereYouBorn.intent","when were you invented"
ovos-skill-personal.OpenVoiceOS,"WhenWereYouBorn.intent","when were you made"
ovos-skill-personal.OpenVoiceOS,"WhenWereYouBorn.intent","when were you programmed"
ovos-skill-personal.OpenVoiceOS,"WhatAreYou.intent","can you describe what you are"
ovos-skill-personal.OpenVoiceOS,"WhatAreYou.intent","define yourself"
ovos-skill-personal.OpenVoiceOS,"WhatAreYou.intent","describe what you are"
ovos-skill-personal.OpenVoiceOS,"WhatAreYou.intent","how would you define yourself"
ovos-skill-personal.OpenVoiceOS,"WhatAreYou.intent","what  being are you"
ovos-skill-personal.OpenVoiceOS,"WhatAreYou.intent","what  creature are you"
ovos-skill-personal.OpenVoiceOS,"WhatAreYou.intent","what  person are you"
ovos-skill-personal.OpenVoiceOS,"WhatAreYou.intent","what  thing are you"
ovos-skill-personal.OpenVoiceOS,"WhatAreYou.intent","what are you"
ovos-skill-personal.OpenVoiceOS,"WhatAreYou.intent","what do you classify as"
ovos-skill-personal.OpenVoiceOS,"WhatAreYou.intent","what exactly are you"
ovos-skill-personal.OpenVoiceOS,"WhatAreYou.intent","what is your classification"
ovos-skill-personal.OpenVoiceOS,"WhatAreYou.intent","what is your nature"
ovos-skill-personal.OpenVoiceOS,"WhatAreYou.intent","what is your species"
ovos-skill-personal.OpenVoiceOS,"WhatAreYou.intent","what type of being are you"
ovos-skill-personal.OpenVoiceOS,"WhatAreYou.intent","what type of creature are you"
ovos-skill-personal.OpenVoiceOS,"WhatAreYou.intent","what type of person are you"
ovos-skill-personal.OpenVoiceOS,"WhatAreYou.intent","what type of thing are you"
ovos-skill-personal.OpenVoiceOS,"WhoMadeYou.intent","By whom were you built"
ovos-skill-personal.OpenVoiceOS,"WhoMadeYou.intent","By whom were you created"
ovos-skill-personal.OpenVoiceOS,"WhoMadeYou.intent","By whom were you designed"
ovos-skill-personal.OpenVoiceOS,"WhoMadeYou.intent","By whom were you invented"
ovos-skill-personal.OpenVoiceOS,"WhoMadeYou.intent","By whom were you made"
ovos-skill-personal.OpenVoiceOS,"WhoMadeYou.intent","By whom were you manufactured"
ovos-skill-personal.OpenVoiceOS,"WhoMadeYou.intent","By whom were you programmed"
ovos-skill-personal.OpenVoiceOS,"WhoMadeYou.intent","Who built you"
ovos-skill-personal.OpenVoiceOS,"WhoMadeYou.intent","Who created you"
ovos-skill-personal.OpenVoiceOS,"WhoMadeYou.intent","Who designed you"
ovos-skill-personal.OpenVoiceOS,"WhoMadeYou.intent","Who has built you"
ovos-skill-personal.OpenVoiceOS,"WhoMadeYou.intent","Who has created you"
ovos-skill-personal.OpenVoiceOS,"WhoMadeYou.intent","Who has designed you"
ovos-skill-personal.OpenVoiceOS,"WhoMadeYou.intent","Who has invented you"
ovos-skill-personal.OpenVoiceOS,"WhoMadeYou.intent","Who has made you"
ovos-skill-personal.OpenVoiceOS,"WhoMadeYou.intent","Who has manufactured you"
ovos-skill-personal.OpenVoiceOS,"WhoMadeYou.intent","Who has programmed you"
ovos-skill-personal.OpenVoiceOS,"WhoMadeYou.intent","Who invented you"
ovos-skill-personal.OpenVoiceOS,"WhoMadeYou.intent","Who is your builder"
ovos-skill-personal.OpenVoiceOS,"WhoMadeYou.intent","Who is your creator"
ovos-skill-personal.OpenVoiceOS,"WhoMadeYou.intent","Who is your designer"
ovos-skill-personal.OpenVoiceOS,"WhoMadeYou.intent","Who is your maker"
ovos-skill-personal.OpenVoiceOS,"WhoMadeYou.intent","Who made you"
ovos-skill-personal.OpenVoiceOS,"WhoMadeYou.intent","Who manufactured you"
ovos-skill-personal.OpenVoiceOS,"WhoMadeYou.intent","Who programmed you"
ovos-skill-personal.OpenVoiceOS,"WhoMadeYou.intent","Who were you built by"
ovos-skill-personal.OpenVoiceOS,"WhoMadeYou.intent","Who were you created by"
ovos-skill-personal.OpenVoiceOS,"WhoMadeYou.intent","Who were you designed by"
ovos-skill-personal.OpenVoiceOS,"WhoMadeYou.intent","Who were you invented by"
ovos-skill-personal.OpenVoiceOS,"WhoMadeYou.intent","Who were you made by"
ovos-skill-personal.OpenVoiceOS,"WhoMadeYou.intent","Who were you manufactured by"
ovos-skill-personal.OpenVoiceOS,"WhoMadeYou.intent","Who were you programmed by"
ovos-skill-personal.OpenVoiceOS,"WhereWereYouBorn.intent","where did you originate"
ovos-skill-personal.OpenVoiceOS,"WhereWereYouBorn.intent","where do you come from"
ovos-skill-personal.OpenVoiceOS,"WhereWereYouBorn.intent","where was your first version released"
ovos-skill-personal.OpenVoiceOS,"WhereWereYouBorn.intent","where were you born"
ovos-skill-personal.OpenVoiceOS,"WhereWereYouBorn.intent","where were you built"
ovos-skill-personal.OpenVoiceOS,"WhereWereYouBorn.intent","where were you created"
ovos-skill-personal.OpenVoiceOS,"WhereWereYouBorn.intent","where were you designed"
ovos-skill-personal.OpenVoiceOS,"WhereWereYouBorn.intent","where were you developed"
ovos-skill-personal.OpenVoiceOS,"WhereWereYouBorn.intent","where were you invented"
ovos-skill-personal.OpenVoiceOS,"WhereWereYouBorn.intent","where were you made"
ovos-skill-personal.OpenVoiceOS,"WhereWereYouBorn.intent","where were you programmed"
ovos-skill-spotify.openvoiceos,"StopMusic.intent","end"
ovos-skill-spotify.openvoiceos,"StopMusic.intent","end  music"
ovos-skill-spotify.openvoiceos,"StopMusic.intent","end  spotify"
ovos-skill-spotify.openvoiceos,"StopMusic.intent","end the"
ovos-skill-spotify.openvoiceos,"StopMusic.intent","end the music"
ovos-skill-spotify.openvoiceos,"StopMusic.intent","end the spotify"
ovos-skill-spotify.openvoiceos,"StopMusic.intent","stop"
ovos-skill-spotify.openvoiceos,"StopMusic.intent","stop  music"
ovos-skill-spotify.openvoiceos,"StopMusic.intent","stop  spotify"
ovos-skill-spotify.openvoiceos,"StopMusic.intent","stop the"
ovos-skill-spotify.openvoiceos,"StopMusic.intent","stop the music"
ovos-skill-spotify.openvoiceos,"StopMusic.intent","stop the spotify"
ovos-skill-spotify.openvoiceos,"StopMusic.intent","turn off"
ovos-skill-spotify.openvoiceos,"StopMusic.intent","turn off  music"
ovos-skill-spotify.openvoiceos,"StopMusic.intent","turn off  spotify"
ovos-skill-spotify.openvoiceos,"StopMusic.intent","turn off the"
ovos-skill-spotify.openvoiceos,"StopMusic.intent","turn off the music"
ovos-skill-spotify.openvoiceos,"StopMusic.intent","turn off the spotify"
ovos-skill-spotify.openvoiceos,"WhatArtist.intent","who am i listening to"
ovos-skill-spotify.openvoiceos,"WhatArtist.intent","who are we listening to"
ovos-skill-spotify.openvoiceos,"WhatArtist.intent","who is the artist"
ovos-skill-spotify.openvoiceos,"WhatArtist.intent","who's the artist"
ovos-skill-spotify.openvoiceos,"WhatArtist.intent","who is playing"
ovos-skill-spotify.openvoiceos,"WhatArtist.intent","who is playing this"
ovos-skill-spotify.openvoiceos,"WhatArtist.intent","who's playing"
ovos-skill-spotify.openvoiceos,"WhatArtist.intent","who's playing this"
ovos-skill-spotify.openvoiceos,"WhatArtist.intent","what band is this"
ovos-skill-spotify.openvoiceos,"WhatArtist.intent","what band are we listening to"
ovos-skill-spotify.openvoiceos,"WhatArtist.intent","what band are you playing"
ovos-skill-spotify.openvoiceos,"WhatArtist.intent","what artist is this"
ovos-skill-spotify.openvoiceos,"WhatAlbum.intent","what album is that"
ovos-skill-spotify.openvoiceos,"WhatAlbum.intent","what album is this"
ovos-skill-spotify.openvoiceos,"WhatAlbum.intent","what cd is that"
ovos-skill-spotify.openvoiceos,"WhatAlbum.intent","what cd is this"
ovos-skill-spotify.openvoiceos,"WhatAlbum.intent","what lp is that"
ovos-skill-spotify.openvoiceos,"WhatAlbum.intent","what lp is this"
ovos-skill-spotify.openvoiceos,"WhatAlbum.intent","what record is that"
ovos-skill-spotify.openvoiceos,"WhatAlbum.intent","what record is this"
ovos-skill-spotify.openvoiceos,"WhatAlbum.intent","what's this album"
ovos-skill-spotify.openvoiceos,"WhatAlbum.intent","what's this cd"
ovos-skill-spotify.openvoiceos,"WhatAlbum.intent","what's this lp"
ovos-skill-spotify.openvoiceos,"WhatAlbum.intent","what's this record"
ovos-skill-spotify.openvoiceos,"WhatSong.intent","what is playing"
ovos-skill-spotify.openvoiceos,"WhatSong.intent","what's playing"
ovos-skill-spotify.openvoiceos,"WhatSong.intent","tell me what is playing"
ovos-skill-spotify.openvoiceos,"WhatSong.intent","tell me what's playing"
ovos-skill-spotify.openvoiceos,"WhatSong.intent","what am I listening to"
ovos-skill-spotify.openvoiceos,"WhatSong.intent","what are we listening to"
ovos-skill-spotify.openvoiceos,"WhatSong.intent","what song is this"
ovos-skill-spotify.openvoiceos,"WhatSong.intent","what is this song"
ovos-skill-spotify.openvoiceos,"WhatSong.intent","what's this song"
ovos-skill-spotify.openvoiceos,"WhatSong.intent","tell me what is this song"
ovos-skill-spotify.openvoiceos,"WhatSong.intent","tell me what's this song"
ovos-skill-spotify.openvoiceos,"ShuffleOff.intent","disable spotify shuffle"
ovos-skill-spotify.openvoiceos,"ShuffleOff.intent","disable spotify shuffling"
ovos-skill-spotify.openvoiceos,"ShuffleOff.intent","switch off spotify shuffle"
ovos-skill-spotify.openvoiceos,"ShuffleOff.intent","switch off spotify shuffling"
ovos-skill-spotify.openvoiceos,"ShuffleOff.intent","switch spotify shuffle"
ovos-skill-spotify.openvoiceos,"ShuffleOff.intent","switch spotify shuffling"
ovos-skill-spotify.openvoiceos,"ShuffleOff.intent","turn off spotify shuffle"
ovos-skill-spotify.openvoiceos,"ShuffleOff.intent","turn off spotify shuffling"
ovos-skill-spotify.openvoiceos,"ShuffleOff.intent","turn spotify shuffle"
ovos-skill-spotify.openvoiceos,"ShuffleOff.intent","turn spotify shuffling"
ovos-skill-spotify.openvoiceos,"ShuffleOff.intent","unset spotify shuffle"
ovos-skill-spotify.openvoiceos,"ShuffleOff.intent","unset spotify shuffling"
ovos-skill-spotify.openvoiceos,"ShuffleOff.intent","set spotify shuffle off"
ovos-skill-spotify.openvoiceos,"ShuffleOff.intent","set spotify shuffling off"
ovos-skill-spotify.openvoiceos,"ShuffleOn.intent","enable spotify shuffle"
ovos-skill-spotify.openvoiceos,"ShuffleOn.intent","enable spotify shuffle on"
ovos-skill-spotify.openvoiceos,"ShuffleOn.intent","enable spotify shuffling"
ovos-skill-spotify.openvoiceos,"ShuffleOn.intent","enable spotify shuffling on"
ovos-skill-spotify.openvoiceos,"ShuffleOn.intent","set spotify shuffle"
ovos-skill-spotify.openvoiceos,"ShuffleOn.intent","set spotify shuffle on"
ovos-skill-spotify.openvoiceos,"ShuffleOn.intent","set spotify shuffling"
ovos-skill-spotify.openvoiceos,"ShuffleOn.intent","set spotify shuffling on"
ovos-skill-spotify.openvoiceos,"ShuffleOn.intent","turn on spotify shuffle"
ovos-skill-spotify.openvoiceos,"ShuffleOn.intent","turn on spotify shuffle on"
ovos-skill-spotify.openvoiceos,"ShuffleOn.intent","turn on spotify shuffling"
ovos-skill-spotify.openvoiceos,"ShuffleOn.intent","turn on spotify shuffling on"
ovos-skill-wikihow.openvoiceos,"wikihow.intent","search wiki how  {query}"
ovos-skill-wikihow.openvoiceos,"wikihow.intent","search wiki how for {query}"
ovos-skill-wikihow.openvoiceos,"wikihow.intent","search wikihow  {query}"
ovos-skill-wikihow.openvoiceos,"wikihow.intent","search wikihow for {query}"
ovos-skill-wikihow.openvoiceos,"wikihow.intent","what does wiki how say about {query}"
ovos-skill-wikihow.openvoiceos,"wikihow.intent","what does wiki how think about {query}"
ovos-skill-wikihow.openvoiceos,"wikihow.intent","what does wikihow say about {query}"
ovos-skill-wikihow.openvoiceos,"wikihow.intent","what does wikihow think about {query}"
ovos-skill-wikihow.openvoiceos,"howto.intent","explain step by step {query}"
ovos-skill-wikihow.openvoiceos,"howto.intent","step by step {query}"
ovos-skill-wikihow.openvoiceos,"howto.intent","how can i {query}"
ovos-skill-wikihow.openvoiceos,"howto.intent","how do i {query}"
ovos-skill-wikihow.openvoiceos,"howto.intent","how to {query}"
ovos-skill-wikihow.openvoiceos,"howto.intent","steps for {query}"
ovos-skill-wordnet.openvoiceos,"definition.intent","what is a {query}"
ovos-skill-wordnet.openvoiceos,"definition.intent","what is the definition of {query}"
ovos-skill-wordnet.openvoiceos,"hypernym.intent","what are the hypernyms of {query}"
ovos-skill-wordnet.openvoiceos,"hypernym.intent","what is a hypernym of {query}"
ovos-skill-wordnet.openvoiceos,"hypernym.intent","what is the hypernym of {query}"
ovos-skill-wordnet.openvoiceos,"search_wordnet.intent","ask word net about {query}"
ovos-skill-wordnet.openvoiceos,"search_wordnet.intent","ask wordnet about {query}"
ovos-skill-wordnet.openvoiceos,"search_wordnet.intent","search word net for {query}"
ovos-skill-wordnet.openvoiceos,"search_wordnet.intent","search wordnet for {query}"
ovos-skill-wordnet.openvoiceos,"search_wordnet.intent","what does word net say about {query}"
ovos-skill-wordnet.openvoiceos,"search_wordnet.intent","what does wordnet say about {query}"
ovos-skill-wordnet.openvoiceos,"antonym.intent","what are the antonyms of {query}"
ovos-skill-wordnet.openvoiceos,"antonym.intent","what is a antonym of {query}"
ovos-skill-wordnet.openvoiceos,"antonym.intent","what is the antonym of {query}"
ovos-skill-wordnet.openvoiceos,"holonym.intent","what are the holonyms of {query}"
ovos-skill-wordnet.openvoiceos,"holonym.intent","what is a holonym of {query}"
ovos-skill-wordnet.openvoiceos,"holonym.intent","what is the holonym of {query}"
ovos-skill-wordnet.openvoiceos,"lemma.intent","what are the lemmas of {query}"
ovos-skill-wordnet.openvoiceos,"lemma.intent","what is a lemma of {query}"
ovos-skill-wordnet.openvoiceos,"lemma.intent","what is the lemma of {query}"
ovos-skill-wordnet.openvoiceos,"hyponym.intent","what are the hyponyms of {query}"
ovos-skill-wordnet.openvoiceos,"hyponym.intent","what is a hyponym of {query}"
ovos-skill-wordnet.openvoiceos,"hyponym.intent","what is the hyponym of {query}"
skill-ovos-audio-recording.openvoiceos,"start_recording.intent","activate audio recording"
skill-ovos-audio-recording.openvoiceos,"start_recording.intent","activate audio recording as {name}"
skill-ovos-audio-recording.openvoiceos,"start_recording.intent","activate audio recording named {name}"
skill-ovos-audio-recording.openvoiceos,"start_recording.intent","activate audio recording under the title {name}"
skill-ovos-audio-recording.openvoiceos,"start_recording.intent","begin audio capture"
skill-ovos-audio-recording.openvoiceos,"start_recording.intent","begin audio capture as {name}"
skill-ovos-audio-recording.openvoiceos,"start_recording.intent","begin audio capture named {name}"
skill-ovos-audio-recording.openvoiceos,"start_recording.intent","begin audio capture titled {name}"
skill-ovos-audio-recording.openvoiceos,"start_recording.intent","begin audio recording"
skill-ovos-audio-recording.openvoiceos,"start_recording.intent","begin audio recording named {name}"
skill-ovos-audio-recording.openvoiceos,"start_recording.intent","begin audio recording {name}"
skill-ovos-audio-recording.openvoiceos,"start_recording.intent","begin recording"
skill-ovos-audio-recording.openvoiceos,"start_recording.intent","begin recording named {name}"
skill-ovos-audio-recording.openvoiceos,"start_recording.intent","begin recording session"
skill-ovos-audio-recording.openvoiceos,"start_recording.intent","begin recording {name}"
skill-ovos-audio-recording.openvoiceos,"start_recording.intent","commence audio recording titled {name}"
skill-ovos-audio-recording.openvoiceos,"start_recording.intent","commence audio recording with the name {name}"
skill-ovos-audio-recording.openvoiceos,"start_recording.intent","commence recording"
skill-ovos-audio-recording.openvoiceos,"start_recording.intent","commence recording session called {name}"
skill-ovos-audio-recording.openvoiceos,"start_recording.intent","commence recording with the name {name}"
skill-ovos-audio-recording.openvoiceos,"start_recording.intent","establish recording named {name}"
skill-ovos-audio-recording.openvoiceos,"start_recording.intent","initialize recording"
skill-ovos-audio-recording.openvoiceos,"start_recording.intent","initialize recording titled {name}"
skill-ovos-audio-recording.openvoiceos,"start_recording.intent","initiate a new recording"
skill-ovos-audio-recording.openvoiceos,"start_recording.intent","initiate an audio recording called {name}"
skill-ovos-audio-recording.openvoiceos,"start_recording.intent","initiate an audio recording named {name}"
skill-ovos-audio-recording.openvoiceos,"start_recording.intent","initiate audio recording"
skill-ovos-audio-recording.openvoiceos,"start_recording.intent","initiate audio recording named {name}"
skill-ovos-audio-recording.openvoiceos,"start_recording.intent","initiate audio recording operation named {name}"
skill-ovos-audio-recording.openvoiceos,"start_recording.intent","initiate audio recording {name}"
skill-ovos-audio-recording.openvoiceos,"start_recording.intent","initiate recording"
skill-ovos-audio-recording.openvoiceos,"start_recording.intent","initiate recording named {name}"
skill-ovos-audio-recording.openvoiceos,"start_recording.intent","initiate recording under the name {name}"
skill-ovos-audio-recording.openvoiceos,"start_recording.intent","initiate recording {name}"
skill-ovos-audio-recording.openvoiceos,"start_recording.intent","new recording"
skill-ovos-audio-recording.openvoiceos,"start_recording.intent","new recording named {name}"
skill-ovos-audio-recording.openvoiceos,"start_recording.intent","proceed with recording"
skill-ovos-audio-recording.openvoiceos,"start_recording.intent","record a new audio file"
skill-ovos-audio-recording.openvoiceos,"start_recording.intent","record a new audio file named {name}"
skill-ovos-audio-recording.openvoiceos,"start_recording.intent","record audio"
skill-ovos-audio-recording.openvoiceos,"start_recording.intent","record audio as {name}"
skill-ovos-audio-recording.openvoiceos,"start_recording.intent","record audio named {name}"
skill-ovos-audio-recording.openvoiceos,"start_recording.intent","record audio now"
skill-ovos-audio-recording.openvoiceos,"start_recording.intent","record audio now with the name {name}"
skill-ovos-audio-recording.openvoiceos,"start_recording.intent","set up a new recording named {name}"
skill-ovos-audio-recording.openvoiceos,"start_recording.intent","start a new audio recording"
skill-ovos-audio-recording.openvoiceos,"start_recording.intent","start a new audio recording called {name}"
skill-ovos-audio-recording.openvoiceos,"start_recording.intent","start a new audio recording named {name}"
skill-ovos-audio-recording.openvoiceos,"start_recording.intent","start a new recording"
skill-ovos-audio-recording.openvoiceos,"start_recording.intent","start a new recording called {name}"
skill-ovos-audio-recording.openvoiceos,"start_recording.intent","start a new recording named {name}"
skill-ovos-audio-recording.openvoiceos,"start_recording.intent","start a new recording with the title {name}"
skill-ovos-audio-recording.openvoiceos,"start_recording.intent","start a recording"
skill-ovos-audio-recording.openvoiceos,"start_recording.intent","start a recording called {name}"
skill-ovos-audio-recording.openvoiceos,"start_recording.intent","start a recording named {name}"
skill-ovos-audio-recording.openvoiceos,"start_recording.intent","start an audio recording"
skill-ovos-audio-recording.openvoiceos,"start_recording.intent","start an audio recording called {name}"
skill-ovos-audio-recording.openvoiceos,"start_recording.intent","start an audio recording named {name}"
skill-ovos-audio-recording.openvoiceos,"start_recording.intent","start audio recording now"
skill-ovos-audio-recording.openvoiceos,"start_recording.intent","start audio recording now as {name}"
skill-ovos-audio-recording.openvoiceos,"start_recording.intent","start audio recording now named {name}"
skill-ovos-audio-recording.openvoiceos,"start_recording.intent","start audio recording operation"
skill-ovos-audio-recording.openvoiceos,"start_recording.intent","start audio recording operation as {name}"
skill-ovos-audio-recording.openvoiceos,"start_recording.intent","start audio recording operation named {name}"
skill-ovos-audio-recording.openvoiceos,"start_recording.intent","start audio recording please"
skill-ovos-audio-recording.openvoiceos,"start_recording.intent","start audio recording please as {name}"
skill-ovos-audio-recording.openvoiceos,"start_recording.intent","start audio recording please named {name}"
skill-ovos-audio-recording.openvoiceos,"start_recording.intent","start recording"
skill-ovos-audio-recording.openvoiceos,"start_recording.intent","start recording immediately as {name}"
skill-ovos-audio-recording.openvoiceos,"start_recording.intent","start recording named {name"
skill-ovos-audio-recording.openvoiceos,"start_recording.intent","start recording now"
skill-ovos-audio-recording.openvoiceos,"start_recording.intent","start recording now as {name}"
skill-ovos-audio-recording.openvoiceos,"start_recording.intent","start recording now named {name}"
skill-ovos-audio-recording.openvoiceos,"start_recording.intent","start recording please"
skill-ovos-audio-recording.openvoiceos,"start_recording.intent","start recording please as {name}"
skill-ovos-audio-recording.openvoiceos,"start_recording.intent","start recording please named {name}"
skill-ovos-audio-recording.openvoiceos,"start_recording.intent","start recording right away"
skill-ovos-boot-finished.openvoiceos,"disable_ready_notification.intent","deactivate boot notification"
skill-ovos-boot-finished.openvoiceos,"disable_ready_notification.intent","deactivate boot notifications"
skill-ovos-boot-finished.openvoiceos,"disable_ready_notification.intent","deactivate boot sound"
skill-ovos-boot-finished.openvoiceos,"disable_ready_notification.intent","deactivate boot sounds"
skill-ovos-boot-finished.openvoiceos,"disable_ready_notification.intent","deactivate boot speech"
skill-ovos-boot-finished.openvoiceos,"disable_ready_notification.intent","deactivate booted notification"
skill-ovos-boot-finished.openvoiceos,"disable_ready_notification.intent","deactivate booted notifications"
skill-ovos-boot-finished.openvoiceos,"disable_ready_notification.intent","deactivate booted sound"
skill-ovos-boot-finished.openvoiceos,"disable_ready_notification.intent","deactivate booted sounds"
skill-ovos-boot-finished.openvoiceos,"disable_ready_notification.intent","deactivate booted speech"
skill-ovos-boot-finished.openvoiceos,"disable_ready_notification.intent","deactivate load notification"
skill-ovos-boot-finished.openvoiceos,"disable_ready_notification.intent","deactivate load notifications"
skill-ovos-boot-finished.openvoiceos,"disable_ready_notification.intent","deactivate load sound"
skill-ovos-boot-finished.openvoiceos,"disable_ready_notification.intent","deactivate load sounds"
skill-ovos-boot-finished.openvoiceos,"disable_ready_notification.intent","deactivate load speech"
skill-ovos-boot-finished.openvoiceos,"disable_ready_notification.intent","deactivate loaded notification"
skill-ovos-boot-finished.openvoiceos,"disable_ready_notification.intent","deactivate loaded notifications"
skill-ovos-boot-finished.openvoiceos,"disable_ready_notification.intent","deactivate loaded sound"
skill-ovos-boot-finished.openvoiceos,"disable_ready_notification.intent","deactivate loaded sounds"
skill-ovos-boot-finished.openvoiceos,"disable_ready_notification.intent","deactivate loaded speech"
skill-ovos-boot-finished.openvoiceos,"disable_ready_notification.intent","deactivate readiness notification"
skill-ovos-boot-finished.openvoiceos,"disable_ready_notification.intent","deactivate readiness notifications"
skill-ovos-boot-finished.openvoiceos,"disable_ready_notification.intent","deactivate readiness sound"
skill-ovos-boot-finished.openvoiceos,"disable_ready_notification.intent","deactivate readiness sounds"
skill-ovos-boot-finished.openvoiceos,"disable_ready_notification.intent","deactivate readiness speech"
skill-ovos-boot-finished.openvoiceos,"disable_ready_notification.intent","deactivate ready notification"
skill-ovos-boot-finished.openvoiceos,"disable_ready_notification.intent","deactivate ready notifications"
skill-ovos-boot-finished.openvoiceos,"disable_ready_notification.intent","deactivate ready sound"
skill-ovos-boot-finished.openvoiceos,"disable_ready_notification.intent","deactivate ready sounds"
skill-ovos-boot-finished.openvoiceos,"disable_ready_notification.intent","deactivate ready speech"
skill-ovos-boot-finished.openvoiceos,"disable_ready_notification.intent","deactivate start notification"
skill-ovos-boot-finished.openvoiceos,"disable_ready_notification.intent","deactivate start notifications"
skill-ovos-boot-finished.openvoiceos,"disable_ready_notification.intent","deactivate start sound"
skill-ovos-boot-finished.openvoiceos,"disable_ready_notification.intent","deactivate start sounds"
skill-ovos-boot-finished.openvoiceos,"disable_ready_notification.intent","deactivate start speech"
skill-ovos-boot-finished.openvoiceos,"disable_ready_notification.intent","deactivate start up notification"
skill-ovos-boot-finished.openvoiceos,"disable_ready_notification.intent","deactivate start up notifications"
skill-ovos-boot-finished.openvoiceos,"disable_ready_notification.intent","deactivate start up sound"
skill-ovos-boot-finished.openvoiceos,"disable_ready_notification.intent","deactivate start up sounds"
skill-ovos-boot-finished.openvoiceos,"disable_ready_notification.intent","deactivate start up speech"
skill-ovos-boot-finished.openvoiceos,"disable_ready_notification.intent","deactivate started notification"
skill-ovos-boot-finished.openvoiceos,"disable_ready_notification.intent","deactivate started notifications"
skill-ovos-boot-finished.openvoiceos,"disable_ready_notification.intent","deactivate started sound"
skill-ovos-boot-finished.openvoiceos,"disable_ready_notification.intent","deactivate started sounds"
skill-ovos-boot-finished.openvoiceos,"disable_ready_notification.intent","deactivate started speech"
skill-ovos-boot-finished.openvoiceos,"disable_ready_notification.intent","deactivate startup notification"
skill-ovos-boot-finished.openvoiceos,"disable_ready_notification.intent","deactivate startup notifications"
skill-ovos-boot-finished.openvoiceos,"disable_ready_notification.intent","deactivate startup sound"
skill-ovos-boot-finished.openvoiceos,"disable_ready_notification.intent","deactivate startup sounds"
skill-ovos-boot-finished.openvoiceos,"disable_ready_notification.intent","deactivate startup speech"
skill-ovos-boot-finished.openvoiceos,"disable_ready_notification.intent","disable boot notification"
skill-ovos-boot-finished.openvoiceos,"disable_ready_notification.intent","disable boot notifications"
skill-ovos-boot-finished.openvoiceos,"disable_ready_notification.intent","disable boot sound"
skill-ovos-boot-finished.openvoiceos,"disable_ready_notification.intent","disable boot sounds"
skill-ovos-boot-finished.openvoiceos,"disable_ready_notification.intent","disable boot speech"
skill-ovos-boot-finished.openvoiceos,"disable_ready_notification.intent","disable booted notification"
skill-ovos-boot-finished.openvoiceos,"disable_ready_notification.intent","disable booted notifications"
skill-ovos-boot-finished.openvoiceos,"disable_ready_notification.intent","disable booted sound"
skill-ovos-boot-finished.openvoiceos,"disable_ready_notification.intent","disable booted sounds"
skill-ovos-boot-finished.openvoiceos,"disable_ready_notification.intent","disable booted speech"
skill-ovos-boot-finished.openvoiceos,"disable_ready_notification.intent","disable load notification"
skill-ovos-boot-finished.openvoiceos,"disable_ready_notification.intent","disable load notifications"
skill-ovos-boot-finished.openvoiceos,"disable_ready_notification.intent","disable load sound"
skill-ovos-boot-finished.openvoiceos,"disable_ready_notification.intent","disable load sounds"
skill-ovos-boot-finished.openvoiceos,"disable_ready_notification.intent","disable load speech"
skill-ovos-boot-finished.openvoiceos,"disable_ready_notification.intent","disable loaded notification"
skill-ovos-boot-finished.openvoiceos,"disable_ready_notification.intent","disable loaded notifications"
skill-ovos-boot-finished.openvoiceos,"disable_ready_notification.intent","disable loaded sound"
skill-ovos-boot-finished.openvoiceos,"disable_ready_notification.intent","disable loaded sounds"
skill-ovos-boot-finished.openvoiceos,"disable_ready_notification.intent","disable loaded speech"
skill-ovos-boot-finished.openvoiceos,"disable_ready_notification.intent","disable readiness notification"
skill-ovos-boot-finished.openvoiceos,"disable_ready_notification.intent","disable readiness notifications"
skill-ovos-boot-finished.openvoiceos,"disable_ready_notification.intent","disable readiness sound"
skill-ovos-boot-finished.openvoiceos,"disable_ready_notification.intent","disable readiness sounds"
skill-ovos-boot-finished.openvoiceos,"disable_ready_notification.intent","disable readiness speech"
skill-ovos-boot-finished.openvoiceos,"disable_ready_notification.intent","disable ready notification"
skill-ovos-boot-finished.openvoiceos,"disable_ready_notification.intent","disable ready notifications"
skill-ovos-boot-finished.openvoiceos,"disable_ready_notification.intent","disable ready sound"
skill-ovos-boot-finished.openvoiceos,"disable_ready_notification.intent","disable ready sounds"
skill-ovos-boot-finished.openvoiceos,"disable_ready_notification.intent","disable ready speech"
skill-ovos-boot-finished.openvoiceos,"disable_ready_notification.intent","disable start notification"
skill-ovos-boot-finished.openvoiceos,"disable_ready_notification.intent","disable start notifications"
skill-ovos-boot-finished.openvoiceos,"disable_ready_notification.intent","disable start sound"
skill-ovos-boot-finished.openvoiceos,"disable_ready_notification.intent","disable start sounds"
skill-ovos-boot-finished.openvoiceos,"disable_ready_notification.intent","disable start speech"
skill-ovos-boot-finished.openvoiceos,"disable_ready_notification.intent","disable start up notification"
skill-ovos-boot-finished.openvoiceos,"disable_ready_notification.intent","disable start up notifications"
skill-ovos-boot-finished.openvoiceos,"disable_ready_notification.intent","disable start up sound"
skill-ovos-boot-finished.openvoiceos,"disable_ready_notification.intent","disable start up sounds"
skill-ovos-boot-finished.openvoiceos,"disable_ready_notification.intent","disable start up speech"
skill-ovos-boot-finished.openvoiceos,"disable_ready_notification.intent","disable started notification"
skill-ovos-boot-finished.openvoiceos,"disable_ready_notification.intent","disable started notifications"
skill-ovos-boot-finished.openvoiceos,"disable_ready_notification.intent","disable started sound"
skill-ovos-boot-finished.openvoiceos,"disable_ready_notification.intent","disable started sounds"
skill-ovos-boot-finished.openvoiceos,"disable_ready_notification.intent","disable started speech"
skill-ovos-boot-finished.openvoiceos,"disable_ready_notification.intent","disable startup notification"
skill-ovos-boot-finished.openvoiceos,"disable_ready_notification.intent","disable startup notifications"
skill-ovos-boot-finished.openvoiceos,"disable_ready_notification.intent","disable startup sound"
skill-ovos-boot-finished.openvoiceos,"disable_ready_notification.intent","disable startup sounds"
skill-ovos-boot-finished.openvoiceos,"disable_ready_notification.intent","disable startup speech"
skill-ovos-boot-finished.openvoiceos,"disable_ready_notification.intent","turn off boot notification"
skill-ovos-boot-finished.openvoiceos,"disable_ready_notification.intent","turn off boot notifications"
skill-ovos-boot-finished.openvoiceos,"disable_ready_notification.intent","turn off boot sound"
skill-ovos-boot-finished.openvoiceos,"disable_ready_notification.intent","turn off boot sounds"
skill-ovos-boot-finished.openvoiceos,"disable_ready_notification.intent","turn off boot speech"
skill-ovos-boot-finished.openvoiceos,"disable_ready_notification.intent","turn off booted notification"
skill-ovos-boot-finished.openvoiceos,"disable_ready_notification.intent","turn off booted notifications"
skill-ovos-boot-finished.openvoiceos,"disable_ready_notification.intent","turn off booted sound"
skill-ovos-boot-finished.openvoiceos,"disable_ready_notification.intent","turn off booted sounds"
skill-ovos-boot-finished.openvoiceos,"disable_ready_notification.intent","turn off booted speech"
skill-ovos-boot-finished.openvoiceos,"disable_ready_notification.intent","turn off load notification"
skill-ovos-boot-finished.openvoiceos,"disable_ready_notification.intent","turn off load notifications"
skill-ovos-boot-finished.openvoiceos,"disable_ready_notification.intent","turn off load sound"
skill-ovos-boot-finished.openvoiceos,"disable_ready_notification.intent","turn off load sounds"
skill-ovos-boot-finished.openvoiceos,"disable_ready_notification.intent","turn off load speech"
skill-ovos-boot-finished.openvoiceos,"disable_ready_notification.intent","turn off loaded notification"
skill-ovos-boot-finished.openvoiceos,"disable_ready_notification.intent","turn off loaded notifications"
skill-ovos-boot-finished.openvoiceos,"disable_ready_notification.intent","turn off loaded sound"
skill-ovos-boot-finished.openvoiceos,"disable_ready_notification.intent","turn off loaded sounds"
skill-ovos-boot-finished.openvoiceos,"disable_ready_notification.intent","turn off loaded speech"
skill-ovos-boot-finished.openvoiceos,"disable_ready_notification.intent","turn off readiness notification"
skill-ovos-boot-finished.openvoiceos,"disable_ready_notification.intent","turn off readiness notifications"
skill-ovos-boot-finished.openvoiceos,"disable_ready_notification.intent","turn off readiness sound"
skill-ovos-boot-finished.openvoiceos,"disable_ready_notification.intent","turn off readiness sounds"
skill-ovos-boot-finished.openvoiceos,"disable_ready_notification.intent","turn off readiness speech"
skill-ovos-boot-finished.openvoiceos,"disable_ready_notification.intent","turn off ready notification"
skill-ovos-boot-finished.openvoiceos,"disable_ready_notification.intent","turn off ready notifications"
skill-ovos-boot-finished.openvoiceos,"disable_ready_notification.intent","turn off ready sound"
skill-ovos-boot-finished.openvoiceos,"disable_ready_notification.intent","turn off ready sounds"
skill-ovos-boot-finished.openvoiceos,"disable_ready_notification.intent","turn off ready speech"
skill-ovos-boot-finished.openvoiceos,"disable_ready_notification.intent","turn off start notification"
skill-ovos-boot-finished.openvoiceos,"disable_ready_notification.intent","turn off start notifications"
skill-ovos-boot-finished.openvoiceos,"disable_ready_notification.intent","turn off start sound"
skill-ovos-boot-finished.openvoiceos,"disable_ready_notification.intent","turn off start sounds"
skill-ovos-boot-finished.openvoiceos,"disable_ready_notification.intent","turn off start speech"
skill-ovos-boot-finished.openvoiceos,"disable_ready_notification.intent","turn off start up notification"
skill-ovos-boot-finished.openvoiceos,"disable_ready_notification.intent","turn off start up notifications"
skill-ovos-boot-finished.openvoiceos,"disable_ready_notification.intent","turn off start up sound"
skill-ovos-boot-finished.openvoiceos,"disable_ready_notification.intent","turn off start up sounds"
skill-ovos-boot-finished.openvoiceos,"disable_ready_notification.intent","turn off start up speech"
skill-ovos-boot-finished.openvoiceos,"disable_ready_notification.intent","turn off started notification"
skill-ovos-boot-finished.openvoiceos,"disable_ready_notification.intent","turn off started notifications"
skill-ovos-boot-finished.openvoiceos,"disable_ready_notification.intent","turn off started sound"
skill-ovos-boot-finished.openvoiceos,"disable_ready_notification.intent","turn off started sounds"
skill-ovos-boot-finished.openvoiceos,"disable_ready_notification.intent","turn off started speech"
skill-ovos-boot-finished.openvoiceos,"disable_ready_notification.intent","turn off startup notification"
skill-ovos-boot-finished.openvoiceos,"disable_ready_notification.intent","turn off startup notifications"
skill-ovos-boot-finished.openvoiceos,"disable_ready_notification.intent","turn off startup sound"
skill-ovos-boot-finished.openvoiceos,"disable_ready_notification.intent","turn off startup sounds"
skill-ovos-boot-finished.openvoiceos,"disable_ready_notification.intent","turn off startup speech"
skill-ovos-boot-finished.openvoiceos,"enable_ready_notification.intent","activate boot notification"
skill-ovos-boot-finished.openvoiceos,"enable_ready_notification.intent","activate boot notifications"
skill-ovos-boot-finished.openvoiceos,"enable_ready_notification.intent","activate boot sound"
skill-ovos-boot-finished.openvoiceos,"enable_ready_notification.intent","activate boot sounds"
skill-ovos-boot-finished.openvoiceos,"enable_ready_notification.intent","activate boot speech"
skill-ovos-boot-finished.openvoiceos,"enable_ready_notification.intent","activate booted notification"
skill-ovos-boot-finished.openvoiceos,"enable_ready_notification.intent","activate booted notifications"
skill-ovos-boot-finished.openvoiceos,"enable_ready_notification.intent","activate booted sound"
skill-ovos-boot-finished.openvoiceos,"enable_ready_notification.intent","activate booted sounds"
skill-ovos-boot-finished.openvoiceos,"enable_ready_notification.intent","activate booted speech"
skill-ovos-boot-finished.openvoiceos,"enable_ready_notification.intent","activate load notification"
skill-ovos-boot-finished.openvoiceos,"enable_ready_notification.intent","activate load notifications"
skill-ovos-boot-finished.openvoiceos,"enable_ready_notification.intent","activate load sound"
skill-ovos-boot-finished.openvoiceos,"enable_ready_notification.intent","activate load sounds"
skill-ovos-boot-finished.openvoiceos,"enable_ready_notification.intent","activate load speech"
skill-ovos-boot-finished.openvoiceos,"enable_ready_notification.intent","activate loaded notification"
skill-ovos-boot-finished.openvoiceos,"enable_ready_notification.intent","activate loaded notifications"
skill-ovos-boot-finished.openvoiceos,"enable_ready_notification.intent","activate loaded sound"
skill-ovos-boot-finished.openvoiceos,"enable_ready_notification.intent","activate loaded sounds"
skill-ovos-boot-finished.openvoiceos,"enable_ready_notification.intent","activate loaded speech"
skill-ovos-boot-finished.openvoiceos,"enable_ready_notification.intent","activate readiness notification"
skill-ovos-boot-finished.openvoiceos,"enable_ready_notification.intent","activate readiness notifications"
skill-ovos-boot-finished.openvoiceos,"enable_ready_notification.intent","activate readiness sound"
skill-ovos-boot-finished.openvoiceos,"enable_ready_notification.intent","activate readiness sounds"
skill-ovos-boot-finished.openvoiceos,"enable_ready_notification.intent","activate readiness speech"
skill-ovos-boot-finished.openvoiceos,"enable_ready_notification.intent","activate ready notification"
skill-ovos-boot-finished.openvoiceos,"enable_ready_notification.intent","activate ready notifications"
skill-ovos-boot-finished.openvoiceos,"enable_ready_notification.intent","activate ready sound"
skill-ovos-boot-finished.openvoiceos,"enable_ready_notification.intent","activate ready sounds"
skill-ovos-boot-finished.openvoiceos,"enable_ready_notification.intent","activate ready speech"
skill-ovos-boot-finished.openvoiceos,"enable_ready_notification.intent","activate start notification"
skill-ovos-boot-finished.openvoiceos,"enable_ready_notification.intent","activate start notifications"
skill-ovos-boot-finished.openvoiceos,"enable_ready_notification.intent","activate start sound"
skill-ovos-boot-finished.openvoiceos,"enable_ready_notification.intent","activate start sounds"
skill-ovos-boot-finished.openvoiceos,"enable_ready_notification.intent","activate start speech"
skill-ovos-boot-finished.openvoiceos,"enable_ready_notification.intent","activate start up notification"
skill-ovos-boot-finished.openvoiceos,"enable_ready_notification.intent","activate start up notifications"
skill-ovos-boot-finished.openvoiceos,"enable_ready_notification.intent","activate start up sound"
skill-ovos-boot-finished.openvoiceos,"enable_ready_notification.intent","activate start up sounds"
skill-ovos-boot-finished.openvoiceos,"enable_ready_notification.intent","activate start up speech"
skill-ovos-boot-finished.openvoiceos,"enable_ready_notification.intent","activate started notification"
skill-ovos-boot-finished.openvoiceos,"enable_ready_notification.intent","activate started notifications"
skill-ovos-boot-finished.openvoiceos,"enable_ready_notification.intent","activate started sound"
skill-ovos-boot-finished.openvoiceos,"enable_ready_notification.intent","activate started sounds"
skill-ovos-boot-finished.openvoiceos,"enable_ready_notification.intent","activate started speech"
skill-ovos-boot-finished.openvoiceos,"enable_ready_notification.intent","activate startup notification"
skill-ovos-boot-finished.openvoiceos,"enable_ready_notification.intent","activate startup notifications"
skill-ovos-boot-finished.openvoiceos,"enable_ready_notification.intent","activate startup sound"
skill-ovos-boot-finished.openvoiceos,"enable_ready_notification.intent","activate startup sounds"
skill-ovos-boot-finished.openvoiceos,"enable_ready_notification.intent","activate startup speech"
skill-ovos-boot-finished.openvoiceos,"enable_ready_notification.intent","enable boot notification"
skill-ovos-boot-finished.openvoiceos,"enable_ready_notification.intent","enable boot notifications"
skill-ovos-boot-finished.openvoiceos,"enable_ready_notification.intent","enable boot sound"
skill-ovos-boot-finished.openvoiceos,"enable_ready_notification.intent","enable boot sounds"
skill-ovos-boot-finished.openvoiceos,"enable_ready_notification.intent","enable boot speech"
skill-ovos-boot-finished.openvoiceos,"enable_ready_notification.intent","enable booted notification"
skill-ovos-boot-finished.openvoiceos,"enable_ready_notification.intent","enable booted notifications"
skill-ovos-boot-finished.openvoiceos,"enable_ready_notification.intent","enable booted sound"
skill-ovos-boot-finished.openvoiceos,"enable_ready_notification.intent","enable booted sounds"
skill-ovos-boot-finished.openvoiceos,"enable_ready_notification.intent","enable booted speech"
skill-ovos-boot-finished.openvoiceos,"enable_ready_notification.intent","enable load notification"
skill-ovos-boot-finished.openvoiceos,"enable_ready_notification.intent","enable load notifications"
skill-ovos-boot-finished.openvoiceos,"enable_ready_notification.intent","enable load sound"
skill-ovos-boot-finished.openvoiceos,"enable_ready_notification.intent","enable load sounds"
skill-ovos-boot-finished.openvoiceos,"enable_ready_notification.intent","enable load speech"
skill-ovos-boot-finished.openvoiceos,"enable_ready_notification.intent","enable loaded notification"
skill-ovos-boot-finished.openvoiceos,"enable_ready_notification.intent","enable loaded notifications"
skill-ovos-boot-finished.openvoiceos,"enable_ready_notification.intent","enable loaded sound"
skill-ovos-boot-finished.openvoiceos,"enable_ready_notification.intent","enable loaded sounds"
skill-ovos-boot-finished.openvoiceos,"enable_ready_notification.intent","enable loaded speech"
skill-ovos-boot-finished.openvoiceos,"enable_ready_notification.intent","enable readiness notification"
skill-ovos-boot-finished.openvoiceos,"enable_ready_notification.intent","enable readiness notifications"
skill-ovos-boot-finished.openvoiceos,"enable_ready_notification.intent","enable readiness sound"
skill-ovos-boot-finished.openvoiceos,"enable_ready_notification.intent","enable readiness sounds"
skill-ovos-boot-finished.openvoiceos,"enable_ready_notification.intent","enable readiness speech"
skill-ovos-boot-finished.openvoiceos,"enable_ready_notification.intent","enable ready notification"
skill-ovos-boot-finished.openvoiceos,"enable_ready_notification.intent","enable ready notifications"
skill-ovos-boot-finished.openvoiceos,"enable_ready_notification.intent","enable ready sound"
skill-ovos-boot-finished.openvoiceos,"enable_ready_notification.intent","enable ready sounds"
skill-ovos-boot-finished.openvoiceos,"enable_ready_notification.intent","enable ready speech"
skill-ovos-boot-finished.openvoiceos,"enable_ready_notification.intent","enable start notification"
skill-ovos-boot-finished.openvoiceos,"enable_ready_notification.intent","enable start notifications"
skill-ovos-boot-finished.openvoiceos,"enable_ready_notification.intent","enable start sound"
skill-ovos-boot-finished.openvoiceos,"enable_ready_notification.intent","enable start sounds"
skill-ovos-boot-finished.openvoiceos,"enable_ready_notification.intent","enable start speech"
skill-ovos-boot-finished.openvoiceos,"enable_ready_notification.intent","enable start up notification"
skill-ovos-boot-finished.openvoiceos,"enable_ready_notification.intent","enable start up notifications"
skill-ovos-boot-finished.openvoiceos,"enable_ready_notification.intent","enable start up sound"
skill-ovos-boot-finished.openvoiceos,"enable_ready_notification.intent","enable start up sounds"
skill-ovos-boot-finished.openvoiceos,"enable_ready_notification.intent","enable start up speech"
skill-ovos-boot-finished.openvoiceos,"enable_ready_notification.intent","enable started notification"
skill-ovos-boot-finished.openvoiceos,"enable_ready_notification.intent","enable started notifications"
skill-ovos-boot-finished.openvoiceos,"enable_ready_notification.intent","enable started sound"
skill-ovos-boot-finished.openvoiceos,"enable_ready_notification.intent","enable started sounds"
skill-ovos-boot-finished.openvoiceos,"enable_ready_notification.intent","enable started speech"
skill-ovos-boot-finished.openvoiceos,"enable_ready_notification.intent","enable startup notification"
skill-ovos-boot-finished.openvoiceos,"enable_ready_notification.intent","enable startup notifications"
skill-ovos-boot-finished.openvoiceos,"enable_ready_notification.intent","enable startup sound"
skill-ovos-boot-finished.openvoiceos,"enable_ready_notification.intent","enable startup sounds"
skill-ovos-boot-finished.openvoiceos,"enable_ready_notification.intent","enable startup speech"
skill-ovos-boot-finished.openvoiceos,"enable_ready_notification.intent","turn on boot notification"
skill-ovos-boot-finished.openvoiceos,"enable_ready_notification.intent","turn on boot notifications"
skill-ovos-boot-finished.openvoiceos,"enable_ready_notification.intent","turn on boot sound"
skill-ovos-boot-finished.openvoiceos,"enable_ready_notification.intent","turn on boot sounds"
skill-ovos-boot-finished.openvoiceos,"enable_ready_notification.intent","turn on boot speech"
skill-ovos-boot-finished.openvoiceos,"enable_ready_notification.intent","turn on booted notification"
skill-ovos-boot-finished.openvoiceos,"enable_ready_notification.intent","turn on booted notifications"
skill-ovos-boot-finished.openvoiceos,"enable_ready_notification.intent","turn on booted sound"
skill-ovos-boot-finished.openvoiceos,"enable_ready_notification.intent","turn on booted sounds"
skill-ovos-boot-finished.openvoiceos,"enable_ready_notification.intent","turn on booted speech"
skill-ovos-boot-finished.openvoiceos,"enable_ready_notification.intent","turn on load notification"
skill-ovos-boot-finished.openvoiceos,"enable_ready_notification.intent","turn on load notifications"
skill-ovos-boot-finished.openvoiceos,"enable_ready_notification.intent","turn on load sound"
skill-ovos-boot-finished.openvoiceos,"enable_ready_notification.intent","turn on load sounds"
skill-ovos-boot-finished.openvoiceos,"enable_ready_notification.intent","turn on load speech"
skill-ovos-boot-finished.openvoiceos,"enable_ready_notification.intent","turn on loaded notification"
skill-ovos-boot-finished.openvoiceos,"enable_ready_notification.intent","turn on loaded notifications"
skill-ovos-boot-finished.openvoiceos,"enable_ready_notification.intent","turn on loaded sound"
skill-ovos-boot-finished.openvoiceos,"enable_ready_notification.intent","turn on loaded sounds"
skill-ovos-boot-finished.openvoiceos,"enable_ready_notification.intent","turn on loaded speech"
skill-ovos-boot-finished.openvoiceos,"enable_ready_notification.intent","turn on readiness notification"
skill-ovos-boot-finished.openvoiceos,"enable_ready_notification.intent","turn on readiness notifications"
skill-ovos-boot-finished.openvoiceos,"enable_ready_notification.intent","turn on readiness sound"
skill-ovos-boot-finished.openvoiceos,"enable_ready_notification.intent","turn on readiness sounds"
skill-ovos-boot-finished.openvoiceos,"enable_ready_notification.intent","turn on readiness speech"
skill-ovos-boot-finished.openvoiceos,"enable_ready_notification.intent","turn on ready notification"
skill-ovos-boot-finished.openvoiceos,"enable_ready_notification.intent","turn on ready notifications"
skill-ovos-boot-finished.openvoiceos,"enable_ready_notification.intent","turn on ready sound"
skill-ovos-boot-finished.openvoiceos,"enable_ready_notification.intent","turn on ready sounds"
skill-ovos-boot-finished.openvoiceos,"enable_ready_notification.intent","turn on ready speech"
skill-ovos-boot-finished.openvoiceos,"enable_ready_notification.intent","turn on start notification"
skill-ovos-boot-finished.openvoiceos,"enable_ready_notification.intent","turn on start notifications"
skill-ovos-boot-finished.openvoiceos,"enable_ready_notification.intent","turn on start sound"
skill-ovos-boot-finished.openvoiceos,"enable_ready_notification.intent","turn on start sounds"
skill-ovos-boot-finished.openvoiceos,"enable_ready_notification.intent","turn on start speech"
skill-ovos-boot-finished.openvoiceos,"enable_ready_notification.intent","turn on start up notification"
skill-ovos-boot-finished.openvoiceos,"enable_ready_notification.intent","turn on start up notifications"
skill-ovos-boot-finished.openvoiceos,"enable_ready_notification.intent","turn on start up sound"
skill-ovos-boot-finished.openvoiceos,"enable_ready_notification.intent","turn on start up sounds"
skill-ovos-boot-finished.openvoiceos,"enable_ready_notification.intent","turn on start up speech"
skill-ovos-boot-finished.openvoiceos,"enable_ready_notification.intent","turn on started notification"
skill-ovos-boot-finished.openvoiceos,"enable_ready_notification.intent","turn on started notifications"
skill-ovos-boot-finished.openvoiceos,"enable_ready_notification.intent","turn on started sound"
skill-ovos-boot-finished.openvoiceos,"enable_ready_notification.intent","turn on started sounds"
skill-ovos-boot-finished.openvoiceos,"enable_ready_notification.intent","turn on started speech"
skill-ovos-boot-finished.openvoiceos,"enable_ready_notification.intent","turn on startup notification"
skill-ovos-boot-finished.openvoiceos,"enable_ready_notification.intent","turn on startup notifications"
skill-ovos-boot-finished.openvoiceos,"enable_ready_notification.intent","turn on startup sound"
skill-ovos-boot-finished.openvoiceos,"enable_ready_notification.intent","turn on startup sounds"
skill-ovos-boot-finished.openvoiceos,"enable_ready_notification.intent","turn on startup speech"
skill-ovos-boot-finished.openvoiceos,"are_you_ready.intent","Has Open Voice OS boot successfully"
skill-ovos-boot-finished.openvoiceos,"are_you_ready.intent","Has the system boot successfully"
skill-ovos-boot-finished.openvoiceos,"are_you_ready.intent","Has you boot successfully"
skill-ovos-boot-finished.openvoiceos,"are_you_ready.intent","did Open Voice OS boot successfully"
skill-ovos-boot-finished.openvoiceos,"are_you_ready.intent","did the system boot successfully"
skill-ovos-boot-finished.openvoiceos,"are_you_ready.intent","did you boot successfully"
skill-ovos-boot-finished.openvoiceos,"are_you_ready.intent","Has the system finished boot sequence"
skill-ovos-boot-finished.openvoiceos,"are_you_ready.intent","Has the system finished loading"
skill-ovos-boot-finished.openvoiceos,"are_you_ready.intent","Has the system finished start up"
skill-ovos-boot-finished.openvoiceos,"are_you_ready.intent","Has the system finished starting"
skill-ovos-boot-finished.openvoiceos,"are_you_ready.intent","Have you finished boot sequence"
skill-ovos-boot-finished.openvoiceos,"are_you_ready.intent","Have you finished loading"
skill-ovos-boot-finished.openvoiceos,"are_you_ready.intent","Have you finished start up"
skill-ovos-boot-finished.openvoiceos,"are_you_ready.intent","Have you finished starting"
skill-ovos-boot-finished.openvoiceos,"are_you_ready.intent","Are all services fully loaded"
skill-ovos-boot-finished.openvoiceos,"are_you_ready.intent","Are all services ready"
skill-ovos-boot-finished.openvoiceos,"are_you_ready.intent","Are all services still loading"
skill-ovos-boot-finished.openvoiceos,"are_you_ready.intent","Are all services up and running"
skill-ovos-boot-finished.openvoiceos,"are_you_ready.intent","Are you fully loaded"
skill-ovos-boot-finished.openvoiceos,"are_you_ready.intent","Are you ready"
skill-ovos-boot-finished.openvoiceos,"are_you_ready.intent","Are you still loading"
skill-ovos-boot-finished.openvoiceos,"are_you_ready.intent","Are you up and running"
skill-ovos-boot-finished.openvoiceos,"are_you_ready.intent","Did Open Voice OS finish booting"
skill-ovos-boot-finished.openvoiceos,"are_you_ready.intent","Did all services finish booting"
skill-ovos-boot-finished.openvoiceos,"are_you_ready.intent","Did the device finish booting"
skill-ovos-boot-finished.openvoiceos,"are_you_ready.intent","Did the system finish booting"
skill-ovos-boot-finished.openvoiceos,"are_you_ready.intent","Did you finish booting"
skill-ovos-boot-finished.openvoiceos,"are_you_ready.intent","Have all services started"
skill-ovos-boot-finished.openvoiceos,"are_you_ready.intent","Have you started"
skill-ovos-boot-finished.openvoiceos,"are_you_ready.intent","Have you finished booting"
skill-ovos-boot-finished.openvoiceos,"are_you_ready.intent","Have you finished loading"
skill-ovos-boot-finished.openvoiceos,"are_you_ready.intent","Have you finished the boot sequence"
skill-ovos-boot-finished.openvoiceos,"are_you_ready.intent","Is Open Voice OS ready"
skill-ovos-boot-finished.openvoiceos,"are_you_ready.intent","Is the device ready"
skill-ovos-boot-finished.openvoiceos,"are_you_ready.intent","Is the system ready"
skill-ovos-boot-finished.openvoiceos,"are_you_ready.intent","Is Open Voice OS system ready"
skill-ovos-boot-finished.openvoiceos,"are_you_ready.intent","Is the system ready"
skill-ovos-boot-finished.openvoiceos,"are_you_ready.intent","Is your system ready"
skill-ovos-boot-finished.openvoiceos,"are_you_ready.intent","Is everything fully loaded"
skill-ovos-boot-finished.openvoiceos,"are_you_ready.intent","Is everything ready"
skill-ovos-boot-finished.openvoiceos,"are_you_ready.intent","Is everything still loading"
skill-ovos-boot-finished.openvoiceos,"are_you_ready.intent","Is everything up and running"
skill-ovos-boot-finished.openvoiceos,"are_you_ready.intent","Is the boot process complete"
skill-ovos-boot-finished.openvoiceos,"are_you_ready.intent","Is the boot sequence complete"
skill-ovos-date-time.openvoiceos,"what.month.is.it.intent","current month"
skill-ovos-date-time.openvoiceos,"what.month.is.it.intent","tell me the current month"
skill-ovos-date-time.openvoiceos,"what.month.is.it.intent","tell me the month"
skill-ovos-date-time.openvoiceos,"what.month.is.it.intent","what month are we in"
skill-ovos-date-time.openvoiceos,"what.month.is.it.intent","what month is it"
skill-ovos-date-time.openvoiceos,"what.month.is.it.intent","what month is it right now"
skill-ovos-date-time.openvoiceos,"what.month.is.it.intent","what month is today"
skill-ovos-date-time.openvoiceos,"what.month.is.it.intent","what’s the month"
skill-ovos-date-time.openvoiceos,"what.month.is.it.intent","which month is it"
skill-ovos-date-time.openvoiceos,"what.year.is.it.intent","current year"
skill-ovos-date-time.openvoiceos,"what.year.is.it.intent","tell me the current year"
skill-ovos-date-time.openvoiceos,"what.year.is.it.intent","tell me the year"
skill-ovos-date-time.openvoiceos,"what.year.is.it.intent","what year are we in"
skill-ovos-date-time.openvoiceos,"what.year.is.it.intent","what year is it"
skill-ovos-date-time.openvoiceos,"what.year.is.it.intent","what year is it right now"
skill-ovos-date-time.openvoiceos,"what.year.is.it.intent","what year is today"
skill-ovos-date-time.openvoiceos,"what.year.is.it.intent","what’s the year"
skill-ovos-date-time.openvoiceos,"what.year.is.it.intent","which year is it"
skill-ovos-date-time.openvoiceos,"what.time.is.it.intent","Can you give me an update on the time?"
skill-ovos-date-time.openvoiceos,"what.time.is.it.intent","Can you give me the time, please?"
skill-ovos-date-time.openvoiceos,"what.time.is.it.intent","Can you let me know what time it is?"
skill-ovos-date-time.openvoiceos,"what.time.is.it.intent","Can you share the time with me?"
skill-ovos-date-time.openvoiceos,"what.time.is.it.intent","Could you give me the current time, please?"
skill-ovos-date-time.openvoiceos,"what.time.is.it.intent","Could you please share the time?"
skill-ovos-date-time.openvoiceos,"what.time.is.it.intent","Do you happen to know the time?"
skill-ovos-date-time.openvoiceos,"what.time.is.it.intent","Do you have the current time available?"
skill-ovos-date-time.openvoiceos,"what.time.is.it.intent","I need to be aware of the current time."
skill-ovos-date-time.openvoiceos,"what.time.is.it.intent","I need to check the time."
skill-ovos-date-time.openvoiceos,"what.time.is.it.intent","I need to know the time now"
skill-ovos-date-time.openvoiceos,"what.time.is.it.intent","I want to check the current time."
skill-ovos-date-time.openvoiceos,"what.time.is.it.intent","I want to know the time"
skill-ovos-date-time.openvoiceos,"what.time.is.it.intent","I would like to know the current time"
skill-ovos-date-time.openvoiceos,"what.time.is.it.intent","I'd appreciate it if you could tell me the time."
skill-ovos-date-time.openvoiceos,"what.time.is.it.intent","I'd like to know the time right now."
skill-ovos-date-time.openvoiceos,"what.time.is.it.intent","I'm curious about the time"
skill-ovos-date-time.openvoiceos,"what.time.is.it.intent","I'm curious, what time is it?"
skill-ovos-date-time.openvoiceos,"what.time.is.it.intent","I'm wondering about the current time."
skill-ovos-date-time.openvoiceos,"what.time.is.it.intent","Is it possible to get the time right now?"
skill-ovos-date-time.openvoiceos,"what.time.is.it.intent","Let me know the time, please."
skill-ovos-date-time.openvoiceos,"what.time.is.it.intent","May I know the time?"
skill-ovos-date-time.openvoiceos,"what.time.is.it.intent","Please inform me of the time."
skill-ovos-date-time.openvoiceos,"what.time.is.it.intent","Please provide me with the current time."
skill-ovos-date-time.openvoiceos,"what.time.is.it.intent","Tell me the current time, please."
skill-ovos-date-time.openvoiceos,"what.time.is.it.intent","Tell me the time now, please."
skill-ovos-date-time.openvoiceos,"what.time.is.it.intent","Tell me the time, if you would."
skill-ovos-date-time.openvoiceos,"what.time.is.it.intent","What time is it at the present?"
skill-ovos-date-time.openvoiceos,"what.time.is.it.intent","What time is it now?"
skill-ovos-date-time.openvoiceos,"what.time.is.it.intent","What time is it showing?"
skill-ovos-date-time.openvoiceos,"what.time.is.it.intent","What's the current time, if you don't mind?"
skill-ovos-date-time.openvoiceos,"what.time.is.it.intent","What's the time according to your clock?"
skill-ovos-date-time.openvoiceos,"what.time.is.it.intent","What's the time at this moment?"
skill-ovos-date-time.openvoiceos,"what.time.is.it.intent","What's the time on your end?"
skill-ovos-date-time.openvoiceos,"what.time.is.it.intent","can you inform me of the time"
skill-ovos-date-time.openvoiceos,"what.time.is.it.intent","can you tell me the time"
skill-ovos-date-time.openvoiceos,"what.time.is.it.intent","clock"
skill-ovos-date-time.openvoiceos,"what.time.is.it.intent","clock now"
skill-ovos-date-time.openvoiceos,"what.time.is.it.intent","clock now please"
skill-ovos-date-time.openvoiceos,"what.time.is.it.intent","clock please"
skill-ovos-date-time.openvoiceos,"what.time.is.it.intent","clock right now"
skill-ovos-date-time.openvoiceos,"what.time.is.it.intent","clock right now please"
skill-ovos-date-time.openvoiceos,"what.time.is.it.intent","could you tell me the time"
skill-ovos-date-time.openvoiceos,"what.time.is.it.intent","current time"
skill-ovos-date-time.openvoiceos,"what.time.is.it.intent","do you have the current time"
skill-ovos-date-time.openvoiceos,"what.time.is.it.intent","do you have the time"
skill-ovos-date-time.openvoiceos,"what.time.is.it.intent","do you have the time right now"
skill-ovos-date-time.openvoiceos,"what.time.is.it.intent","do you know what time it is"
skill-ovos-date-time.openvoiceos,"what.time.is.it.intent","give me the current time"
skill-ovos-date-time.openvoiceos,"what.time.is.it.intent","let me know the current time"
skill-ovos-date-time.openvoiceos,"what.time.is.it.intent","please provide the time"
skill-ovos-date-time.openvoiceos,"what.time.is.it.intent","please tell me the current time"
skill-ovos-date-time.openvoiceos,"what.time.is.it.intent","tell me the time please"
skill-ovos-date-time.openvoiceos,"what.time.is.it.intent","tell me what time it is"
skill-ovos-date-time.openvoiceos,"what.time.is.it.intent","the clock"
skill-ovos-date-time.openvoiceos,"what.time.is.it.intent","the clock now"
skill-ovos-date-time.openvoiceos,"what.time.is.it.intent","the clock now please"
skill-ovos-date-time.openvoiceos,"what.time.is.it.intent","the clock please"
skill-ovos-date-time.openvoiceos,"what.time.is.it.intent","the clock right now"
skill-ovos-date-time.openvoiceos,"what.time.is.it.intent","the clock right now please"
skill-ovos-date-time.openvoiceos,"what.time.is.it.intent","the time"
skill-ovos-date-time.openvoiceos,"what.time.is.it.intent","the time now"
skill-ovos-date-time.openvoiceos,"what.time.is.it.intent","the time now please"
skill-ovos-date-time.openvoiceos,"what.time.is.it.intent","the time please"
skill-ovos-date-time.openvoiceos,"what.time.is.it.intent","the time right now"
skill-ovos-date-time.openvoiceos,"what.time.is.it.intent","the time right now please"
skill-ovos-date-time.openvoiceos,"what.time.is.it.intent","time"
skill-ovos-date-time.openvoiceos,"what.time.is.it.intent","time now"
skill-ovos-date-time.openvoiceos,"what.time.is.it.intent","time now please"
skill-ovos-date-time.openvoiceos,"what.time.is.it.intent","time please"
skill-ovos-date-time.openvoiceos,"what.time.is.it.intent","time right now"
skill-ovos-date-time.openvoiceos,"what.time.is.it.intent","time right now please"
skill-ovos-date-time.openvoiceos,"what.time.is.it.intent","what is the current time"
skill-ovos-date-time.openvoiceos,"what.time.is.it.intent","what is the time at the moment"
skill-ovos-date-time.openvoiceos,"what.time.is.it.intent","what time is it currently"
skill-ovos-date-time.openvoiceos,"what.time.is.it.intent","what's the current time"
skill-ovos-date-time.openvoiceos,"what.time.is.it.intent","what's the time"
skill-ovos-date-time.openvoiceos,"what.time.is.it.intent","what's the time now"
skill-ovos-date-time.openvoiceos,"date.future.weekend.intent","Can you inform me of the dates for the coming weekend?"
skill-ovos-date-time.openvoiceos,"date.future.weekend.intent","Can you inform me of the dates for the weekend after this one?"
skill-ovos-date-time.openvoiceos,"date.future.weekend.intent","Can you provide the dates for the weekend that follows this one?"
skill-ovos-date-time.openvoiceos,"date.future.weekend.intent","Can you provide the dates for the weekend that follows?"
skill-ovos-date-time.openvoiceos,"date.future.weekend.intent","Can you provide the dates of the forthcoming weekend?"
skill-ovos-date-time.openvoiceos,"date.future.weekend.intent","Can you tell me the dates for the upcoming weekend?"
skill-ovos-date-time.openvoiceos,"date.future.weekend.intent","Can you tell me the dates for the weekend that follows the current one?"
skill-ovos-date-time.openvoiceos,"date.future.weekend.intent","Can you tell me the days of the upcoming weekend?"
skill-ovos-date-time.openvoiceos,"date.future.weekend.intent","Tell me the dates for the upcoming weekend."
skill-ovos-date-time.openvoiceos,"date.future.weekend.intent","Tell me the dates of the upcoming weekend."
skill-ovos-date-time.openvoiceos,"date.future.weekend.intent","Tell me the dates of the weekend following this one."
skill-ovos-date-time.openvoiceos,"date.future.weekend.intent","Tell me the dates of the weekend that follows the current one."
skill-ovos-date-time.openvoiceos,"date.future.weekend.intent","Tell me the dates planned for next weekend."
skill-ovos-date-time.openvoiceos,"date.future.weekend.intent","Tell me the dates planned for the weekend after this one."
skill-ovos-date-time.openvoiceos,"date.future.weekend.intent","Tell me the dates planned for the weekend that follows the current one."
skill-ovos-date-time.openvoiceos,"date.future.weekend.intent","Tell me the days for the forthcoming weekend."
skill-ovos-date-time.openvoiceos,"date.future.weekend.intent","Tell me the days for the weekend that follows this one."
skill-ovos-date-time.openvoiceos,"date.future.weekend.intent","What are the dates for next weekend?"
skill-ovos-date-time.openvoiceos,"date.future.weekend.intent","What are the dates for this weekend?"
skill-ovos-date-time.openvoiceos,"date.future.weekend.intent","What are the dates next weekend?"
skill-ovos-date-time.openvoiceos,"date.future.weekend.intent","What are the dates this weekend?"
skill-ovos-date-time.openvoiceos,"date.future.weekend.intent","What are the days anticipated for next weekend?"
skill-ovos-date-time.openvoiceos,"date.future.weekend.intent","What are the days anticipated for the weekend that follows the current one?"
skill-ovos-date-time.openvoiceos,"date.future.weekend.intent","What are the days anticipated for the weekend that is approaching?"
skill-ovos-date-time.openvoiceos,"date.future.weekend.intent","What are the days expected for the weekend that is approaching?"
skill-ovos-date-time.openvoiceos,"date.future.weekend.intent","What are the days for next weekend?"
skill-ovos-date-time.openvoiceos,"date.future.weekend.intent","What are the days for the upcoming weekend?"
skill-ovos-date-time.openvoiceos,"date.future.weekend.intent","What are the days for this weekend?"
skill-ovos-date-time.openvoiceos,"date.future.weekend.intent","What are the days next weekend?"
skill-ovos-date-time.openvoiceos,"date.future.weekend.intent","What are the days planned for this weekend?"
skill-ovos-date-time.openvoiceos,"date.future.weekend.intent","What are the days set for next weekend?"
skill-ovos-date-time.openvoiceos,"date.future.weekend.intent","What are the days this weekend?"
skill-ovos-date-time.openvoiceos,"date.future.weekend.intent","What date is next weekend?"
skill-ovos-date-time.openvoiceos,"date.future.weekend.intent","What date is this weekend?"
skill-ovos-date-time.openvoiceos,"date.future.weekend.intent","What dates are confirmed for the following weekend?"
skill-ovos-date-time.openvoiceos,"date.future.weekend.intent","What dates are confirmed for the weekend that follows the current one?"
skill-ovos-date-time.openvoiceos,"date.future.weekend.intent","What dates are confirmed for this weekend?"
skill-ovos-date-time.openvoiceos,"date.future.weekend.intent","What dates are marked for next weekend?"
skill-ovos-date-time.openvoiceos,"date.future.weekend.intent","What dates are marked for the weekend that comes next?"
skill-ovos-date-time.openvoiceos,"date.future.weekend.intent","What dates are marked for the weekend that is coming up?"
skill-ovos-date-time.openvoiceos,"date.future.weekend.intent","What dates are next weekend?"
skill-ovos-date-time.openvoiceos,"date.future.weekend.intent","What dates are scheduled for the forthcoming weekend?"
skill-ovos-date-time.openvoiceos,"date.future.weekend.intent","What dates are scheduled for the weekend that follows the current one?"
skill-ovos-date-time.openvoiceos,"date.future.weekend.intent","What dates are scheduled for this weekend?"
skill-ovos-date-time.openvoiceos,"date.future.weekend.intent","What dates are this weekend?"
skill-ovos-date-time.openvoiceos,"date.future.weekend.intent","What day is next weekend?"
skill-ovos-date-time.openvoiceos,"date.future.weekend.intent","What day is this weekend?"
skill-ovos-date-time.openvoiceos,"date.future.weekend.intent","What days are coming up this weekend?"
skill-ovos-date-time.openvoiceos,"date.future.weekend.intent","What days are set for the weekend after the current one?"
skill-ovos-date-time.openvoiceos,"date.future.weekend.intent","What days for next weekend?"
skill-ovos-date-time.openvoiceos,"date.future.weekend.intent","What days for this weekend?"
skill-ovos-date-time.openvoiceos,"date.future.weekend.intent","What days next weekend?"
skill-ovos-date-time.openvoiceos,"date.future.weekend.intent","What days this weekend?"
skill-ovos-date-time.openvoiceos,"date.future.weekend.intent","What is the date for next weekend?"
skill-ovos-date-time.openvoiceos,"date.future.weekend.intent","What is the date for this weekend?"
skill-ovos-date-time.openvoiceos,"date.future.weekend.intent","What is the date next weekend?"
skill-ovos-date-time.openvoiceos,"date.future.weekend.intent","What is the date this weekend?"
skill-ovos-date-time.openvoiceos,"date.future.weekend.intent","What is the schedule for the weekend after this one?"
skill-ovos-date-time.openvoiceos,"date.future.weekend.intent","What is the schedule for this weekend?"
skill-ovos-date-time.openvoiceos,"date.future.weekend.intent","What will be the days for next weekend?"
skill-ovos-date-time.openvoiceos,"date.future.weekend.intent","What will be the days for the upcoming weekend?"
skill-ovos-date-time.openvoiceos,"date.future.weekend.intent","What will be the days for the weekend after the current one?"
skill-ovos-date-time.openvoiceos,"date.future.weekend.intent","What will be the days for the weekend after this one?"
skill-ovos-date-time.openvoiceos,"date.future.weekend.intent","What will be the days for the weekend ahead?"
skill-ovos-date-time.openvoiceos,"date.future.weekend.intent","What will be the days for the weekend that comes next?"
skill-ovos-date-time.openvoiceos,"date.future.weekend.intent","What will be the days for the weekend that is coming up?"
skill-ovos-date-time.openvoiceos,"date.future.weekend.intent","What will be the days for this weekend?"
skill-ovos-date-time.openvoiceos,"date.future.weekend.intent","Which dates are allocated for the weekend after this one?"
skill-ovos-date-time.openvoiceos,"date.future.weekend.intent","Which dates are allocated for this weekend?"
skill-ovos-date-time.openvoiceos,"date.future.weekend.intent","Which days are anticipated for the weekend ahead?"
skill-ovos-date-time.openvoiceos,"date.future.weekend.intent","Which days are expected for the upcoming weekend?"
skill-ovos-date-time.openvoiceos,"date.future.weekend.intent","Which days are expected for the weekend after the current one?"
skill-ovos-date-time.openvoiceos,"date.future.weekend.intent","Which days are projected for the weekend ahead?"
skill-ovos-date-time.openvoiceos,"date.future.weekend.intent","Which days are projected for the weekend that is approaching?"
skill-ovos-date-time.openvoiceos,"date.future.weekend.intent","Which days are reserved for the following weekend?"
skill-ovos-date-time.openvoiceos,"date.future.weekend.intent","Which days are reserved for the next weekend?"
skill-ovos-date-time.openvoiceos,"date.future.weekend.intent","Which days are upcoming this weekend?"
skill-ovos-date-time.openvoiceos,"date.future.weekend.intent","Which days will be part of the coming weekend?"
skill-ovos-date-time.openvoiceos,"date.future.weekend.intent","Which days will be part of the weekend that comes next?"
skill-ovos-date-time.openvoiceos,"what.weekday.is.it.intent","tell me the day of the week"
skill-ovos-date-time.openvoiceos,"what.weekday.is.it.intent","what day of the week is it"
skill-ovos-date-time.openvoiceos,"what.weekday.is.it.intent","what weekday is it"
skill-ovos-date-time.openvoiceos,"what.weekday.is.it.intent","what weekday is today"
skill-ovos-date-time.openvoiceos,"what.weekday.is.it.intent","what’s the day of the week"
skill-ovos-date-time.openvoiceos,"what.weekday.is.it.intent","which day of the week is it"
skill-ovos-date-time.openvoiceos,"what.day.is.it.intent","can you tell me the day"
skill-ovos-date-time.openvoiceos,"what.day.is.it.intent","tell me the current day"
skill-ovos-date-time.openvoiceos,"what.day.is.it.intent","what day is it"
skill-ovos-date-time.openvoiceos,"what.day.is.it.intent","what day is it today"
skill-ovos-date-time.openvoiceos,"what.day.is.it.intent","what day is today"
skill-ovos-date-time.openvoiceos,"what.day.is.it.intent","what is today’s date"
skill-ovos-date-time.openvoiceos,"what.day.is.it.intent","what's today's date"
skill-ovos-date-time.openvoiceos,"what.day.is.it.intent","what’s the day today"
skill-ovos-date-time.openvoiceos,"date.last.weekend.intent","Can you provide the dates of the weekend before this one?"
skill-ovos-date-time.openvoiceos,"date.last.weekend.intent","Can you provide the days for the last weekend?"
skill-ovos-date-time.openvoiceos,"date.last.weekend.intent","Can you tell me the days for the previous weekend?"
skill-ovos-date-time.openvoiceos,"date.last.weekend.intent","Can you tell me which days were last weekend?"
skill-ovos-date-time.openvoiceos,"date.last.weekend.intent","Give me the dates for the previous weekend."
skill-ovos-date-time.openvoiceos,"date.last.weekend.intent","Give me the dates of the weekend before last."
skill-ovos-date-time.openvoiceos,"date.last.weekend.intent","Give me the specific dates for the previous weekend."
skill-ovos-date-time.openvoiceos,"date.last.weekend.intent","Give me the specific dates for the weekend before."
skill-ovos-date-time.openvoiceos,"date.last.weekend.intent","I'm interested in knowing the dates for last weekend."
skill-ovos-date-time.openvoiceos,"date.last.weekend.intent","Inform me of the dates for the weekend before last."
skill-ovos-date-time.openvoiceos,"date.last.weekend.intent","Inform me of the dates for the weekend that just passed."
skill-ovos-date-time.openvoiceos,"date.last.weekend.intent","Inform me of the days that constituted last weekend."
skill-ovos-date-time.openvoiceos,"date.last.weekend.intent","Please inform me of the dates for last weekend."
skill-ovos-date-time.openvoiceos,"date.last.weekend.intent","Please provide the days for the weekend prior."
skill-ovos-date-time.openvoiceos,"date.last.weekend.intent","Provide me with the days for the previous weekend."
skill-ovos-date-time.openvoiceos,"date.last.weekend.intent","Provide me with the specific dates for the weekend before last."
skill-ovos-date-time.openvoiceos,"date.last.weekend.intent","Tell me the dates of the weekend before last."
skill-ovos-date-time.openvoiceos,"date.last.weekend.intent","Tell me the dates of the weekend before the current one."
skill-ovos-date-time.openvoiceos,"date.last.weekend.intent","Tell me the dates of the weekend that just ended."
skill-ovos-date-time.openvoiceos,"date.last.weekend.intent","Tell me the dates of the weekend that just passed."
skill-ovos-date-time.openvoiceos,"date.last.weekend.intent","Tell me the days that comprised last weekend."
skill-ovos-date-time.openvoiceos,"date.last.weekend.intent","Tell me the days that comprised the weekend just passed."
skill-ovos-date-time.openvoiceos,"date.last.weekend.intent","Tell me the days that fell within the last weekend."
skill-ovos-date-time.openvoiceos,"date.last.weekend.intent","Tell me the specific dates of the last weekend."
skill-ovos-date-time.openvoiceos,"date.last.weekend.intent","What dates did last weekend cover?"
skill-ovos-date-time.openvoiceos,"date.last.weekend.intent","What dates did last weekend encompass?"
skill-ovos-date-time.openvoiceos,"date.last.weekend.intent","What days did last weekend include?"
skill-ovos-date-time.openvoiceos,"date.last.weekend.intent","What days did the last weekend cover?"
skill-ovos-date-time.openvoiceos,"date.last.weekend.intent","What days did the last weekend encompass?"
skill-ovos-date-time.openvoiceos,"date.last.weekend.intent","What days fell within the last weekend?"
skill-ovos-date-time.openvoiceos,"date.last.weekend.intent","What days were included in the weekend before the current one?"
skill-ovos-date-time.openvoiceos,"date.last.weekend.intent","What days were included in the weekend before this one?"
skill-ovos-date-time.openvoiceos,"date.last.weekend.intent","What days were part of the last weekend?"
skill-ovos-date-time.openvoiceos,"date.last.weekend.intent","What days were part of the weekend just passed?"
skill-ovos-date-time.openvoiceos,"date.last.weekend.intent","What were the dates for the weekend prior to this one?"
skill-ovos-date-time.openvoiceos,"date.last.weekend.intent","What were the dates for the weekend that just went by?"
skill-ovos-date-time.openvoiceos,"date.last.weekend.intent","What were the dates of the preceding weekend?"
skill-ovos-date-time.openvoiceos,"date.last.weekend.intent","What were the dates of the weekend before the current one?"
skill-ovos-date-time.openvoiceos,"date.last.weekend.intent","What were the days of the weekend before?"
skill-ovos-date-time.openvoiceos,"date.last.weekend.intent","When was the previous weekend?"
skill-ovos-date-time.openvoiceos,"date.last.weekend.intent","Which dates constituted last weekend?"
skill-ovos-date-time.openvoiceos,"date.last.weekend.intent","Which dates constituted the last weekend?"
skill-ovos-date-time.openvoiceos,"date.last.weekend.intent","Which dates fell within the last weekend?"
skill-ovos-date-time.openvoiceos,"date.last.weekend.intent","Which dates were considered last weekend?"
skill-ovos-date-time.openvoiceos,"date.last.weekend.intent","Which days fell under last weekend?"
skill-ovos-date-time.openvoiceos,"date.last.weekend.intent","Which days were included in last weekend?"
skill-ovos-date-time.openvoiceos,"date.last.weekend.intent","Which days were part of the weekend before this one?"
skill-ovos-date-time.openvoiceos,"date.last.weekend.intent","what date was last weekend"
skill-ovos-date-time.openvoiceos,"date.last.weekend.intent","what dates were last weekend"
skill-ovos-date-time.openvoiceos,"date.last.weekend.intent","what day was last weekend"
skill-ovos-date-time.openvoiceos,"date.last.weekend.intent","what days were last weekend"
skill-ovos-date-time.openvoiceos,"date.last.weekend.intent","what was the date last weekend"
skill-ovos-date-time.openvoiceos,"date.last.weekend.intent","what were the dates for last weekend"
skill-ovos-date-time.openvoiceos,"date.last.weekend.intent","what were the dates last weekend"
skill-ovos-date-time.openvoiceos,"date.last.weekend.intent","what were the days for last weekend"
skill-ovos-date-time.openvoiceos,"date.last.weekend.intent","what were the days last weekend"
skill-ovos-date-time.openvoiceos,"what.time.will.it.be.intent","what time will it be in {offset} hours"
skill-ovos-date-time.openvoiceos,"what.time.will.it.be.intent","what time will it be in {offset} hours from now"
skill-ovos-date-time.openvoiceos,"what.time.will.it.be.intent","what time will it be in {offset} hours from now in {location}"
skill-ovos-date-time.openvoiceos,"what.time.will.it.be.intent","what time will it be in {offset} hours in {location}"
skill-ovos-date-time.openvoiceos,"what.time.will.it.be.intent","what time will it be in {offset} minutes"
skill-ovos-date-time.openvoiceos,"what.time.will.it.be.intent","what time will it be in {offset} minutes from now"
skill-ovos-date-time.openvoiceos,"what.time.will.it.be.intent","what time will it be in {offset} minutes from now in {location}"
skill-ovos-date-time.openvoiceos,"what.time.will.it.be.intent","what time will it be in {offset} minutes in {location}"
skill-ovos-date-time.openvoiceos,"what.time.will.it.be.intent","what time will it be in {offset} seconds"
skill-ovos-date-time.openvoiceos,"what.time.will.it.be.intent","what time will it be in {offset} seconds from now"
skill-ovos-date-time.openvoiceos,"what.time.will.it.be.intent","what time will it be in {offset} seconds from now in {location}"
skill-ovos-date-time.openvoiceos,"what.time.will.it.be.intent","what time will it be in {offset} seconds in {location}"
skill-ovos-date-time.openvoiceos,"what.time.will.it.be.intent","when is it {offset} hours"
skill-ovos-date-time.openvoiceos,"what.time.will.it.be.intent","when is it {offset} hours from now"
skill-ovos-date-time.openvoiceos,"what.time.will.it.be.intent","when is it {offset} hours from now in {location}"
skill-ovos-date-time.openvoiceos,"what.time.will.it.be.intent","when is it {offset} hours in {location}"
skill-ovos-date-time.openvoiceos,"what.time.will.it.be.intent","when is it {offset} minutes"
skill-ovos-date-time.openvoiceos,"what.time.will.it.be.intent","when is it {offset} minutes from now"
skill-ovos-date-time.openvoiceos,"what.time.will.it.be.intent","when is it {offset} minutes from now in {location}"
skill-ovos-date-time.openvoiceos,"what.time.will.it.be.intent","when is it {offset} minutes in {location}"
skill-ovos-date-time.openvoiceos,"what.time.will.it.be.intent","when is it {offset} seconds"
skill-ovos-date-time.openvoiceos,"what.time.will.it.be.intent","when is it {offset} seconds from now"
skill-ovos-date-time.openvoiceos,"what.time.will.it.be.intent","when is it {offset} seconds from now in {location}"
skill-ovos-date-time.openvoiceos,"what.time.will.it.be.intent","when is it {offset} seconds in {location}"
skill-ovos-date-time.openvoiceos,"what.time.will.it.be.intent","when will it be {offset} hours"
skill-ovos-date-time.openvoiceos,"what.time.will.it.be.intent","when will it be {offset} hours from now"
skill-ovos-date-time.openvoiceos,"what.time.will.it.be.intent","when will it be {offset} hours in {location}"
skill-ovos-date-time.openvoiceos,"what.time.will.it.be.intent","when will it be {offset} minutes"
skill-ovos-date-time.openvoiceos,"what.time.will.it.be.intent","when will it be {offset} minutes from now"
skill-ovos-date-time.openvoiceos,"what.time.will.it.be.intent","when will it be {offset} minutes from now in {location}"
skill-ovos-date-time.openvoiceos,"what.time.will.it.be.intent","when will it be {offset} minutes in {location}"
skill-ovos-date-time.openvoiceos,"what.time.will.it.be.intent","when will it be {offset} seconds"
skill-ovos-date-time.openvoiceos,"what.time.will.it.be.intent","when will it be {offset} seconds from now"
skill-ovos-date-time.openvoiceos,"what.time.will.it.be.intent","when will it be {offset} seconds from now in {location}"
skill-ovos-date-time.openvoiceos,"what.time.will.it.be.intent","when will it be {offset} seconds in {location}"
skill-ovos-ddg.openvoiceos,"official_website.intent","what is {query} official website"
skill-ovos-ddg.openvoiceos,"search_duck.intent","ask the duck duck about {query}"
skill-ovos-ddg.openvoiceos,"search_duck.intent","ask the duck duck go about {query}"
skill-ovos-ddg.openvoiceos,"search_duck.intent","search duck duck for {query}"
skill-ovos-ddg.openvoiceos,"search_duck.intent","search duck duck go for {query}"
skill-ovos-ddg.openvoiceos,"search_duck.intent","search the duck for {query}"
skill-ovos-ddg.openvoiceos,"search_duck.intent","what does duck duck go say about {query}"
skill-ovos-ddg.openvoiceos,"search_duck.intent","what does duck duck say about {query}"
skill-ovos-ddg.openvoiceos,"search_duck.intent","what does the duck say about {query}"
skill-ovos-ddg.openvoiceos,"education.intent","where did {query} get her education"
skill-ovos-ddg.openvoiceos,"education.intent","where did {query} get his education"
skill-ovos-ddg.openvoiceos,"education.intent","where did {query} study"
skill-ovos-ddg.openvoiceos,"died.intent","when did {query} die"
skill-ovos-ddg.openvoiceos,"died.intent","when was {query} death"
skill-ovos-ddg.openvoiceos,"died.intent","{query} date of death"
skill-ovos-ddg.openvoiceos,"died.intent","{query} day of death"
skill-ovos-ddg.openvoiceos,"age_at_death.intent","how old was {query} on his death"
skill-ovos-ddg.openvoiceos,"age_at_death.intent","how old was {query} on the day he died"
skill-ovos-ddg.openvoiceos,"age_at_death.intent","how old was {query} on the day she died"
skill-ovos-ddg.openvoiceos,"age_at_death.intent","how old was {query} when he died"
skill-ovos-ddg.openvoiceos,"age_at_death.intent","how old was {query} when she died"
skill-ovos-ddg.openvoiceos,"born.intent","when is {query} birth"
skill-ovos-ddg.openvoiceos,"born.intent","when is {query} birthday"
skill-ovos-ddg.openvoiceos,"born.intent","when is {query} day of birth"
skill-ovos-ddg.openvoiceos,"born.intent","when was {query} born"
skill-ovos-ddg.openvoiceos,"born.intent","{query} date of birth"
skill-ovos-ddg.openvoiceos,"born.intent","{query} day of birth"
skill-ovos-ddg.openvoiceos,"thesis.intent","what is {query} thesis subject"
skill-ovos-ddg.openvoiceos,"alma_mater.intent","what is {query} alma mater"
skill-ovos-ddg.openvoiceos,"known_for.intent","what is {query} famous for"
skill-ovos-ddg.openvoiceos,"known_for.intent","what is {query} known for"
skill-ovos-ddg.openvoiceos,"children.intent","how many children did {query} have"
skill-ovos-ddg.openvoiceos,"children.intent","how many children does {query} have"
skill-ovos-ddg.openvoiceos,"birthdate.intent","what is {person} birth date"
skill-ovos-ddg.openvoiceos,"birthdate.intent","what is {person} birthday"
skill-ovos-ddg.openvoiceos,"birthdate.intent","when was born {person}"
skill-ovos-ddg.openvoiceos,"birthdate.intent","when was {person} born"
skill-ovos-ddg.openvoiceos,"resting_place.intent","where is {query} resting buried"
skill-ovos-ddg.openvoiceos,"resting_place.intent","where is {query} resting place"
skill-ovos-ddg.openvoiceos,"fields.intent","what is {query} field of expertise"
skill-ovos-ddg.openvoiceos,"who.intent","who is {person}"
skill-ovos-hello-world.openvoiceos,"Greetings.intent","ahoy"
skill-ovos-hello-world.openvoiceos,"Greetings.intent","g'day"
skill-ovos-hello-world.openvoiceos,"Greetings.intent","good afternoon"
skill-ovos-hello-world.openvoiceos,"Greetings.intent","good evening"
skill-ovos-hello-world.openvoiceos,"Greetings.intent","good morning"
skill-ovos-hello-world.openvoiceos,"Greetings.intent","greetings"
skill-ovos-hello-world.openvoiceos,"Greetings.intent","hello"
skill-ovos-hello-world.openvoiceos,"Greetings.intent","hello again"
skill-ovos-hello-world.openvoiceos,"Greetings.intent","hello there"
skill-ovos-hello-world.openvoiceos,"Greetings.intent","hey"
skill-ovos-hello-world.openvoiceos,"Greetings.intent","hey there"
skill-ovos-hello-world.openvoiceos,"Greetings.intent","hi"
skill-ovos-hello-world.openvoiceos,"Greetings.intent","hi there"
skill-ovos-hello-world.openvoiceos,"Greetings.intent","hiya"
skill-ovos-hello-world.openvoiceos,"Greetings.intent","howdy"
skill-ovos-hello-world.openvoiceos,"Greetings.intent","how’s it going"
skill-ovos-hello-world.openvoiceos,"Greetings.intent","long time no see"
skill-ovos-hello-world.openvoiceos,"Greetings.intent","nice to see you"
skill-ovos-hello-world.openvoiceos,"Greetings.intent","sup"
skill-ovos-hello-world.openvoiceos,"Greetings.intent","what's up"
skill-ovos-hello-world.openvoiceos,"Greetings.intent","yo"
skill-ovos-hello-world.openvoiceos,"HowAreYou.intent","how are you"
skill-ovos-hello-world.openvoiceos,"HowAreYou.intent","how are you doing"
skill-ovos-hello-world.openvoiceos,"HowAreYou.intent","how has your day been"
skill-ovos-hello-world.openvoiceos,"HowAreYou.intent","how have you been"
skill-ovos-icanhazdadjokes.openvoiceos,"joke.intent","can you tell jokes"
skill-ovos-icanhazdadjokes.openvoiceos,"joke.intent","do you know any jokes"
skill-ovos-icanhazdadjokes.openvoiceos,"joke.intent","make me laugh"
skill-ovos-icanhazdadjokes.openvoiceos,"joke.intent","say a joke"
skill-ovos-icanhazdadjokes.openvoiceos,"joke.intent","tell me a joke"
skill-ovos-icanhazdadjokes.openvoiceos,"search_joke.intent","can you tell jokes about {query}"
skill-ovos-icanhazdadjokes.openvoiceos,"search_joke.intent","can you tell {query} jokes"
skill-ovos-icanhazdadjokes.openvoiceos,"search_joke.intent","do you know any jokes about {query}"
skill-ovos-icanhazdadjokes.openvoiceos,"search_joke.intent","do you know any {query} jokes"
skill-ovos-icanhazdadjokes.openvoiceos,"search_joke.intent","joke about {query}"
skill-ovos-icanhazdadjokes.openvoiceos,"search_joke.intent","say a joke about {query}"
skill-ovos-icanhazdadjokes.openvoiceos,"search_joke.intent","say a {query} joke"
skill-ovos-icanhazdadjokes.openvoiceos,"search_joke.intent","tell me a joke about {query}"
skill-ovos-icanhazdadjokes.openvoiceos,"search_joke.intent","tell me a {query} joke"
skill-ovos-local-media.openvoiceos,"open.file.browser.intent","open   file browser"
skill-ovos-local-media.openvoiceos,"open.file.browser.intent","open   file browser  drive"
skill-ovos-local-media.openvoiceos,"open.file.browser.intent","open   my file browser"
skill-ovos-local-media.openvoiceos,"open.file.browser.intent","open   my file browser  drive"
skill-ovos-local-media.openvoiceos,"open.file.browser.intent","show   file browser"
skill-ovos-local-media.openvoiceos,"open.file.browser.intent","show   file browser  drive"
skill-ovos-local-media.openvoiceos,"open.file.browser.intent","show   my file browser"
skill-ovos-local-media.openvoiceos,"open.file.browser.intent","show   my file browser  drive"
skill-ovos-local-media.openvoiceos,"open.file.browser.intent","open   my usb"
skill-ovos-local-media.openvoiceos,"open.file.browser.intent","open   my usb  drive"
skill-ovos-local-media.openvoiceos,"open.file.browser.intent","open   usb"
skill-ovos-local-media.openvoiceos,"open.file.browser.intent","open   usb  drive"
skill-ovos-local-media.openvoiceos,"open.file.browser.intent","show   my usb"
skill-ovos-local-media.openvoiceos,"open.file.browser.intent","show   my usb  drive"
skill-ovos-local-media.openvoiceos,"open.file.browser.intent","show   usb"
skill-ovos-local-media.openvoiceos,"open.file.browser.intent","show   usb  drive"
skill-ovos-local-media.openvoiceos,"open.file.browser.intent","open  file browser"
skill-ovos-local-media.openvoiceos,"open.file.browser.intent","show  file browser"
skill-ovos-local-media.openvoiceos,"open.file.browser.intent","start file browser"
skill-ovos-local-media.openvoiceos,"open.file.browser.intent","open  file browser app"
skill-ovos-local-media.openvoiceos,"open.file.browser.intent","show  file browser app"
skill-ovos-local-media.openvoiceos,"open.file.browser.intent","start file browser app"
skill-ovos-local-media.openvoiceos,"open.file.browser.intent","open  usb browser"
skill-ovos-local-media.openvoiceos,"open.file.browser.intent","show  usb browser"
skill-ovos-local-media.openvoiceos,"open.file.browser.intent","start usb browser"
skill-ovos-local-media.openvoiceos,"open.file.browser.intent","open  usb browser app"
skill-ovos-local-media.openvoiceos,"open.file.browser.intent","show  usb browser app"
skill-ovos-local-media.openvoiceos,"open.file.browser.intent","start usb browser app"
skill-ovos-local-media.openvoiceos,"open.file.browser.intent","open file browser"
skill-ovos-local-media.openvoiceos,"open.file.browser.intent","open file browser app"
skill-ovos-local-media.openvoiceos,"open.file.browser.intent","open file browser drive"
skill-ovos-local-media.openvoiceos,"open.file.browser.intent","open my file browser"
skill-ovos-local-media.openvoiceos,"open.file.browser.intent","open my file browser drive"
skill-ovos-local-media.openvoiceos,"open.file.browser.intent","open my usb"
skill-ovos-local-media.openvoiceos,"open.file.browser.intent","open my usb drive"
skill-ovos-local-media.openvoiceos,"open.file.browser.intent","open usb"
skill-ovos-local-media.openvoiceos,"open.file.browser.intent","open usb browser"
skill-ovos-local-media.openvoiceos,"open.file.browser.intent","open usb browser app"
skill-ovos-local-media.openvoiceos,"open.file.browser.intent","open usb drive"
skill-ovos-local-media.openvoiceos,"open.file.browser.intent","show file browser"
skill-ovos-local-media.openvoiceos,"open.file.browser.intent","show file browser app"
skill-ovos-local-media.openvoiceos,"open.file.browser.intent","show file browser drive"
skill-ovos-local-media.openvoiceos,"open.file.browser.intent","show my file browser"
skill-ovos-local-media.openvoiceos,"open.file.browser.intent","show my file browser drive"
skill-ovos-local-media.openvoiceos,"open.file.browser.intent","show my usb"
skill-ovos-local-media.openvoiceos,"open.file.browser.intent","show my usb drive"
skill-ovos-local-media.openvoiceos,"open.file.browser.intent","show usb"
skill-ovos-local-media.openvoiceos,"open.file.browser.intent","show usb browser"
skill-ovos-local-media.openvoiceos,"open.file.browser.intent","show usb browser app"
skill-ovos-local-media.openvoiceos,"open.file.browser.intent","show usb drive"
skill-ovos-local-media.openvoiceos,"open.file.browser.intent","start file browser"
skill-ovos-local-media.openvoiceos,"open.file.browser.intent","start file browser app"
skill-ovos-local-media.openvoiceos,"open.file.browser.intent","start usb browser"
skill-ovos-local-media.openvoiceos,"open.file.browser.intent","start usb browser app"
skill-ovos-naptime.openvoiceos,"naptime.intent","activate sleep mode"
skill-ovos-naptime.openvoiceos,"naptime.intent","begin downtime"
skill-ovos-naptime.openvoiceos,"naptime.intent","begin naptime"
skill-ovos-naptime.openvoiceos,"naptime.intent","begin power nap"
skill-ovos-naptime.openvoiceos,"naptime.intent","begin sleep interval"
skill-ovos-naptime.openvoiceos,"naptime.intent","begin sleeping"
skill-ovos-naptime.openvoiceos,"naptime.intent","enter dreamland"
skill-ovos-naptime.openvoiceos,"naptime.intent","enter hibernation"
skill-ovos-naptime.openvoiceos,"naptime.intent","enter rest mode"
skill-ovos-naptime.openvoiceos,"naptime.intent","enter silent mode"
skill-ovos-naptime.openvoiceos,"naptime.intent","enter sleep mode"
skill-ovos-naptime.openvoiceos,"naptime.intent","enter slumber mode"
skill-ovos-naptime.openvoiceos,"naptime.intent","go to sleep"
skill-ovos-naptime.openvoiceos,"naptime.intent","initiate naptime"
skill-ovos-naptime.openvoiceos,"naptime.intent","initiate quiet time"
skill-ovos-naptime.openvoiceos,"naptime.intent","initiate shut-eye"
skill-ovos-naptime.openvoiceos,"naptime.intent","initiate siesta"
skill-ovos-naptime.openvoiceos,"naptime.intent","initiate siesta mode"
skill-ovos-naptime.openvoiceos,"naptime.intent","initiate sleep mode"
skill-ovos-naptime.openvoiceos,"naptime.intent","let's go to sleep"
skill-ovos-naptime.openvoiceos,"naptime.intent","let's have some quiet time"
skill-ovos-naptime.openvoiceos,"naptime.intent","let's take a nap"
skill-ovos-naptime.openvoiceos,"naptime.intent","nap time"
skill-ovos-naptime.openvoiceos,"naptime.intent","start doze-off"
skill-ovos-naptime.openvoiceos,"naptime.intent","start nap"
skill-ovos-naptime.openvoiceos,"naptime.intent","start nap period"
skill-ovos-naptime.openvoiceos,"naptime.intent","start sleep session"
skill-ovos-naptime.openvoiceos,"naptime.intent","start slumber time"
skill-ovos-naptime.openvoiceos,"naptime.intent","start snooze mode"
skill-ovos-naptime.openvoiceos,"naptime.intent","time for a nap"
skill-ovos-naptime.openvoiceos,"naptime.intent","time to sleep"
skill-ovos-news.openvoiceos,"global_news.intent","Any big news globally"
skill-ovos-news.openvoiceos,"global_news.intent","Any big news internationally"
skill-ovos-news.openvoiceos,"global_news.intent","Any big news worldwide"
skill-ovos-news.openvoiceos,"global_news.intent","Give me a global news update"
skill-ovos-news.openvoiceos,"global_news.intent","Give me a international news update"
skill-ovos-news.openvoiceos,"global_news.intent","Give me a world news update"
skill-ovos-news.openvoiceos,"global_news.intent","Give me a worldwide news update"
skill-ovos-news.openvoiceos,"global_news.intent","Give me global news"
skill-ovos-news.openvoiceos,"global_news.intent","Give me international news"
skill-ovos-news.openvoiceos,"global_news.intent","Give me world news"
skill-ovos-news.openvoiceos,"global_news.intent","Give me worldwide news"
skill-ovos-news.openvoiceos,"global_news.intent","How's the world doing today?"
skill-ovos-news.openvoiceos,"global_news.intent","I want global news"
skill-ovos-news.openvoiceos,"global_news.intent","I want international news"
skill-ovos-news.openvoiceos,"global_news.intent","I want world news"
skill-ovos-news.openvoiceos,"global_news.intent","I want worldwide news"
skill-ovos-news.openvoiceos,"global_news.intent","Is there any breaking news globally"
skill-ovos-news.openvoiceos,"global_news.intent","Is there any breaking news internationally"
skill-ovos-news.openvoiceos,"global_news.intent","Is there any breaking news worldwide"
skill-ovos-news.openvoiceos,"global_news.intent","Tell me about global news"
skill-ovos-news.openvoiceos,"global_news.intent","Tell me about international news"
skill-ovos-news.openvoiceos,"global_news.intent","Tell me about world news"
skill-ovos-news.openvoiceos,"global_news.intent","Tell me about worldwide news"
skill-ovos-news.openvoiceos,"global_news.intent","Tell me what’s happening around the globe"
skill-ovos-news.openvoiceos,"global_news.intent","Tell me what’s happening around the world"
skill-ovos-news.openvoiceos,"global_news.intent","What has happened around the globe"
skill-ovos-news.openvoiceos,"global_news.intent","What has happened in the world"
skill-ovos-news.openvoiceos,"global_news.intent","What has happened internationally"
skill-ovos-news.openvoiceos,"global_news.intent","What's the latest global news"
skill-ovos-news.openvoiceos,"global_news.intent","What's the latest international news"
skill-ovos-news.openvoiceos,"global_news.intent","What's the latest world news"
skill-ovos-news.openvoiceos,"global_news.intent","What's the latest worldwide news"
skill-ovos-news.openvoiceos,"global_news.intent","latest global news"
skill-ovos-news.openvoiceos,"global_news.intent","latest international news"
skill-ovos-news.openvoiceos,"global_news.intent","latest world news"
skill-ovos-news.openvoiceos,"global_news.intent","latest worldwide news"
skill-ovos-news.openvoiceos,"global_news.intent","play global news"
skill-ovos-news.openvoiceos,"global_news.intent","play international news"
skill-ovos-news.openvoiceos,"global_news.intent","play world news"
skill-ovos-news.openvoiceos,"global_news.intent","play worldwide news"
skill-ovos-news.openvoiceos,"news.intent","I want to hear the  news"
skill-ovos-news.openvoiceos,"news.intent","I want to hear the current news"
skill-ovos-news.openvoiceos,"news.intent","I want to hear the latest news"
skill-ovos-news.openvoiceos,"news.intent","I want to hear the local news"
skill-ovos-news.openvoiceos,"news.intent","I want to hear the regional news"
skill-ovos-news.openvoiceos,"news.intent","I'd like to listen to the  news"
skill-ovos-news.openvoiceos,"news.intent","I'd like to listen to the current news"
skill-ovos-news.openvoiceos,"news.intent","I'd like to listen to the latest news"
skill-ovos-news.openvoiceos,"news.intent","I'd like to listen to the local news"
skill-ovos-news.openvoiceos,"news.intent","I'd like to listen to the regional news"
skill-ovos-news.openvoiceos,"news.intent","any breaking  news"
skill-ovos-news.openvoiceos,"news.intent","any breaking local news"
skill-ovos-news.openvoiceos,"news.intent","any breaking regional news"
skill-ovos-news.openvoiceos,"news.intent","bring me the  news"
skill-ovos-news.openvoiceos,"news.intent","bring me the current news"
skill-ovos-news.openvoiceos,"news.intent","bring me the latest news"
skill-ovos-news.openvoiceos,"news.intent","bring me the local news"
skill-ovos-news.openvoiceos,"news.intent","bring me the regional news"
skill-ovos-news.openvoiceos,"news.intent","can you read the  news to me"
skill-ovos-news.openvoiceos,"news.intent","can you read the current news to me"
skill-ovos-news.openvoiceos,"news.intent","can you read the latest news to me"
skill-ovos-news.openvoiceos,"news.intent","can you read the local news to me"
skill-ovos-news.openvoiceos,"news.intent","can you read the regional news to me"
skill-ovos-news.openvoiceos,"news.intent","current news headlines"
skill-ovos-news.openvoiceos,"news.intent","current news report"
skill-ovos-news.openvoiceos,"news.intent","current news update"
skill-ovos-news.openvoiceos,"news.intent","give me a news briefing"
skill-ovos-news.openvoiceos,"news.intent","give me the  news"
skill-ovos-news.openvoiceos,"news.intent","give me the current news"
skill-ovos-news.openvoiceos,"news.intent","give me the latest news"
skill-ovos-news.openvoiceos,"news.intent","give me the local news"
skill-ovos-news.openvoiceos,"news.intent","give me the regional news"
skill-ovos-news.openvoiceos,"news.intent","latest news headlines"
skill-ovos-news.openvoiceos,"news.intent","latest news report"
skill-ovos-news.openvoiceos,"news.intent","latest news update"
skill-ovos-news.openvoiceos,"news.intent","local news headlines"
skill-ovos-news.openvoiceos,"news.intent","local news report"
skill-ovos-news.openvoiceos,"news.intent","local news update"
skill-ovos-news.openvoiceos,"news.intent","news headlines"
skill-ovos-news.openvoiceos,"news.intent","news report"
skill-ovos-news.openvoiceos,"news.intent","news update"
skill-ovos-news.openvoiceos,"news.intent","play the  news"
skill-ovos-news.openvoiceos,"news.intent","play the current news"
skill-ovos-news.openvoiceos,"news.intent","play the latest news"
skill-ovos-news.openvoiceos,"news.intent","play the local news"
skill-ovos-news.openvoiceos,"news.intent","play the regional news"
skill-ovos-news.openvoiceos,"news.intent","regional news headlines"
skill-ovos-news.openvoiceos,"news.intent","regional news report"
skill-ovos-news.openvoiceos,"news.intent","regional news update"
skill-ovos-news.openvoiceos,"news.intent","tell me the  news"
skill-ovos-news.openvoiceos,"news.intent","tell me the current news"
skill-ovos-news.openvoiceos,"news.intent","tell me the latest news"
skill-ovos-news.openvoiceos,"news.intent","tell me the local news"
skill-ovos-news.openvoiceos,"news.intent","tell me the regional news"
skill-ovos-news.openvoiceos,"news.intent","tell me today’s  news"
skill-ovos-news.openvoiceos,"news.intent","tell me today’s local news"
skill-ovos-news.openvoiceos,"news.intent","tell me today’s regional news"
skill-ovos-news.openvoiceos,"news.intent","update me on the  news"
skill-ovos-news.openvoiceos,"news.intent","update me on the current news"
skill-ovos-news.openvoiceos,"news.intent","update me on the latest news"
skill-ovos-news.openvoiceos,"news.intent","update me on the local news"
skill-ovos-news.openvoiceos,"news.intent","update me on the regional news"
skill-ovos-news.openvoiceos,"news.intent","what are the  news"
skill-ovos-news.openvoiceos,"news.intent","what are the current news"
skill-ovos-news.openvoiceos,"news.intent","what are the latest news"
skill-ovos-news.openvoiceos,"news.intent","what are the local news"
skill-ovos-news.openvoiceos,"news.intent","what are the regional news"
skill-ovos-news.openvoiceos,"news.intent","what’s happening in the  news"
skill-ovos-news.openvoiceos,"news.intent","what’s happening in the current news"
skill-ovos-news.openvoiceos,"news.intent","what’s happening in the latest news"
skill-ovos-news.openvoiceos,"news.intent","what’s happening in the local news"
skill-ovos-news.openvoiceos,"news.intent","what’s happening in the regional news"
skill-ovos-news.openvoiceos,"news.intent","what’s in the  news"
skill-ovos-news.openvoiceos,"news.intent","what’s in the local news"
skill-ovos-news.openvoiceos,"news.intent","what’s in the regional news"
skill-ovos-parrot.openvoiceos,"stop_parrot.intent","parrot mode  abort"
skill-ovos-parrot.openvoiceos,"stop_parrot.intent","parroting  abort"
skill-ovos-parrot.openvoiceos,"stop_parrot.intent","parrot mode  cancel"
skill-ovos-parrot.openvoiceos,"stop_parrot.intent","parroting  cancel"
skill-ovos-parrot.openvoiceos,"stop_parrot.intent","parrot mode  disable"
skill-ovos-parrot.openvoiceos,"stop_parrot.intent","parroting  disable"
skill-ovos-parrot.openvoiceos,"stop_parrot.intent","parrot mode  disengage"
skill-ovos-parrot.openvoiceos,"stop_parrot.intent","parroting  disengage"
skill-ovos-parrot.openvoiceos,"stop_parrot.intent","parrot mode  stop"
skill-ovos-parrot.openvoiceos,"stop_parrot.intent","parroting  stop"
skill-ovos-parrot.openvoiceos,"stop_parrot.intent","abort  parroting"
skill-ovos-parrot.openvoiceos,"stop_parrot.intent","abort parrot mode"
skill-ovos-parrot.openvoiceos,"stop_parrot.intent","cancel  parroting"
skill-ovos-parrot.openvoiceos,"stop_parrot.intent","cancel parrot mode"
skill-ovos-parrot.openvoiceos,"stop_parrot.intent","disable  parroting"
skill-ovos-parrot.openvoiceos,"stop_parrot.intent","disable parrot mode"
skill-ovos-parrot.openvoiceos,"stop_parrot.intent","disengage  parroting"
skill-ovos-parrot.openvoiceos,"stop_parrot.intent","disengage parrot mode"
skill-ovos-parrot.openvoiceos,"stop_parrot.intent","stop  parroting"
skill-ovos-parrot.openvoiceos,"stop_parrot.intent","stop parrot mode"
skill-ovos-parrot.openvoiceos,"stop_parrot.intent","stop repeating me"
skill-ovos-parrot.openvoiceos,"start_parrot.intent","engage parrot mode"
skill-ovos-parrot.openvoiceos,"start_parrot.intent","parrot mode on"
skill-ovos-parrot.openvoiceos,"start_parrot.intent","parrot mode start"
skill-ovos-parrot.openvoiceos,"start_parrot.intent","repeat everything"
skill-ovos-parrot.openvoiceos,"start_parrot.intent","repeat everything you hear"
skill-ovos-parrot.openvoiceos,"start_parrot.intent","start parrot"
skill-ovos-parrot.openvoiceos,"start_parrot.intent","start parrot mode"
skill-ovos-parrot.openvoiceos,"start_parrot.intent","start parroting"
skill-ovos-parrot.openvoiceos,"speak.intent","repeat {sentence} after me"
skill-ovos-parrot.openvoiceos,"speak.intent","say {sentence} after me"
skill-ovos-parrot.openvoiceos,"speak.intent","speak {sentence} after me"
skill-ovos-parrot.openvoiceos,"speak.intent","repeat {sentence}"
skill-ovos-parrot.openvoiceos,"speak.intent","say after me {sentence}"
skill-ovos-parrot.openvoiceos,"speak.intent","say {sentence}"
skill-ovos-parrot.openvoiceos,"speak.intent","speak {sentence}"
skill-ovos-parrot.openvoiceos,"did.you.hear.me.intent","Can you hear me?"
skill-ovos-parrot.openvoiceos,"did.you.hear.me.intent","Can you hear that?"
skill-ovos-parrot.openvoiceos,"did.you.hear.me.intent","Can you hear this?"
skill-ovos-parrot.openvoiceos,"did.you.hear.me.intent","Did you hear me?"
skill-ovos-parrot.openvoiceos,"did.you.hear.me.intent","Did you hear that?"
skill-ovos-parrot.openvoiceos,"did.you.hear.me.intent","Did you hear this?"
skill-ovos-parrot.openvoiceos,"did.you.hear.me.intent","Do you hear me?"
skill-ovos-parrot.openvoiceos,"did.you.hear.me.intent","Do you hear that?"
skill-ovos-parrot.openvoiceos,"did.you.hear.me.intent","Do you hear this?"
skill-ovos-parrot.openvoiceos,"repeat.stt.intent","Tell me what I  said."
skill-ovos-parrot.openvoiceos,"repeat.stt.intent","Tell me what I just said."
skill-ovos-parrot.openvoiceos,"repeat.stt.intent","What did I  say?"
skill-ovos-parrot.openvoiceos,"repeat.stt.intent","What did I  tell you?"
skill-ovos-parrot.openvoiceos,"repeat.stt.intent","What did I just say?"
skill-ovos-parrot.openvoiceos,"repeat.stt.intent","What did I just tell you?"
skill-ovos-parrot.openvoiceos,"repeat.stt.intent","What did you hear me say?"
skill-ovos-parrot.openvoiceos,"repeat.stt.intent","What did you think I said?"
skill-ovos-parrot.openvoiceos,"repeat.tts.intent","Can you say  again?"
skill-ovos-parrot.openvoiceos,"repeat.tts.intent","Can you say that again?"
skill-ovos-parrot.openvoiceos,"repeat.tts.intent","say  again?"
skill-ovos-parrot.openvoiceos,"repeat.tts.intent","say that again?"
skill-ovos-parrot.openvoiceos,"repeat.tts.intent","Can you repeat that?"
skill-ovos-parrot.openvoiceos,"repeat.tts.intent","Come again?"
skill-ovos-parrot.openvoiceos,"repeat.tts.intent","Repeat that."
skill-ovos-parrot.openvoiceos,"repeat.tts.intent","Repeat what you  said."
skill-ovos-parrot.openvoiceos,"repeat.tts.intent","Repeat what you just said."
skill-ovos-parrot.openvoiceos,"repeat.tts.intent","Say that once more."
skill-ovos-parrot.openvoiceos,"repeat.tts.intent","Say that one more time."
skill-ovos-parrot.openvoiceos,"repeat.tts.intent","What did you  say?"
skill-ovos-parrot.openvoiceos,"repeat.tts.intent","What did you  tell me?"
skill-ovos-parrot.openvoiceos,"repeat.tts.intent","What did you just say?"
skill-ovos-parrot.openvoiceos,"repeat.tts.intent","What did you just tell me?"
skill-ovos-parrot.openvoiceos,"repeat.tts.intent","What was that?"
skill-ovos-randomness.openvoiceos,"roll-single-die.intent","roll a {faces} sided die"
skill-ovos-randomness.openvoiceos,"roll-single-die.intent","roll a {faces} sided dice"
skill-ovos-randomness.openvoiceos,"roll-single-die.intent","roll a dice"
skill-ovos-randomness.openvoiceos,"roll-single-die.intent","roll   die"
skill-ovos-randomness.openvoiceos,"roll-single-die.intent","roll a die"
skill-ovos-randomness.openvoiceos,"flip-a-coin.intent","flip a coin"
skill-ovos-randomness.openvoiceos,"roll-multiple-dice.intent","roll {number} d {faces}"
skill-ovos-randomness.openvoiceos,"roll-multiple-dice.intent","roll {number} {faces} sided dice"
skill-ovos-randomness.openvoiceos,"roll-multiple-dice.intent","roll {number} {faces} sided die"
skill-ovos-randomness.openvoiceos,"roll-multiple-dice.intent","roll {number} dice"
skill-ovos-randomness.openvoiceos,"roll-multiple-dice.intent","roll {number} die"
skill-ovos-randomness.openvoiceos,"pick-a-number.intent","choose a number between {lower} and {upper}"
skill-ovos-randomness.openvoiceos,"pick-a-number.intent","pick a number between {lower} and {upper}"
skill-ovos-randomness.openvoiceos,"pick-a-number.intent","select a number between {lower} and {upper}"
skill-ovos-randomness.openvoiceos,"make-a-choice.intent","help me decide something"
skill-ovos-randomness.openvoiceos,"make-a-choice.intent","help me make a choice"
skill-ovos-randomness.openvoiceos,"fortune-teller.intent","Tell me a fortune"
skill-ovos-randomness.openvoiceos,"fortune-teller.intent","Tell me a future"
skill-ovos-randomness.openvoiceos,"fortune-teller.intent","Tell me fortune"
skill-ovos-randomness.openvoiceos,"fortune-teller.intent","Tell me future"
skill-ovos-randomness.openvoiceos,"fortune-teller.intent","Tell me my fortune"
skill-ovos-randomness.openvoiceos,"fortune-teller.intent","Tell me my future"
skill-ovos-randomness.openvoiceos,"fortune-teller.intent","Tell me the fortune"
skill-ovos-randomness.openvoiceos,"fortune-teller.intent","Tell me the future"
skill-ovos-volume.openvoiceos,"volume.default.intent","default volume"
skill-ovos-volume.openvoiceos,"volume.default.intent","medium volume"
skill-ovos-volume.openvoiceos,"volume.default.intent","reset volume"
skill-ovos-volume.openvoiceos,"volume.default.intent","restore volume"
skill-ovos-volume.openvoiceos,"volume.default.intent","set volume level to default"
skill-ovos-volume.openvoiceos,"volume.default.intent","set volume to default"
skill-ovos-volume.openvoiceos,"volume.default.intent","set volume to medium"
skill-ovos-volume.openvoiceos,"volume.mute.toggle.intent","toggle audio"
skill-ovos-volume.openvoiceos,"volume.mute.toggle.intent","toggle mute"
skill-ovos-volume.openvoiceos,"volume.max.intent","max volume"
skill-ovos-volume.openvoiceos,"volume.max.intent","maximum volume"
skill-ovos-volume.openvoiceos,"volume.max.intent","set volume level to maximum"
skill-ovos-volume.openvoiceos,"volume.max.intent","set volume to maximum"
skill-ovos-volume.openvoiceos,"volume.max.intent","top volume"
skill-ovos-volume.openvoiceos,"volume.low.intent","low volume"
skill-ovos-volume.openvoiceos,"volume.low.intent","volume level low"
skill-ovos-volume.openvoiceos,"volume.low.intent","volume level to low"
skill-ovos-volume.openvoiceos,"volume.low.intent","volume low"
skill-ovos-volume.openvoiceos,"volume.low.intent","volume to low"
skill-ovos-volume.openvoiceos,"volume.unmute.intent","unmute"
skill-ovos-volume.openvoiceos,"volume.unmute.intent","unmute audio"
skill-ovos-volume.openvoiceos,"volume.unmute.intent","unmute volume"
skill-ovos-volume.openvoiceos,"volume.high.intent","high volume"
skill-ovos-volume.openvoiceos,"volume.high.intent","volume high"
skill-ovos-volume.openvoiceos,"volume.high.intent","volume level high"
skill-ovos-volume.openvoiceos,"volume.high.intent","volume level to high"
skill-ovos-volume.openvoiceos,"volume.high.intent","volume to high"
skill-ovos-volume.openvoiceos,"volume.high.intent","volume to high level"
skill-ovos-volume.openvoiceos,"volume.mute.intent","mute"
skill-ovos-volume.openvoiceos,"volume.mute.intent","mute audio"
skill-ovos-volume.openvoiceos,"volume.mute.intent","mute volume"
skill-ovos-weather.openvoiceos,"do-i-need-an-umbrella.intent","do I need a raincoat tomorrow"
skill-ovos-weather.openvoiceos,"do-i-need-an-umbrella.intent","do I need an umbrella for my commute"
skill-ovos-weather.openvoiceos,"do-i-need-an-umbrella.intent","do I need an umbrella tomorrow"
skill-ovos-weather.openvoiceos,"do-i-need-an-umbrella.intent","do I need to bring a rain jacket"
skill-ovos-weather.openvoiceos,"do-i-need-an-umbrella.intent","do I need to bring an umbrella to the event"
skill-ovos-weather.openvoiceos,"do-i-need-an-umbrella.intent","do I need to dress for rainy weather"
skill-ovos-weather.openvoiceos,"do-i-need-an-umbrella.intent","do I need to prepare for a rainstorm"
skill-ovos-weather.openvoiceos,"do-i-need-an-umbrella.intent","do I need to prepare for rain"
skill-ovos-weather.openvoiceos,"do-i-need-an-umbrella.intent","do I need to protect myself from rain"
skill-ovos-weather.openvoiceos,"do-i-need-an-umbrella.intent","do I need to take precautions for rain"
skill-ovos-weather.openvoiceos,"do-i-need-an-umbrella.intent","do I need to watch out for rain showers"
skill-ovos-weather.openvoiceos,"do-i-need-an-umbrella.intent","do I need to worry about rain"
skill-ovos-weather.openvoiceos,"do-i-need-an-umbrella.intent","is it going to be rainy"
skill-ovos-weather.openvoiceos,"do-i-need-an-umbrella.intent","is rain expected in the evening"
skill-ovos-weather.openvoiceos,"do-i-need-an-umbrella.intent","is rain expected later"
skill-ovos-weather.openvoiceos,"do-i-need-an-umbrella.intent","is rain in the weather forecast"
skill-ovos-weather.openvoiceos,"do-i-need-an-umbrella.intent","is rain likely today"
skill-ovos-weather.openvoiceos,"do-i-need-an-umbrella.intent","is there a chance of rain today"
skill-ovos-weather.openvoiceos,"do-i-need-an-umbrella.intent","is there a possibility of rain tomorrow"
skill-ovos-weather.openvoiceos,"do-i-need-an-umbrella.intent","is there rain in the forecast"
skill-ovos-weather.openvoiceos,"do-i-need-an-umbrella.intent","should I be prepared for rain"
skill-ovos-weather.openvoiceos,"do-i-need-an-umbrella.intent","should I bring a rain hat"
skill-ovos-weather.openvoiceos,"do-i-need-an-umbrella.intent","should I bring an umbrella to the park"
skill-ovos-weather.openvoiceos,"do-i-need-an-umbrella.intent","should I bring my rain boots"
skill-ovos-weather.openvoiceos,"do-i-need-an-umbrella.intent","should I bring my umbrella today"
skill-ovos-weather.openvoiceos,"do-i-need-an-umbrella.intent","should I carry an umbrella in my bag"
skill-ovos-weather.openvoiceos,"do-i-need-an-umbrella.intent","should I carry an umbrella with me"
skill-ovos-weather.openvoiceos,"do-i-need-an-umbrella.intent","should I have a backup plan for rain"
skill-ovos-weather.openvoiceos,"do-i-need-an-umbrella.intent","should I pack a raincoat for the trip"
skill-ovos-weather.openvoiceos,"do-i-need-an-umbrella.intent","will it be a rainy day"
skill-ovos-weather.openvoiceos,"do-i-need-an-umbrella.intent","will it be raining tomorrow"
skill-ovos-weather.openvoiceos,"do-i-need-an-umbrella.intent","will it be rainy outside"
skill-ovos-weather.openvoiceos,"do-i-need-an-umbrella.intent","will it rain during the weekend"
skill-ovos-weather.openvoiceos,"do-i-need-an-umbrella.intent","will it rain heavily"
skill-ovos-weather.openvoiceos,"do-i-need-an-umbrella.intent","will it rain today"
skill-ovos-weather.openvoiceos,"do-i-need-an-umbrella.intent","will there be showers today"
skill-ovos-weather.openvoiceos,"weekend_forecast.intent","Saturday and Sunday weather forecast"
skill-ovos-weather.openvoiceos,"weekend_forecast.intent","Saturday and Sunday weather forecast in {location}"
skill-ovos-weather.openvoiceos,"weekend_forecast.intent","Saturday and Sunday weather update"
skill-ovos-weather.openvoiceos,"weekend_forecast.intent","Saturday and Sunday weather update in {location}"
skill-ovos-weather.openvoiceos,"weekend_forecast.intent","What is the  Saturday and Sunday forecast"
skill-ovos-weather.openvoiceos,"weekend_forecast.intent","What is the  Saturday and Sunday forecast in {location}"
skill-ovos-weather.openvoiceos,"weekend_forecast.intent","What is the  weekend forecast"
skill-ovos-weather.openvoiceos,"weekend_forecast.intent","What is the  weekend forecast in {location}"
skill-ovos-weather.openvoiceos,"weekend_forecast.intent","What is the next Saturday and Sunday forecast"
skill-ovos-weather.openvoiceos,"weekend_forecast.intent","What is the next Saturday and Sunday forecast in {location}"
skill-ovos-weather.openvoiceos,"weekend_forecast.intent","What is the next weekend forecast"
skill-ovos-weather.openvoiceos,"weekend_forecast.intent","What is the next weekend forecast in {location}"
skill-ovos-weather.openvoiceos,"weekend_forecast.intent","any warnings for the weekend"
skill-ovos-weather.openvoiceos,"weekend_forecast.intent","any warnings for the weekend in {location}"
skill-ovos-weather.openvoiceos,"weekend_forecast.intent","any weather alerts for the weekend"
skill-ovos-weather.openvoiceos,"weekend_forecast.intent","any weather alerts for the weekend in {location}"
skill-ovos-weather.openvoiceos,"weekend_forecast.intent","forecast for Saturday and Sunday"
skill-ovos-weather.openvoiceos,"weekend_forecast.intent","forecast for Saturday and Sunday in {location}"
skill-ovos-weather.openvoiceos,"weekend_forecast.intent","forecast for the weekend"
skill-ovos-weather.openvoiceos,"weekend_forecast.intent","forecast for the weekend in {location}"
skill-ovos-weather.openvoiceos,"weekend_forecast.intent","how's the weather Saturday and Sunday"
skill-ovos-weather.openvoiceos,"weekend_forecast.intent","how's the weather Saturday and Sunday in {location}"
skill-ovos-weather.openvoiceos,"weekend_forecast.intent","how's the weather this weekend"
skill-ovos-weather.openvoiceos,"weekend_forecast.intent","how's the weather this weekend in {location}"
skill-ovos-weather.openvoiceos,"weekend_forecast.intent","is it going to be nice Saturday and Sunday"
skill-ovos-weather.openvoiceos,"weekend_forecast.intent","is it going to be nice Saturday and Sunday in {location}"
skill-ovos-weather.openvoiceos,"weekend_forecast.intent","is it going to be nice this weekend"
skill-ovos-weather.openvoiceos,"weekend_forecast.intent","is it going to be nice this weekend in {location}"
skill-ovos-weather.openvoiceos,"weekend_forecast.intent","is it going to be sunny Saturday and Sunday"
skill-ovos-weather.openvoiceos,"weekend_forecast.intent","is it going to be sunny this weekend"
skill-ovos-weather.openvoiceos,"weekend_forecast.intent","is it going to rain Saturday and Sunday"
skill-ovos-weather.openvoiceos,"weekend_forecast.intent","is it going to rain Saturday and Sunday in {location}"
skill-ovos-weather.openvoiceos,"weekend_forecast.intent","is it going to rain this weekend"
skill-ovos-weather.openvoiceos,"weekend_forecast.intent","is it going to rain this weekend in {location}"
skill-ovos-weather.openvoiceos,"weekend_forecast.intent","is it going to storm Saturday and Sunday in {location}"
skill-ovos-weather.openvoiceos,"weekend_forecast.intent","is it going to storm this weekend in {location}"
skill-ovos-weather.openvoiceos,"weekend_forecast.intent","should I plan outdoor activities this weekend"
skill-ovos-weather.openvoiceos,"weekend_forecast.intent","should I plan outdoor activities this weekend in {location}"
skill-ovos-weather.openvoiceos,"weekend_forecast.intent","should I plan outside activities this weekend"
skill-ovos-weather.openvoiceos,"weekend_forecast.intent","should I plan outside activities this weekend in {location}"
skill-ovos-weather.openvoiceos,"weekend_forecast.intent","tell me Saturday and Sunday weather"
skill-ovos-weather.openvoiceos,"weekend_forecast.intent","tell me Saturday and Sunday weather  in {location}"
skill-ovos-weather.openvoiceos,"weekend_forecast.intent","tell me Saturday and Sunday weather forecast"
skill-ovos-weather.openvoiceos,"weekend_forecast.intent","tell me Saturday and Sunday weather forecast in {location}"
skill-ovos-weather.openvoiceos,"weekend_forecast.intent","tell me the weekend weather"
skill-ovos-weather.openvoiceos,"weekend_forecast.intent","tell me the weekend weather  in {location}"
skill-ovos-weather.openvoiceos,"weekend_forecast.intent","tell me the weekend weather forecast"
skill-ovos-weather.openvoiceos,"weekend_forecast.intent","tell me the weekend weather forecast in {location}"
skill-ovos-weather.openvoiceos,"weekend_forecast.intent","weekend weather forecast"
skill-ovos-weather.openvoiceos,"weekend_forecast.intent","weekend weather forecast in {location}"
skill-ovos-weather.openvoiceos,"weekend_forecast.intent","weekend weather update"
skill-ovos-weather.openvoiceos,"weekend_forecast.intent","weekend weather update in {location}"
skill-ovos-weather.openvoiceos,"weekend_forecast.intent","what's the weather like during Saturday and Sunday"
skill-ovos-weather.openvoiceos,"weekend_forecast.intent","what's the weather like during Saturday and Sunday in {location}"
skill-ovos-weather.openvoiceos,"weekend_forecast.intent","what's the weather like during the weekend"
skill-ovos-weather.openvoiceos,"weekend_forecast.intent","what's the weather like during the weekend in {location}"
skill-ovos-weather.openvoiceos,"weekend_forecast.intent","what's the weather like over Saturday and Sunday"
skill-ovos-weather.openvoiceos,"weekend_forecast.intent","what's the weather like over Saturday and Sunday in {location}"
skill-ovos-weather.openvoiceos,"weekend_forecast.intent","what's the weather like over the weekend"
skill-ovos-weather.openvoiceos,"weekend_forecast.intent","what's the weather like over the weekend in {location}"
skill-ovos-weather.openvoiceos,"weekend_forecast.intent","will it be clear this weekend"
skill-ovos-weather.openvoiceos,"weekend_forecast.intent","will it be clear this weekend in {location}"
skill-ovos-weather.openvoiceos,"weekend_forecast.intent","will it be nice this weekend"
skill-ovos-weather.openvoiceos,"weekend_forecast.intent","will it be sunny this weekend"
skill-ovos-weather.openvoiceos,"weekend_forecast.intent","will it be sunny this weekend in {location}"
skill-ovos-weather.openvoiceos,"weekend_forecast.intent","will it be warm this weekend in {location}"
skill-ovos-weather.openvoiceos,"high_temperature.intent","What is the high temperature"
skill-ovos-weather.openvoiceos,"high_temperature.intent","What is the high temperature friday morning"
skill-ovos-weather.openvoiceos,"high_temperature.intent","What is the high temperature friday night"
skill-ovos-weather.openvoiceos,"high_temperature.intent","What is the high temperature in {location}"
skill-ovos-weather.openvoiceos,"high_temperature.intent","What is the high temperature in {location} next friday"
skill-ovos-weather.openvoiceos,"high_temperature.intent","What is the high temperature in {location} next monday"
skill-ovos-weather.openvoiceos,"high_temperature.intent","What is the high temperature in {location} next saturday"
skill-ovos-weather.openvoiceos,"high_temperature.intent","What is the high temperature in {location} next sunday"
skill-ovos-weather.openvoiceos,"high_temperature.intent","What is the high temperature in {location} next thursday"
skill-ovos-weather.openvoiceos,"high_temperature.intent","What is the high temperature in {location} next tomorrow"
skill-ovos-weather.openvoiceos,"high_temperature.intent","What is the high temperature in {location} next tuesday"
skill-ovos-weather.openvoiceos,"high_temperature.intent","What is the high temperature in {location} next wednesday"
skill-ovos-weather.openvoiceos,"high_temperature.intent","What is the high temperature in {location} on friday"
skill-ovos-weather.openvoiceos,"high_temperature.intent","What is the high temperature in {location} on monday"
skill-ovos-weather.openvoiceos,"high_temperature.intent","What is the high temperature in {location} on saturday"
skill-ovos-weather.openvoiceos,"high_temperature.intent","What is the high temperature in {location} on sunday"
skill-ovos-weather.openvoiceos,"high_temperature.intent","What is the high temperature in {location} on thursday"
skill-ovos-weather.openvoiceos,"high_temperature.intent","What is the high temperature in {location} on tomorrow"
skill-ovos-weather.openvoiceos,"high_temperature.intent","What is the high temperature in {location} on tuesday"
skill-ovos-weather.openvoiceos,"high_temperature.intent","What is the high temperature in {location} on wednesday"
skill-ovos-weather.openvoiceos,"high_temperature.intent","What is the high temperature in {location} this friday"
skill-ovos-weather.openvoiceos,"high_temperature.intent","What is the high temperature in {location} this monday"
skill-ovos-weather.openvoiceos,"high_temperature.intent","What is the high temperature in {location} this saturday"
skill-ovos-weather.openvoiceos,"high_temperature.intent","What is the high temperature in {location} this sunday"
skill-ovos-weather.openvoiceos,"high_temperature.intent","What is the high temperature in {location} this thursday"
skill-ovos-weather.openvoiceos,"high_temperature.intent","What is the high temperature in {location} this tomorrow"
skill-ovos-weather.openvoiceos,"high_temperature.intent","What is the high temperature in {location} this tuesday"
skill-ovos-weather.openvoiceos,"high_temperature.intent","What is the high temperature in {location} this wednesday"
skill-ovos-weather.openvoiceos,"high_temperature.intent","What is the high temperature monday morning"
skill-ovos-weather.openvoiceos,"high_temperature.intent","What is the high temperature monday night"
skill-ovos-weather.openvoiceos,"high_temperature.intent","What is the high temperature saturday morning"
skill-ovos-weather.openvoiceos,"high_temperature.intent","What is the high temperature saturday night"
skill-ovos-weather.openvoiceos,"high_temperature.intent","What is the high temperature sunday morning"
skill-ovos-weather.openvoiceos,"high_temperature.intent","What is the high temperature sunday night"
skill-ovos-weather.openvoiceos,"high_temperature.intent","What is the high temperature thursday morning"
skill-ovos-weather.openvoiceos,"high_temperature.intent","What is the high temperature thursday night"
skill-ovos-weather.openvoiceos,"high_temperature.intent","What is the high temperature tomorrow morning"
skill-ovos-weather.openvoiceos,"high_temperature.intent","What is the high temperature tomorrow night"
skill-ovos-weather.openvoiceos,"high_temperature.intent","What is the high temperature tuesday morning"
skill-ovos-weather.openvoiceos,"high_temperature.intent","What is the high temperature tuesday night"
skill-ovos-weather.openvoiceos,"high_temperature.intent","What is the high temperature wednesday morning"
skill-ovos-weather.openvoiceos,"high_temperature.intent","What is the high temperature wednesday night"
skill-ovos-weather.openvoiceos,"high_temperature.intent","What is the highest temperature"
skill-ovos-weather.openvoiceos,"high_temperature.intent","What is the highest temperature friday morning"
skill-ovos-weather.openvoiceos,"high_temperature.intent","What is the highest temperature friday night"
skill-ovos-weather.openvoiceos,"high_temperature.intent","What is the highest temperature in {location}"
skill-ovos-weather.openvoiceos,"high_temperature.intent","What is the highest temperature in {location} next friday"
skill-ovos-weather.openvoiceos,"high_temperature.intent","What is the highest temperature in {location} next monday"
skill-ovos-weather.openvoiceos,"high_temperature.intent","What is the highest temperature in {location} next saturday"
skill-ovos-weather.openvoiceos,"high_temperature.intent","What is the highest temperature in {location} next sunday"
skill-ovos-weather.openvoiceos,"high_temperature.intent","What is the highest temperature in {location} next thursday"
skill-ovos-weather.openvoiceos,"high_temperature.intent","What is the highest temperature in {location} next tomorrow"
skill-ovos-weather.openvoiceos,"high_temperature.intent","What is the highest temperature in {location} next tuesday"
skill-ovos-weather.openvoiceos,"high_temperature.intent","What is the highest temperature in {location} next wednesday"
skill-ovos-weather.openvoiceos,"high_temperature.intent","What is the highest temperature in {location} on friday"
skill-ovos-weather.openvoiceos,"high_temperature.intent","What is the highest temperature in {location} on monday"
skill-ovos-weather.openvoiceos,"high_temperature.intent","What is the highest temperature in {location} on saturday"
skill-ovos-weather.openvoiceos,"high_temperature.intent","What is the highest temperature in {location} on sunday"
skill-ovos-weather.openvoiceos,"high_temperature.intent","What is the highest temperature in {location} on thursday"
skill-ovos-weather.openvoiceos,"high_temperature.intent","What is the highest temperature in {location} on tomorrow"
skill-ovos-weather.openvoiceos,"high_temperature.intent","What is the highest temperature in {location} on tuesday"
skill-ovos-weather.openvoiceos,"high_temperature.intent","What is the highest temperature in {location} on wednesday"
skill-ovos-weather.openvoiceos,"high_temperature.intent","What is the highest temperature in {location} this friday"
skill-ovos-weather.openvoiceos,"high_temperature.intent","What is the highest temperature in {location} this monday"
skill-ovos-weather.openvoiceos,"high_temperature.intent","What is the highest temperature in {location} this saturday"
skill-ovos-weather.openvoiceos,"high_temperature.intent","What is the highest temperature in {location} this sunday"
skill-ovos-weather.openvoiceos,"high_temperature.intent","What is the highest temperature in {location} this thursday"
skill-ovos-weather.openvoiceos,"high_temperature.intent","What is the highest temperature in {location} this tomorrow"
skill-ovos-weather.openvoiceos,"high_temperature.intent","What is the highest temperature in {location} this tuesday"
skill-ovos-weather.openvoiceos,"high_temperature.intent","What is the highest temperature in {location} this wednesday"
skill-ovos-weather.openvoiceos,"high_temperature.intent","What is the highest temperature monday morning"
skill-ovos-weather.openvoiceos,"high_temperature.intent","What is the highest temperature monday night"
skill-ovos-weather.openvoiceos,"high_temperature.intent","What is the highest temperature saturday morning"
skill-ovos-weather.openvoiceos,"high_temperature.intent","What is the highest temperature saturday night"
skill-ovos-weather.openvoiceos,"high_temperature.intent","What is the highest temperature sunday morning"
skill-ovos-weather.openvoiceos,"high_temperature.intent","What is the highest temperature sunday night"
skill-ovos-weather.openvoiceos,"high_temperature.intent","What is the highest temperature thursday morning"
skill-ovos-weather.openvoiceos,"high_temperature.intent","What is the highest temperature thursday night"
skill-ovos-weather.openvoiceos,"high_temperature.intent","What is the highest temperature tomorrow morning"
skill-ovos-weather.openvoiceos,"high_temperature.intent","What is the highest temperature tomorrow night"
skill-ovos-weather.openvoiceos,"high_temperature.intent","What is the highest temperature tuesday morning"
skill-ovos-weather.openvoiceos,"high_temperature.intent","What is the highest temperature tuesday night"
skill-ovos-weather.openvoiceos,"high_temperature.intent","What is the highest temperature wednesday morning"
skill-ovos-weather.openvoiceos,"high_temperature.intent","What is the highest temperature wednesday night"
skill-ovos-weather.openvoiceos,"high_temperature.intent","What is the max temperature"
skill-ovos-weather.openvoiceos,"high_temperature.intent","What is the max temperature friday morning"
skill-ovos-weather.openvoiceos,"high_temperature.intent","What is the max temperature friday night"
skill-ovos-weather.openvoiceos,"high_temperature.intent","What is the max temperature in {location}"
skill-ovos-weather.openvoiceos,"high_temperature.intent","What is the max temperature in {location} next friday"
skill-ovos-weather.openvoiceos,"high_temperature.intent","What is the max temperature in {location} next monday"
skill-ovos-weather.openvoiceos,"high_temperature.intent","What is the max temperature in {location} next saturday"
skill-ovos-weather.openvoiceos,"high_temperature.intent","What is the max temperature in {location} next sunday"
skill-ovos-weather.openvoiceos,"high_temperature.intent","What is the max temperature in {location} next thursday"
skill-ovos-weather.openvoiceos,"high_temperature.intent","What is the max temperature in {location} next tomorrow"
skill-ovos-weather.openvoiceos,"high_temperature.intent","What is the max temperature in {location} next tuesday"
skill-ovos-weather.openvoiceos,"high_temperature.intent","What is the max temperature in {location} next wednesday"
skill-ovos-weather.openvoiceos,"high_temperature.intent","What is the max temperature in {location} on friday"
skill-ovos-weather.openvoiceos,"high_temperature.intent","What is the max temperature in {location} on monday"
skill-ovos-weather.openvoiceos,"high_temperature.intent","What is the max temperature in {location} on saturday"
skill-ovos-weather.openvoiceos,"high_temperature.intent","What is the max temperature in {location} on sunday"
skill-ovos-weather.openvoiceos,"high_temperature.intent","What is the max temperature in {location} on thursday"
skill-ovos-weather.openvoiceos,"high_temperature.intent","What is the max temperature in {location} on tomorrow"
skill-ovos-weather.openvoiceos,"high_temperature.intent","What is the max temperature in {location} on tuesday"
skill-ovos-weather.openvoiceos,"high_temperature.intent","What is the max temperature in {location} on wednesday"
skill-ovos-weather.openvoiceos,"high_temperature.intent","What is the max temperature in {location} this friday"
skill-ovos-weather.openvoiceos,"high_temperature.intent","What is the max temperature in {location} this monday"
skill-ovos-weather.openvoiceos,"high_temperature.intent","What is the max temperature in {location} this saturday"
skill-ovos-weather.openvoiceos,"high_temperature.intent","What is the max temperature in {location} this sunday"
skill-ovos-weather.openvoiceos,"high_temperature.intent","What is the max temperature in {location} this thursday"
skill-ovos-weather.openvoiceos,"high_temperature.intent","What is the max temperature in {location} this tomorrow"
skill-ovos-weather.openvoiceos,"high_temperature.intent","What is the max temperature in {location} this tuesday"
skill-ovos-weather.openvoiceos,"high_temperature.intent","What is the max temperature in {location} this wednesday"
skill-ovos-weather.openvoiceos,"high_temperature.intent","What is the max temperature monday morning"
skill-ovos-weather.openvoiceos,"high_temperature.intent","What is the max temperature monday night"
skill-ovos-weather.openvoiceos,"high_temperature.intent","What is the max temperature saturday morning"
skill-ovos-weather.openvoiceos,"high_temperature.intent","What is the max temperature saturday night"
skill-ovos-weather.openvoiceos,"high_temperature.intent","What is the max temperature sunday morning"
skill-ovos-weather.openvoiceos,"high_temperature.intent","What is the max temperature sunday night"
skill-ovos-weather.openvoiceos,"high_temperature.intent","What is the max temperature thursday morning"
skill-ovos-weather.openvoiceos,"high_temperature.intent","What is the max temperature thursday night"
skill-ovos-weather.openvoiceos,"high_temperature.intent","What is the max temperature tomorrow morning"
skill-ovos-weather.openvoiceos,"high_temperature.intent","What is the max temperature tomorrow night"
skill-ovos-weather.openvoiceos,"high_temperature.intent","What is the max temperature tuesday morning"
skill-ovos-weather.openvoiceos,"high_temperature.intent","What is the max temperature tuesday night"
skill-ovos-weather.openvoiceos,"high_temperature.intent","What is the max temperature wednesday morning"
skill-ovos-weather.openvoiceos,"high_temperature.intent","What is the max temperature wednesday night"
skill-ovos-weather.openvoiceos,"high_temperature.intent","What is the maximum temperature"
skill-ovos-weather.openvoiceos,"high_temperature.intent","What is the maximum temperature friday morning"
skill-ovos-weather.openvoiceos,"high_temperature.intent","What is the maximum temperature friday night"
skill-ovos-weather.openvoiceos,"high_temperature.intent","What is the maximum temperature in {location}"
skill-ovos-weather.openvoiceos,"high_temperature.intent","What is the maximum temperature in {location} next friday"
skill-ovos-weather.openvoiceos,"high_temperature.intent","What is the maximum temperature in {location} next monday"
skill-ovos-weather.openvoiceos,"high_temperature.intent","What is the maximum temperature in {location} next saturday"
skill-ovos-weather.openvoiceos,"high_temperature.intent","What is the maximum temperature in {location} next sunday"
skill-ovos-weather.openvoiceos,"high_temperature.intent","What is the maximum temperature in {location} next thursday"
skill-ovos-weather.openvoiceos,"high_temperature.intent","What is the maximum temperature in {location} next tomorrow"
skill-ovos-weather.openvoiceos,"high_temperature.intent","What is the maximum temperature in {location} next tuesday"
skill-ovos-weather.openvoiceos,"high_temperature.intent","What is the maximum temperature in {location} next wednesday"
skill-ovos-weather.openvoiceos,"high_temperature.intent","What is the maximum temperature in {location} on friday"
skill-ovos-weather.openvoiceos,"high_temperature.intent","What is the maximum temperature in {location} on monday"
skill-ovos-weather.openvoiceos,"high_temperature.intent","What is the maximum temperature in {location} on saturday"
skill-ovos-weather.openvoiceos,"high_temperature.intent","What is the maximum temperature in {location} on sunday"
skill-ovos-weather.openvoiceos,"high_temperature.intent","What is the maximum temperature in {location} on thursday"
skill-ovos-weather.openvoiceos,"high_temperature.intent","What is the maximum temperature in {location} on tomorrow"
skill-ovos-weather.openvoiceos,"high_temperature.intent","What is the maximum temperature in {location} on tuesday"
skill-ovos-weather.openvoiceos,"high_temperature.intent","What is the maximum temperature in {location} on wednesday"
skill-ovos-weather.openvoiceos,"high_temperature.intent","What is the maximum temperature in {location} this friday"
skill-ovos-weather.openvoiceos,"high_temperature.intent","What is the maximum temperature in {location} this monday"
skill-ovos-weather.openvoiceos,"high_temperature.intent","What is the maximum temperature in {location} this saturday"
skill-ovos-weather.openvoiceos,"high_temperature.intent","What is the maximum temperature in {location} this sunday"
skill-ovos-weather.openvoiceos,"high_temperature.intent","What is the maximum temperature in {location} this thursday"
skill-ovos-weather.openvoiceos,"high_temperature.intent","What is the maximum temperature in {location} this tomorrow"
skill-ovos-weather.openvoiceos,"high_temperature.intent","What is the maximum temperature in {location} this tuesday"
skill-ovos-weather.openvoiceos,"high_temperature.intent","What is the maximum temperature in {location} this wednesday"
skill-ovos-weather.openvoiceos,"high_temperature.intent","What is the maximum temperature monday morning"
skill-ovos-weather.openvoiceos,"high_temperature.intent","What is the maximum temperature monday night"
skill-ovos-weather.openvoiceos,"high_temperature.intent","What is the maximum temperature saturday morning"
skill-ovos-weather.openvoiceos,"high_temperature.intent","What is the maximum temperature saturday night"
skill-ovos-weather.openvoiceos,"high_temperature.intent","What is the maximum temperature sunday morning"
skill-ovos-weather.openvoiceos,"high_temperature.intent","What is the maximum temperature sunday night"
skill-ovos-weather.openvoiceos,"high_temperature.intent","What is the maximum temperature thursday morning"
skill-ovos-weather.openvoiceos,"high_temperature.intent","What is the maximum temperature thursday night"
skill-ovos-weather.openvoiceos,"high_temperature.intent","What is the maximum temperature tomorrow morning"
skill-ovos-weather.openvoiceos,"high_temperature.intent","What is the maximum temperature tomorrow night"
skill-ovos-weather.openvoiceos,"high_temperature.intent","What is the maximum temperature tuesday morning"
skill-ovos-weather.openvoiceos,"high_temperature.intent","What is the maximum temperature tuesday night"
skill-ovos-weather.openvoiceos,"high_temperature.intent","What is the maximum temperature wednesday morning"
skill-ovos-weather.openvoiceos,"high_temperature.intent","What is the maximum temperature wednesday night"
skill-ovos-weather.openvoiceos,"high_temperature.intent","What is the top temperature"
skill-ovos-weather.openvoiceos,"high_temperature.intent","What is the top temperature friday morning"
skill-ovos-weather.openvoiceos,"high_temperature.intent","What is the top temperature friday night"
skill-ovos-weather.openvoiceos,"high_temperature.intent","What is the top temperature in {location}"
skill-ovos-weather.openvoiceos,"high_temperature.intent","What is the top temperature in {location} next friday"
skill-ovos-weather.openvoiceos,"high_temperature.intent","What is the top temperature in {location} next monday"
skill-ovos-weather.openvoiceos,"high_temperature.intent","What is the top temperature in {location} next saturday"
skill-ovos-weather.openvoiceos,"high_temperature.intent","What is the top temperature in {location} next sunday"
skill-ovos-weather.openvoiceos,"high_temperature.intent","What is the top temperature in {location} next thursday"
skill-ovos-weather.openvoiceos,"high_temperature.intent","What is the top temperature in {location} next tomorrow"
skill-ovos-weather.openvoiceos,"high_temperature.intent","What is the top temperature in {location} next tuesday"
skill-ovos-weather.openvoiceos,"high_temperature.intent","What is the top temperature in {location} next wednesday"
skill-ovos-weather.openvoiceos,"high_temperature.intent","What is the top temperature in {location} on friday"
skill-ovos-weather.openvoiceos,"high_temperature.intent","What is the top temperature in {location} on monday"
skill-ovos-weather.openvoiceos,"high_temperature.intent","What is the top temperature in {location} on saturday"
skill-ovos-weather.openvoiceos,"high_temperature.intent","What is the top temperature in {location} on sunday"
skill-ovos-weather.openvoiceos,"high_temperature.intent","What is the top temperature in {location} on thursday"
skill-ovos-weather.openvoiceos,"high_temperature.intent","What is the top temperature in {location} on tomorrow"
skill-ovos-weather.openvoiceos,"high_temperature.intent","What is the top temperature in {location} on tuesday"
skill-ovos-weather.openvoiceos,"high_temperature.intent","What is the top temperature in {location} on wednesday"
skill-ovos-weather.openvoiceos,"high_temperature.intent","What is the top temperature in {location} this friday"
skill-ovos-weather.openvoiceos,"high_temperature.intent","What is the top temperature in {location} this monday"
skill-ovos-weather.openvoiceos,"high_temperature.intent","What is the top temperature in {location} this saturday"
skill-ovos-weather.openvoiceos,"high_temperature.intent","What is the top temperature in {location} this sunday"
skill-ovos-weather.openvoiceos,"high_temperature.intent","What is the top temperature in {location} this thursday"
skill-ovos-weather.openvoiceos,"high_temperature.intent","What is the top temperature in {location} this tomorrow"
skill-ovos-weather.openvoiceos,"high_temperature.intent","What is the top temperature in {location} this tuesday"
skill-ovos-weather.openvoiceos,"high_temperature.intent","What is the top temperature in {location} this wednesday"
skill-ovos-weather.openvoiceos,"high_temperature.intent","What is the top temperature monday morning"
skill-ovos-weather.openvoiceos,"high_temperature.intent","What is the top temperature monday night"
skill-ovos-weather.openvoiceos,"high_temperature.intent","What is the top temperature saturday morning"
skill-ovos-weather.openvoiceos,"high_temperature.intent","What is the top temperature saturday night"
skill-ovos-weather.openvoiceos,"high_temperature.intent","What is the top temperature sunday morning"
skill-ovos-weather.openvoiceos,"high_temperature.intent","What is the top temperature sunday night"
skill-ovos-weather.openvoiceos,"high_temperature.intent","What is the top temperature thursday morning"
skill-ovos-weather.openvoiceos,"high_temperature.intent","What is the top temperature thursday night"
skill-ovos-weather.openvoiceos,"high_temperature.intent","What is the top temperature tomorrow morning"
skill-ovos-weather.openvoiceos,"high_temperature.intent","What is the top temperature tomorrow night"
skill-ovos-weather.openvoiceos,"high_temperature.intent","What is the top temperature tuesday morning"
skill-ovos-weather.openvoiceos,"high_temperature.intent","What is the top temperature tuesday night"
skill-ovos-weather.openvoiceos,"high_temperature.intent","What is the top temperature wednesday morning"
skill-ovos-weather.openvoiceos,"high_temperature.intent","What is the top temperature wednesday night"
skill-ovos-weather.openvoiceos,"high_temperature.intent","how hot will it get"
skill-ovos-weather.openvoiceos,"high_temperature.intent","how hot will it get  in {location}"
skill-ovos-weather.openvoiceos,"high_temperature.intent","how hot will it get friday"
skill-ovos-weather.openvoiceos,"high_temperature.intent","how hot will it get friday in {location}"
skill-ovos-weather.openvoiceos,"high_temperature.intent","how hot will it get monday"
skill-ovos-weather.openvoiceos,"high_temperature.intent","how hot will it get monday in {location}"
skill-ovos-weather.openvoiceos,"high_temperature.intent","how hot will it get saturday"
skill-ovos-weather.openvoiceos,"high_temperature.intent","how hot will it get saturday in {location}"
skill-ovos-weather.openvoiceos,"high_temperature.intent","how hot will it get sunday"
skill-ovos-weather.openvoiceos,"high_temperature.intent","how hot will it get sunday in {location}"
skill-ovos-weather.openvoiceos,"high_temperature.intent","how hot will it get thursday"
skill-ovos-weather.openvoiceos,"high_temperature.intent","how hot will it get thursday in {location}"
skill-ovos-weather.openvoiceos,"high_temperature.intent","how hot will it get today"
skill-ovos-weather.openvoiceos,"high_temperature.intent","how hot will it get today in {location}"
skill-ovos-weather.openvoiceos,"high_temperature.intent","how hot will it get tomorrow"
skill-ovos-weather.openvoiceos,"high_temperature.intent","how hot will it get tomorrow in {location}"
skill-ovos-weather.openvoiceos,"high_temperature.intent","how hot will it get tuesday"
skill-ovos-weather.openvoiceos,"high_temperature.intent","how hot will it get tuesday in {location}"
skill-ovos-weather.openvoiceos,"high_temperature.intent","how hot will it get wednesday"
skill-ovos-weather.openvoiceos,"high_temperature.intent","how hot will it get wednesday in {location}"
skill-ovos-weather.openvoiceos,"high_temperature.intent","peak temperature for friday"
skill-ovos-weather.openvoiceos,"high_temperature.intent","peak temperature for monday"
skill-ovos-weather.openvoiceos,"high_temperature.intent","peak temperature for saturday"
skill-ovos-weather.openvoiceos,"high_temperature.intent","peak temperature for sunday"
skill-ovos-weather.openvoiceos,"high_temperature.intent","peak temperature for thursday"
skill-ovos-weather.openvoiceos,"high_temperature.intent","peak temperature for today"
skill-ovos-weather.openvoiceos,"high_temperature.intent","peak temperature for tomorrow"
skill-ovos-weather.openvoiceos,"high_temperature.intent","peak temperature for tuesday"
skill-ovos-weather.openvoiceos,"high_temperature.intent","peak temperature for wednesday"
skill-ovos-weather.openvoiceos,"high_temperature.intent","what's the highest temp expected"
skill-ovos-weather.openvoiceos,"high_temperature.intent","what's the highest temp expected friday"
skill-ovos-weather.openvoiceos,"high_temperature.intent","what's the highest temp expected monday"
skill-ovos-weather.openvoiceos,"high_temperature.intent","what's the highest temp expected saturday"
skill-ovos-weather.openvoiceos,"high_temperature.intent","what's the highest temp expected sunday"
skill-ovos-weather.openvoiceos,"high_temperature.intent","what's the highest temp expected thursday"
skill-ovos-weather.openvoiceos,"high_temperature.intent","what's the highest temp expected today"
skill-ovos-weather.openvoiceos,"high_temperature.intent","what's the highest temp expected tomorrow"
skill-ovos-weather.openvoiceos,"high_temperature.intent","what's the highest temp expected tuesday"
skill-ovos-weather.openvoiceos,"high_temperature.intent","what's the highest temp expected wednesday"
skill-ovos-weather.openvoiceos,"is_clear.intent","can I expect clear skies"
skill-ovos-weather.openvoiceos,"is_clear.intent","can I expect clear skies in {location}"
skill-ovos-weather.openvoiceos,"is_clear.intent","can I expect sunshine"
skill-ovos-weather.openvoiceos,"is_clear.intent","can I expect sunshine in {location}"
skill-ovos-weather.openvoiceos,"is_clear.intent","how clear is it"
skill-ovos-weather.openvoiceos,"is_clear.intent","how clear is it in {location}"
skill-ovos-weather.openvoiceos,"is_clear.intent","how cloudy is it"
skill-ovos-weather.openvoiceos,"is_clear.intent","how cloudy is it in {location}"
skill-ovos-weather.openvoiceos,"is_clear.intent","is it cloudy"
skill-ovos-weather.openvoiceos,"is_clear.intent","is it cloudy  in {location}"
skill-ovos-weather.openvoiceos,"is_clear.intent","is it cloudy right now"
skill-ovos-weather.openvoiceos,"is_clear.intent","is it cloudy right now in {location}"
skill-ovos-weather.openvoiceos,"is_clear.intent","is it cloudy today"
skill-ovos-weather.openvoiceos,"is_clear.intent","is it cloudy today in {location}"
skill-ovos-weather.openvoiceos,"is_clear.intent","is it gloomy outside"
skill-ovos-weather.openvoiceos,"is_clear.intent","is it gloomy outside in {location}"
skill-ovos-weather.openvoiceos,"is_clear.intent","is it gray outside"
skill-ovos-weather.openvoiceos,"is_clear.intent","is it gray outside in {location}"
skill-ovos-weather.openvoiceos,"is_clear.intent","is it overcast"
skill-ovos-weather.openvoiceos,"is_clear.intent","is it overcast  in {location}"
skill-ovos-weather.openvoiceos,"is_clear.intent","is it overcast outside"
skill-ovos-weather.openvoiceos,"is_clear.intent","is it overcast outside in {location}"
skill-ovos-weather.openvoiceos,"is_clear.intent","is it overcast right now"
skill-ovos-weather.openvoiceos,"is_clear.intent","is it overcast right now in {location}"
skill-ovos-weather.openvoiceos,"is_clear.intent","is it overcast today"
skill-ovos-weather.openvoiceos,"is_clear.intent","is it overcast today in {location}"
skill-ovos-weather.openvoiceos,"is_clear.intent","is the sky clear"
skill-ovos-weather.openvoiceos,"is_clear.intent","is the sky clear  in {location}"
skill-ovos-weather.openvoiceos,"is_clear.intent","is the sky clear today"
skill-ovos-weather.openvoiceos,"is_clear.intent","is the sky clear today in {location}"
skill-ovos-weather.openvoiceos,"is_clear.intent","is the sky sunny"
skill-ovos-weather.openvoiceos,"is_clear.intent","is the sky sunny  in {location}"
skill-ovos-weather.openvoiceos,"is_clear.intent","is the sky sunny today"
skill-ovos-weather.openvoiceos,"is_clear.intent","is the sky sunny today in {location}"
skill-ovos-weather.openvoiceos,"is_clear.intent","is there any cloud cover"
skill-ovos-weather.openvoiceos,"is_clear.intent","is there any cloud cover  in {location}"
skill-ovos-weather.openvoiceos,"is_clear.intent","is there any cloud cover today"
skill-ovos-weather.openvoiceos,"is_clear.intent","is there any cloud cover today in {location}"
skill-ovos-weather.openvoiceos,"is_clear.intent","is there sunshine"
skill-ovos-weather.openvoiceos,"is_clear.intent","is there sunshine  in {location}"
skill-ovos-weather.openvoiceos,"is_clear.intent","is there sunshine today"
skill-ovos-weather.openvoiceos,"is_clear.intent","is there sunshine today in {location}"
skill-ovos-weather.openvoiceos,"is_clear.intent","will it be sunny today"
skill-ovos-weather.openvoiceos,"is_clear.intent","will it be sunny today in {location}"
skill-ovos-weather.openvoiceos,"daily_forecast.intent","any weather alerts for  tomorrow"
skill-ovos-weather.openvoiceos,"daily_forecast.intent","any weather alerts for  tomorrow in {location}"
skill-ovos-weather.openvoiceos,"daily_forecast.intent","any weather alerts for after tomorrow"
skill-ovos-weather.openvoiceos,"daily_forecast.intent","any weather alerts for after tomorrow in {location}"
skill-ovos-weather.openvoiceos,"daily_forecast.intent","any weather alerts for friday"
skill-ovos-weather.openvoiceos,"daily_forecast.intent","any weather alerts for friday in {location}"
skill-ovos-weather.openvoiceos,"daily_forecast.intent","any weather alerts for monday"
skill-ovos-weather.openvoiceos,"daily_forecast.intent","any weather alerts for monday in {location}"
skill-ovos-weather.openvoiceos,"daily_forecast.intent","any weather alerts for saturday"
skill-ovos-weather.openvoiceos,"daily_forecast.intent","any weather alerts for saturday in {location}"
skill-ovos-weather.openvoiceos,"daily_forecast.intent","any weather alerts for sunday"
skill-ovos-weather.openvoiceos,"daily_forecast.intent","any weather alerts for sunday in {location}"
skill-ovos-weather.openvoiceos,"daily_forecast.intent","any weather alerts for thursday"
skill-ovos-weather.openvoiceos,"daily_forecast.intent","any weather alerts for thursday in {location}"
skill-ovos-weather.openvoiceos,"daily_forecast.intent","any weather alerts for tuesday"
skill-ovos-weather.openvoiceos,"daily_forecast.intent","any weather alerts for tuesday in {location}"
skill-ovos-weather.openvoiceos,"daily_forecast.intent","any weather alerts for wednesday"
skill-ovos-weather.openvoiceos,"daily_forecast.intent","any weather alerts for wednesday in {location}"
skill-ovos-weather.openvoiceos,"daily_forecast.intent","any weather warnings for  tomorrow"
skill-ovos-weather.openvoiceos,"daily_forecast.intent","any weather warnings for  tomorrow in {location}"
skill-ovos-weather.openvoiceos,"daily_forecast.intent","any weather warnings for after tomorrow"
skill-ovos-weather.openvoiceos,"daily_forecast.intent","any weather warnings for after tomorrow in {location}"
skill-ovos-weather.openvoiceos,"daily_forecast.intent","any weather warnings for friday"
skill-ovos-weather.openvoiceos,"daily_forecast.intent","any weather warnings for friday in {location}"
skill-ovos-weather.openvoiceos,"daily_forecast.intent","any weather warnings for monday"
skill-ovos-weather.openvoiceos,"daily_forecast.intent","any weather warnings for monday in {location}"
skill-ovos-weather.openvoiceos,"daily_forecast.intent","any weather warnings for saturday"
skill-ovos-weather.openvoiceos,"daily_forecast.intent","any weather warnings for saturday in {location}"
skill-ovos-weather.openvoiceos,"daily_forecast.intent","any weather warnings for sunday"
skill-ovos-weather.openvoiceos,"daily_forecast.intent","any weather warnings for sunday in {location}"
skill-ovos-weather.openvoiceos,"daily_forecast.intent","any weather warnings for thursday"
skill-ovos-weather.openvoiceos,"daily_forecast.intent","any weather warnings for thursday in {location}"
skill-ovos-weather.openvoiceos,"daily_forecast.intent","any weather warnings for tuesday"
skill-ovos-weather.openvoiceos,"daily_forecast.intent","any weather warnings for tuesday in {location}"
skill-ovos-weather.openvoiceos,"daily_forecast.intent","any weather warnings for wednesday"
skill-ovos-weather.openvoiceos,"daily_forecast.intent","any weather warnings for wednesday in {location}"
skill-ovos-weather.openvoiceos,"daily_forecast.intent","forecast next friday"
skill-ovos-weather.openvoiceos,"daily_forecast.intent","forecast next friday in {location}"
skill-ovos-weather.openvoiceos,"daily_forecast.intent","forecast next monday"
skill-ovos-weather.openvoiceos,"daily_forecast.intent","forecast next monday in {location}"
skill-ovos-weather.openvoiceos,"daily_forecast.intent","forecast next saturday"
skill-ovos-weather.openvoiceos,"daily_forecast.intent","forecast next saturday in {location}"
skill-ovos-weather.openvoiceos,"daily_forecast.intent","forecast next sunday"
skill-ovos-weather.openvoiceos,"daily_forecast.intent","forecast next sunday in {location}"
skill-ovos-weather.openvoiceos,"daily_forecast.intent","forecast next thursday"
skill-ovos-weather.openvoiceos,"daily_forecast.intent","forecast next thursday in {location}"
skill-ovos-weather.openvoiceos,"daily_forecast.intent","forecast next tuesday"
skill-ovos-weather.openvoiceos,"daily_forecast.intent","forecast next tuesday in {location}"
skill-ovos-weather.openvoiceos,"daily_forecast.intent","forecast next wednesday"
skill-ovos-weather.openvoiceos,"daily_forecast.intent","forecast next wednesday in {location}"
skill-ovos-weather.openvoiceos,"daily_forecast.intent","how is the forecast next friday"
skill-ovos-weather.openvoiceos,"daily_forecast.intent","how is the forecast next friday in {location}"
skill-ovos-weather.openvoiceos,"daily_forecast.intent","how is the forecast next monday"
skill-ovos-weather.openvoiceos,"daily_forecast.intent","how is the forecast next monday in {location}"
skill-ovos-weather.openvoiceos,"daily_forecast.intent","how is the forecast next saturday"
skill-ovos-weather.openvoiceos,"daily_forecast.intent","how is the forecast next saturday in {location}"
skill-ovos-weather.openvoiceos,"daily_forecast.intent","how is the forecast next sunday"
skill-ovos-weather.openvoiceos,"daily_forecast.intent","how is the forecast next sunday in {location}"
skill-ovos-weather.openvoiceos,"daily_forecast.intent","how is the forecast next thursday"
skill-ovos-weather.openvoiceos,"daily_forecast.intent","how is the forecast next thursday in {location}"
skill-ovos-weather.openvoiceos,"daily_forecast.intent","how is the forecast next tuesday"
skill-ovos-weather.openvoiceos,"daily_forecast.intent","how is the forecast next tuesday in {location}"
skill-ovos-weather.openvoiceos,"daily_forecast.intent","how is the forecast next wednesday"
skill-ovos-weather.openvoiceos,"daily_forecast.intent","how is the forecast next wednesday in {location}"
skill-ovos-weather.openvoiceos,"daily_forecast.intent","how is the weather   tomorrow"
skill-ovos-weather.openvoiceos,"daily_forecast.intent","how is the weather   tomorrow in {location}"
skill-ovos-weather.openvoiceos,"daily_forecast.intent","how is the weather  after tomorrow"
skill-ovos-weather.openvoiceos,"daily_forecast.intent","how is the weather  after tomorrow in {location}"
skill-ovos-weather.openvoiceos,"daily_forecast.intent","how is the weather  friday"
skill-ovos-weather.openvoiceos,"daily_forecast.intent","how is the weather  friday in {location}"
skill-ovos-weather.openvoiceos,"daily_forecast.intent","how is the weather  monday"
skill-ovos-weather.openvoiceos,"daily_forecast.intent","how is the weather  monday in {location}"
skill-ovos-weather.openvoiceos,"daily_forecast.intent","how is the weather  saturday"
skill-ovos-weather.openvoiceos,"daily_forecast.intent","how is the weather  saturday in {location}"
skill-ovos-weather.openvoiceos,"daily_forecast.intent","how is the weather  sunday"
skill-ovos-weather.openvoiceos,"daily_forecast.intent","how is the weather  sunday in {location}"
skill-ovos-weather.openvoiceos,"daily_forecast.intent","how is the weather  thursday"
skill-ovos-weather.openvoiceos,"daily_forecast.intent","how is the weather  thursday in {location}"
skill-ovos-weather.openvoiceos,"daily_forecast.intent","how is the weather  tuesday"
skill-ovos-weather.openvoiceos,"daily_forecast.intent","how is the weather  tuesday in {location}"
skill-ovos-weather.openvoiceos,"daily_forecast.intent","how is the weather  wednesday"
skill-ovos-weather.openvoiceos,"daily_forecast.intent","how is the weather  wednesday in {location}"
skill-ovos-weather.openvoiceos,"daily_forecast.intent","how is the weather in {location}   tomorrow"
skill-ovos-weather.openvoiceos,"daily_forecast.intent","how is the weather in {location}  after tomorrow"
skill-ovos-weather.openvoiceos,"daily_forecast.intent","how is the weather in {location}  friday"
skill-ovos-weather.openvoiceos,"daily_forecast.intent","how is the weather in {location}  monday"
skill-ovos-weather.openvoiceos,"daily_forecast.intent","how is the weather in {location}  saturday"
skill-ovos-weather.openvoiceos,"daily_forecast.intent","how is the weather in {location}  sunday"
skill-ovos-weather.openvoiceos,"daily_forecast.intent","how is the weather in {location}  thursday"
skill-ovos-weather.openvoiceos,"daily_forecast.intent","how is the weather in {location}  tuesday"
skill-ovos-weather.openvoiceos,"daily_forecast.intent","how is the weather in {location}  wednesday"
skill-ovos-weather.openvoiceos,"daily_forecast.intent","how is the weather in {location} like  tomorrow"
skill-ovos-weather.openvoiceos,"daily_forecast.intent","how is the weather in {location} like after tomorrow"
skill-ovos-weather.openvoiceos,"daily_forecast.intent","how is the weather in {location} like friday"
skill-ovos-weather.openvoiceos,"daily_forecast.intent","how is the weather in {location} like monday"
skill-ovos-weather.openvoiceos,"daily_forecast.intent","how is the weather in {location} like saturday"
skill-ovos-weather.openvoiceos,"daily_forecast.intent","how is the weather in {location} like sunday"
skill-ovos-weather.openvoiceos,"daily_forecast.intent","how is the weather in {location} like thursday"
skill-ovos-weather.openvoiceos,"daily_forecast.intent","how is the weather in {location} like tuesday"
skill-ovos-weather.openvoiceos,"daily_forecast.intent","how is the weather in {location} like wednesday"
skill-ovos-weather.openvoiceos,"daily_forecast.intent","how is the weather like  tomorrow"
skill-ovos-weather.openvoiceos,"daily_forecast.intent","how is the weather like  tomorrow in {location}"
skill-ovos-weather.openvoiceos,"daily_forecast.intent","how is the weather like after tomorrow"
skill-ovos-weather.openvoiceos,"daily_forecast.intent","how is the weather like after tomorrow in {location}"
skill-ovos-weather.openvoiceos,"daily_forecast.intent","how is the weather like friday"
skill-ovos-weather.openvoiceos,"daily_forecast.intent","how is the weather like friday in {location}"
skill-ovos-weather.openvoiceos,"daily_forecast.intent","how is the weather like monday"
skill-ovos-weather.openvoiceos,"daily_forecast.intent","how is the weather like monday in {location}"
skill-ovos-weather.openvoiceos,"daily_forecast.intent","how is the weather like saturday"
skill-ovos-weather.openvoiceos,"daily_forecast.intent","how is the weather like saturday in {location}"
skill-ovos-weather.openvoiceos,"daily_forecast.intent","how is the weather like sunday"
skill-ovos-weather.openvoiceos,"daily_forecast.intent","how is the weather like sunday in {location}"
skill-ovos-weather.openvoiceos,"daily_forecast.intent","how is the weather like thursday"
skill-ovos-weather.openvoiceos,"daily_forecast.intent","how is the weather like thursday in {location}"
skill-ovos-weather.openvoiceos,"daily_forecast.intent","how is the weather like tuesday"
skill-ovos-weather.openvoiceos,"daily_forecast.intent","how is the weather like tuesday in {location}"
skill-ovos-weather.openvoiceos,"daily_forecast.intent","how is the weather like wednesday"
skill-ovos-weather.openvoiceos,"daily_forecast.intent","how is the weather like wednesday in {location}"
skill-ovos-weather.openvoiceos,"daily_forecast.intent","how is the weather next friday"
skill-ovos-weather.openvoiceos,"daily_forecast.intent","how is the weather next friday in {location}"
skill-ovos-weather.openvoiceos,"daily_forecast.intent","how is the weather next monday"
skill-ovos-weather.openvoiceos,"daily_forecast.intent","how is the weather next monday in {location}"
skill-ovos-weather.openvoiceos,"daily_forecast.intent","how is the weather next saturday"
skill-ovos-weather.openvoiceos,"daily_forecast.intent","how is the weather next saturday in {location}"
skill-ovos-weather.openvoiceos,"daily_forecast.intent","how is the weather next sunday"
skill-ovos-weather.openvoiceos,"daily_forecast.intent","how is the weather next sunday in {location}"
skill-ovos-weather.openvoiceos,"daily_forecast.intent","how is the weather next thursday"
skill-ovos-weather.openvoiceos,"daily_forecast.intent","how is the weather next thursday in {location}"
skill-ovos-weather.openvoiceos,"daily_forecast.intent","how is the weather next tuesday"
skill-ovos-weather.openvoiceos,"daily_forecast.intent","how is the weather next tuesday in {location}"
skill-ovos-weather.openvoiceos,"daily_forecast.intent","how is the weather next wednesday"
skill-ovos-weather.openvoiceos,"daily_forecast.intent","how is the weather next wednesday in {location}"
skill-ovos-weather.openvoiceos,"daily_forecast.intent","how's the weather going to be  tomorrow"
skill-ovos-weather.openvoiceos,"daily_forecast.intent","how's the weather going to be  tomorrow in {location}"
skill-ovos-weather.openvoiceos,"daily_forecast.intent","how's the weather going to be after tomorrow"
skill-ovos-weather.openvoiceos,"daily_forecast.intent","how's the weather going to be after tomorrow in {location}"
skill-ovos-weather.openvoiceos,"daily_forecast.intent","how's the weather going to be friday"
skill-ovos-weather.openvoiceos,"daily_forecast.intent","how's the weather going to be friday in {location}"
skill-ovos-weather.openvoiceos,"daily_forecast.intent","how's the weather going to be monday"
skill-ovos-weather.openvoiceos,"daily_forecast.intent","how's the weather going to be monday in {location}"
skill-ovos-weather.openvoiceos,"daily_forecast.intent","how's the weather going to be saturday"
skill-ovos-weather.openvoiceos,"daily_forecast.intent","how's the weather going to be saturday in {location}"
skill-ovos-weather.openvoiceos,"daily_forecast.intent","how's the weather going to be sunday"
skill-ovos-weather.openvoiceos,"daily_forecast.intent","how's the weather going to be sunday in {location}"
skill-ovos-weather.openvoiceos,"daily_forecast.intent","how's the weather going to be thursday"
skill-ovos-weather.openvoiceos,"daily_forecast.intent","how's the weather going to be thursday in {location}"
skill-ovos-weather.openvoiceos,"daily_forecast.intent","how's the weather going to be tuesday"
skill-ovos-weather.openvoiceos,"daily_forecast.intent","how's the weather going to be tuesday in {location}"
skill-ovos-weather.openvoiceos,"daily_forecast.intent","how's the weather going to be wednesday"
skill-ovos-weather.openvoiceos,"daily_forecast.intent","how's the weather going to be wednesday in {location}"
skill-ovos-weather.openvoiceos,"daily_forecast.intent","how's the weather looking  tomorrow"
skill-ovos-weather.openvoiceos,"daily_forecast.intent","how's the weather looking  tomorrow in {location}"
skill-ovos-weather.openvoiceos,"daily_forecast.intent","how's the weather looking after tomorrow"
skill-ovos-weather.openvoiceos,"daily_forecast.intent","how's the weather looking after tomorrow in {location}"
skill-ovos-weather.openvoiceos,"daily_forecast.intent","how's the weather looking friday"
skill-ovos-weather.openvoiceos,"daily_forecast.intent","how's the weather looking friday in {location}"
skill-ovos-weather.openvoiceos,"daily_forecast.intent","how's the weather looking monday"
skill-ovos-weather.openvoiceos,"daily_forecast.intent","how's the weather looking monday in {location}"
skill-ovos-weather.openvoiceos,"daily_forecast.intent","how's the weather looking saturday"
skill-ovos-weather.openvoiceos,"daily_forecast.intent","how's the weather looking saturday in {location}"
skill-ovos-weather.openvoiceos,"daily_forecast.intent","how's the weather looking sunday"
skill-ovos-weather.openvoiceos,"daily_forecast.intent","how's the weather looking sunday in {location}"
skill-ovos-weather.openvoiceos,"daily_forecast.intent","how's the weather looking thursday"
skill-ovos-weather.openvoiceos,"daily_forecast.intent","how's the weather looking thursday in {location}"
skill-ovos-weather.openvoiceos,"daily_forecast.intent","how's the weather looking tuesday"
skill-ovos-weather.openvoiceos,"daily_forecast.intent","how's the weather looking tuesday in {location}"
skill-ovos-weather.openvoiceos,"daily_forecast.intent","how's the weather looking wednesday"
skill-ovos-weather.openvoiceos,"daily_forecast.intent","how's the weather looking wednesday in {location}"
skill-ovos-weather.openvoiceos,"daily_forecast.intent","is it going to be cold on  tomorrow"
skill-ovos-weather.openvoiceos,"daily_forecast.intent","is it going to be cold on  tomorrow in {location}"
skill-ovos-weather.openvoiceos,"daily_forecast.intent","is it going to be cold on after tomorrow"
skill-ovos-weather.openvoiceos,"daily_forecast.intent","is it going to be cold on after tomorrow in {location}"
skill-ovos-weather.openvoiceos,"daily_forecast.intent","is it going to be cold on friday"
skill-ovos-weather.openvoiceos,"daily_forecast.intent","is it going to be cold on friday in {location}"
skill-ovos-weather.openvoiceos,"daily_forecast.intent","is it going to be cold on monday"
skill-ovos-weather.openvoiceos,"daily_forecast.intent","is it going to be cold on monday in {location}"
skill-ovos-weather.openvoiceos,"daily_forecast.intent","is it going to be cold on saturday"
skill-ovos-weather.openvoiceos,"daily_forecast.intent","is it going to be cold on saturday in {location}"
skill-ovos-weather.openvoiceos,"daily_forecast.intent","is it going to be cold on sunday"
skill-ovos-weather.openvoiceos,"daily_forecast.intent","is it going to be cold on sunday in {location}"
skill-ovos-weather.openvoiceos,"daily_forecast.intent","is it going to be cold on thursday"
skill-ovos-weather.openvoiceos,"daily_forecast.intent","is it going to be cold on thursday in {location}"
skill-ovos-weather.openvoiceos,"daily_forecast.intent","is it going to be cold on tuesday"
skill-ovos-weather.openvoiceos,"daily_forecast.intent","is it going to be cold on tuesday in {location}"
skill-ovos-weather.openvoiceos,"daily_forecast.intent","is it going to be cold on wednesday"
skill-ovos-weather.openvoiceos,"daily_forecast.intent","is it going to be cold on wednesday in {location}"
skill-ovos-weather.openvoiceos,"daily_forecast.intent","is it going to be hot on  tomorrow"
skill-ovos-weather.openvoiceos,"daily_forecast.intent","is it going to be hot on  tomorrow in {location}"
skill-ovos-weather.openvoiceos,"daily_forecast.intent","is it going to be hot on after tomorrow"
skill-ovos-weather.openvoiceos,"daily_forecast.intent","is it going to be hot on after tomorrow in {location}"
skill-ovos-weather.openvoiceos,"daily_forecast.intent","is it going to be hot on friday"
skill-ovos-weather.openvoiceos,"daily_forecast.intent","is it going to be hot on friday in {location}"
skill-ovos-weather.openvoiceos,"daily_forecast.intent","is it going to be hot on monday"
skill-ovos-weather.openvoiceos,"daily_forecast.intent","is it going to be hot on monday in {location}"
skill-ovos-weather.openvoiceos,"daily_forecast.intent","is it going to be hot on saturday"
skill-ovos-weather.openvoiceos,"daily_forecast.intent","is it going to be hot on saturday in {location}"
skill-ovos-weather.openvoiceos,"daily_forecast.intent","is it going to be hot on sunday"
skill-ovos-weather.openvoiceos,"daily_forecast.intent","is it going to be hot on sunday in {location}"
skill-ovos-weather.openvoiceos,"daily_forecast.intent","is it going to be hot on thursday"
skill-ovos-weather.openvoiceos,"daily_forecast.intent","is it going to be hot on thursday in {location}"
skill-ovos-weather.openvoiceos,"daily_forecast.intent","is it going to be hot on tuesday"
skill-ovos-weather.openvoiceos,"daily_forecast.intent","is it going to be hot on tuesday in {location}"
skill-ovos-weather.openvoiceos,"daily_forecast.intent","is it going to be hot on wednesday"
skill-ovos-weather.openvoiceos,"daily_forecast.intent","is it going to be hot on wednesday in {location}"
skill-ovos-weather.openvoiceos,"daily_forecast.intent","is it going to be warm on  tomorrow"
skill-ovos-weather.openvoiceos,"daily_forecast.intent","is it going to be warm on  tomorrow in {location}"
skill-ovos-weather.openvoiceos,"daily_forecast.intent","is it going to be warm on after tomorrow"
skill-ovos-weather.openvoiceos,"daily_forecast.intent","is it going to be warm on after tomorrow in {location}"
skill-ovos-weather.openvoiceos,"daily_forecast.intent","is it going to be warm on friday"
skill-ovos-weather.openvoiceos,"daily_forecast.intent","is it going to be warm on friday in {location}"
skill-ovos-weather.openvoiceos,"daily_forecast.intent","is it going to be warm on monday"
skill-ovos-weather.openvoiceos,"daily_forecast.intent","is it going to be warm on monday in {location}"
skill-ovos-weather.openvoiceos,"daily_forecast.intent","is it going to be warm on saturday"
skill-ovos-weather.openvoiceos,"daily_forecast.intent","is it going to be warm on saturday in {location}"
skill-ovos-weather.openvoiceos,"daily_forecast.intent","is it going to be warm on sunday"
skill-ovos-weather.openvoiceos,"daily_forecast.intent","is it going to be warm on sunday in {location}"
skill-ovos-weather.openvoiceos,"daily_forecast.intent","is it going to be warm on thursday"
skill-ovos-weather.openvoiceos,"daily_forecast.intent","is it going to be warm on thursday in {location}"
skill-ovos-weather.openvoiceos,"daily_forecast.intent","is it going to be warm on tuesday"
skill-ovos-weather.openvoiceos,"daily_forecast.intent","is it going to be warm on tuesday in {location}"
skill-ovos-weather.openvoiceos,"daily_forecast.intent","is it going to be warm on wednesday"
skill-ovos-weather.openvoiceos,"daily_forecast.intent","is it going to be warm on wednesday in {location}"
skill-ovos-weather.openvoiceos,"daily_forecast.intent","tell me the forecast next friday"
skill-ovos-weather.openvoiceos,"daily_forecast.intent","tell me the forecast next friday in {location}"
skill-ovos-weather.openvoiceos,"daily_forecast.intent","tell me the forecast next monday"
skill-ovos-weather.openvoiceos,"daily_forecast.intent","tell me the forecast next monday in {location}"
skill-ovos-weather.openvoiceos,"daily_forecast.intent","tell me the forecast next saturday"
skill-ovos-weather.openvoiceos,"daily_forecast.intent","tell me the forecast next saturday in {location}"
skill-ovos-weather.openvoiceos,"daily_forecast.intent","tell me the forecast next sunday"
skill-ovos-weather.openvoiceos,"daily_forecast.intent","tell me the forecast next sunday in {location}"
skill-ovos-weather.openvoiceos,"daily_forecast.intent","tell me the forecast next thursday"
skill-ovos-weather.openvoiceos,"daily_forecast.intent","tell me the forecast next thursday in {location}"
skill-ovos-weather.openvoiceos,"daily_forecast.intent","tell me the forecast next tuesday"
skill-ovos-weather.openvoiceos,"daily_forecast.intent","tell me the forecast next tuesday in {location}"
skill-ovos-weather.openvoiceos,"daily_forecast.intent","tell me the forecast next wednesday"
skill-ovos-weather.openvoiceos,"daily_forecast.intent","tell me the forecast next wednesday in {location}"
skill-ovos-weather.openvoiceos,"daily_forecast.intent","tell me the weather next friday"
skill-ovos-weather.openvoiceos,"daily_forecast.intent","tell me the weather next friday in {location}"
skill-ovos-weather.openvoiceos,"daily_forecast.intent","tell me the weather next monday"
skill-ovos-weather.openvoiceos,"daily_forecast.intent","tell me the weather next monday in {location}"
skill-ovos-weather.openvoiceos,"daily_forecast.intent","tell me the weather next saturday"
skill-ovos-weather.openvoiceos,"daily_forecast.intent","tell me the weather next saturday in {location}"
skill-ovos-weather.openvoiceos,"daily_forecast.intent","tell me the weather next sunday"
skill-ovos-weather.openvoiceos,"daily_forecast.intent","tell me the weather next sunday in {location}"
skill-ovos-weather.openvoiceos,"daily_forecast.intent","tell me the weather next thursday"
skill-ovos-weather.openvoiceos,"daily_forecast.intent","tell me the weather next thursday in {location}"
skill-ovos-weather.openvoiceos,"daily_forecast.intent","tell me the weather next tuesday"
skill-ovos-weather.openvoiceos,"daily_forecast.intent","tell me the weather next tuesday in {location}"
skill-ovos-weather.openvoiceos,"daily_forecast.intent","tell me the weather next wednesday"
skill-ovos-weather.openvoiceos,"daily_forecast.intent","tell me the weather next wednesday in {location}"
skill-ovos-weather.openvoiceos,"daily_forecast.intent","weather next friday"
skill-ovos-weather.openvoiceos,"daily_forecast.intent","weather next friday in {location}"
skill-ovos-weather.openvoiceos,"daily_forecast.intent","weather next monday"
skill-ovos-weather.openvoiceos,"daily_forecast.intent","weather next monday in {location}"
skill-ovos-weather.openvoiceos,"daily_forecast.intent","weather next saturday"
skill-ovos-weather.openvoiceos,"daily_forecast.intent","weather next saturday in {location}"
skill-ovos-weather.openvoiceos,"daily_forecast.intent","weather next sunday"
skill-ovos-weather.openvoiceos,"daily_forecast.intent","weather next sunday in {location}"
skill-ovos-weather.openvoiceos,"daily_forecast.intent","weather next thursday"
skill-ovos-weather.openvoiceos,"daily_forecast.intent","weather next thursday in {location}"
skill-ovos-weather.openvoiceos,"daily_forecast.intent","weather next tuesday"
skill-ovos-weather.openvoiceos,"daily_forecast.intent","weather next tuesday in {location}"
skill-ovos-weather.openvoiceos,"daily_forecast.intent","weather next wednesday"
skill-ovos-weather.openvoiceos,"daily_forecast.intent","weather next wednesday in {location}"
skill-ovos-weather.openvoiceos,"daily_forecast.intent","what is the forecast next friday"
skill-ovos-weather.openvoiceos,"daily_forecast.intent","what is the forecast next friday in {location}"
skill-ovos-weather.openvoiceos,"daily_forecast.intent","what is the forecast next monday"
skill-ovos-weather.openvoiceos,"daily_forecast.intent","what is the forecast next monday in {location}"
skill-ovos-weather.openvoiceos,"daily_forecast.intent","what is the forecast next saturday"
skill-ovos-weather.openvoiceos,"daily_forecast.intent","what is the forecast next saturday in {location}"
skill-ovos-weather.openvoiceos,"daily_forecast.intent","what is the forecast next sunday"
skill-ovos-weather.openvoiceos,"daily_forecast.intent","what is the forecast next sunday in {location}"
skill-ovos-weather.openvoiceos,"daily_forecast.intent","what is the forecast next thursday"
skill-ovos-weather.openvoiceos,"daily_forecast.intent","what is the forecast next thursday in {location}"
skill-ovos-weather.openvoiceos,"daily_forecast.intent","what is the forecast next tuesday"
skill-ovos-weather.openvoiceos,"daily_forecast.intent","what is the forecast next tuesday in {location}"
skill-ovos-weather.openvoiceos,"daily_forecast.intent","what is the forecast next wednesday"
skill-ovos-weather.openvoiceos,"daily_forecast.intent","what is the forecast next wednesday in {location}"
skill-ovos-weather.openvoiceos,"daily_forecast.intent","what is the weather   tomorrow"
skill-ovos-weather.openvoiceos,"daily_forecast.intent","what is the weather   tomorrow in {location}"
skill-ovos-weather.openvoiceos,"daily_forecast.intent","what is the weather  after tomorrow"
skill-ovos-weather.openvoiceos,"daily_forecast.intent","what is the weather  after tomorrow in {location}"
skill-ovos-weather.openvoiceos,"daily_forecast.intent","what is the weather  friday"
skill-ovos-weather.openvoiceos,"daily_forecast.intent","what is the weather  friday in {location}"
skill-ovos-weather.openvoiceos,"daily_forecast.intent","what is the weather  monday"
skill-ovos-weather.openvoiceos,"daily_forecast.intent","what is the weather  monday in {location}"
skill-ovos-weather.openvoiceos,"daily_forecast.intent","what is the weather  saturday"
skill-ovos-weather.openvoiceos,"daily_forecast.intent","what is the weather  saturday in {location}"
skill-ovos-weather.openvoiceos,"daily_forecast.intent","what is the weather  sunday"
skill-ovos-weather.openvoiceos,"daily_forecast.intent","what is the weather  sunday in {location}"
skill-ovos-weather.openvoiceos,"daily_forecast.intent","what is the weather  thursday"
skill-ovos-weather.openvoiceos,"daily_forecast.intent","what is the weather  thursday in {location}"
skill-ovos-weather.openvoiceos,"daily_forecast.intent","what is the weather  tuesday"
skill-ovos-weather.openvoiceos,"daily_forecast.intent","what is the weather  tuesday in {location}"
skill-ovos-weather.openvoiceos,"daily_forecast.intent","what is the weather  wednesday"
skill-ovos-weather.openvoiceos,"daily_forecast.intent","what is the weather  wednesday in {location}"
skill-ovos-weather.openvoiceos,"daily_forecast.intent","what is the weather in {location}   tomorrow"
skill-ovos-weather.openvoiceos,"daily_forecast.intent","what is the weather in {location}  after tomorrow"
skill-ovos-weather.openvoiceos,"daily_forecast.intent","what is the weather in {location}  friday"
skill-ovos-weather.openvoiceos,"daily_forecast.intent","what is the weather in {location}  monday"
skill-ovos-weather.openvoiceos,"daily_forecast.intent","what is the weather in {location}  saturday"
skill-ovos-weather.openvoiceos,"daily_forecast.intent","what is the weather in {location}  sunday"
skill-ovos-weather.openvoiceos,"daily_forecast.intent","what is the weather in {location}  thursday"
skill-ovos-weather.openvoiceos,"daily_forecast.intent","what is the weather in {location}  tuesday"
skill-ovos-weather.openvoiceos,"daily_forecast.intent","what is the weather in {location}  wednesday"
skill-ovos-weather.openvoiceos,"daily_forecast.intent","what is the weather in {location} like  tomorrow"
skill-ovos-weather.openvoiceos,"daily_forecast.intent","what is the weather in {location} like after tomorrow"
skill-ovos-weather.openvoiceos,"daily_forecast.intent","what is the weather in {location} like friday"
skill-ovos-weather.openvoiceos,"daily_forecast.intent","what is the weather in {location} like monday"
skill-ovos-weather.openvoiceos,"daily_forecast.intent","what is the weather in {location} like saturday"
skill-ovos-weather.openvoiceos,"daily_forecast.intent","what is the weather in {location} like sunday"
skill-ovos-weather.openvoiceos,"daily_forecast.intent","what is the weather in {location} like thursday"
skill-ovos-weather.openvoiceos,"daily_forecast.intent","what is the weather in {location} like tuesday"
skill-ovos-weather.openvoiceos,"daily_forecast.intent","what is the weather in {location} like wednesday"
skill-ovos-weather.openvoiceos,"daily_forecast.intent","what is the weather like  tomorrow"
skill-ovos-weather.openvoiceos,"daily_forecast.intent","what is the weather like  tomorrow in {location}"
skill-ovos-weather.openvoiceos,"daily_forecast.intent","what is the weather like after tomorrow"
skill-ovos-weather.openvoiceos,"daily_forecast.intent","what is the weather like after tomorrow in {location}"
skill-ovos-weather.openvoiceos,"daily_forecast.intent","what is the weather like friday"
skill-ovos-weather.openvoiceos,"daily_forecast.intent","what is the weather like friday in {location}"
skill-ovos-weather.openvoiceos,"daily_forecast.intent","what is the weather like monday"
skill-ovos-weather.openvoiceos,"daily_forecast.intent","what is the weather like monday in {location}"
skill-ovos-weather.openvoiceos,"daily_forecast.intent","what is the weather like saturday"
skill-ovos-weather.openvoiceos,"daily_forecast.intent","what is the weather like saturday in {location}"
skill-ovos-weather.openvoiceos,"daily_forecast.intent","what is the weather like sunday"
skill-ovos-weather.openvoiceos,"daily_forecast.intent","what is the weather like sunday in {location}"
skill-ovos-weather.openvoiceos,"daily_forecast.intent","what is the weather like thursday"
skill-ovos-weather.openvoiceos,"daily_forecast.intent","what is the weather like thursday in {location}"
skill-ovos-weather.openvoiceos,"daily_forecast.intent","what is the weather like tuesday"
skill-ovos-weather.openvoiceos,"daily_forecast.intent","what is the weather like tuesday in {location}"
skill-ovos-weather.openvoiceos,"daily_forecast.intent","what is the weather like wednesday"
skill-ovos-weather.openvoiceos,"daily_forecast.intent","what is the weather like wednesday in {location}"
skill-ovos-weather.openvoiceos,"daily_forecast.intent","what is the weather next friday"
skill-ovos-weather.openvoiceos,"daily_forecast.intent","what is the weather next friday in {location}"
skill-ovos-weather.openvoiceos,"daily_forecast.intent","what is the weather next monday"
skill-ovos-weather.openvoiceos,"daily_forecast.intent","what is the weather next monday in {location}"
skill-ovos-weather.openvoiceos,"daily_forecast.intent","what is the weather next saturday"
skill-ovos-weather.openvoiceos,"daily_forecast.intent","what is the weather next saturday in {location}"
skill-ovos-weather.openvoiceos,"daily_forecast.intent","what is the weather next sunday"
skill-ovos-weather.openvoiceos,"daily_forecast.intent","what is the weather next sunday in {location}"
skill-ovos-weather.openvoiceos,"daily_forecast.intent","what is the weather next thursday"
skill-ovos-weather.openvoiceos,"daily_forecast.intent","what is the weather next thursday in {location}"
skill-ovos-weather.openvoiceos,"daily_forecast.intent","what is the weather next tuesday"
skill-ovos-weather.openvoiceos,"daily_forecast.intent","what is the weather next tuesday in {location}"
skill-ovos-weather.openvoiceos,"daily_forecast.intent","what is the weather next wednesday"
skill-ovos-weather.openvoiceos,"daily_forecast.intent","what is the weather next wednesday in {location}"
skill-ovos-weather.openvoiceos,"daily_forecast.intent","what should I expect  tomorrow"
skill-ovos-weather.openvoiceos,"daily_forecast.intent","what should I expect  tomorrow in {location}"
skill-ovos-weather.openvoiceos,"daily_forecast.intent","what should I expect after tomorrow"
skill-ovos-weather.openvoiceos,"daily_forecast.intent","what should I expect after tomorrow in {location}"
skill-ovos-weather.openvoiceos,"daily_forecast.intent","what should I expect friday"
skill-ovos-weather.openvoiceos,"daily_forecast.intent","what should I expect friday in {location}"
skill-ovos-weather.openvoiceos,"daily_forecast.intent","what should I expect on monday"
skill-ovos-weather.openvoiceos,"daily_forecast.intent","what should I expect on monday in {location}"
skill-ovos-weather.openvoiceos,"daily_forecast.intent","what should I expect saturday"
skill-ovos-weather.openvoiceos,"daily_forecast.intent","what should I expect saturday in {location}"
skill-ovos-weather.openvoiceos,"daily_forecast.intent","what should I expect sunday"
skill-ovos-weather.openvoiceos,"daily_forecast.intent","what should I expect sunday in {location}"
skill-ovos-weather.openvoiceos,"daily_forecast.intent","what should I expect thursday"
skill-ovos-weather.openvoiceos,"daily_forecast.intent","what should I expect thursday in {location}"
skill-ovos-weather.openvoiceos,"daily_forecast.intent","what should I expect tuesday"
skill-ovos-weather.openvoiceos,"daily_forecast.intent","what should I expect tuesday in {location}"
skill-ovos-weather.openvoiceos,"daily_forecast.intent","what should I expect wednesday"
skill-ovos-weather.openvoiceos,"daily_forecast.intent","what should I expect wednesday in {location}"
skill-ovos-weather.openvoiceos,"daily_forecast.intent","what's the forecast for  tomorrow"
skill-ovos-weather.openvoiceos,"daily_forecast.intent","what's the forecast for  tomorrow in {location}"
skill-ovos-weather.openvoiceos,"daily_forecast.intent","what's the forecast for after tomorrow"
skill-ovos-weather.openvoiceos,"daily_forecast.intent","what's the forecast for after tomorrow in {location}"
skill-ovos-weather.openvoiceos,"daily_forecast.intent","what's the forecast for friday"
skill-ovos-weather.openvoiceos,"daily_forecast.intent","what's the forecast for friday in {location}"
skill-ovos-weather.openvoiceos,"daily_forecast.intent","what's the forecast for monday"
skill-ovos-weather.openvoiceos,"daily_forecast.intent","what's the forecast for monday in {location}"
skill-ovos-weather.openvoiceos,"daily_forecast.intent","what's the forecast for saturday"
skill-ovos-weather.openvoiceos,"daily_forecast.intent","what's the forecast for saturday in {location}"
skill-ovos-weather.openvoiceos,"daily_forecast.intent","what's the forecast for sunday"
skill-ovos-weather.openvoiceos,"daily_forecast.intent","what's the forecast for sunday in {location}"
skill-ovos-weather.openvoiceos,"daily_forecast.intent","what's the forecast for thursday"
skill-ovos-weather.openvoiceos,"daily_forecast.intent","what's the forecast for thursday in {location}"
skill-ovos-weather.openvoiceos,"daily_forecast.intent","what's the forecast for tuesday"
skill-ovos-weather.openvoiceos,"daily_forecast.intent","what's the forecast for tuesday in {location}"
skill-ovos-weather.openvoiceos,"daily_forecast.intent","what's the forecast for wednesday"
skill-ovos-weather.openvoiceos,"daily_forecast.intent","what's the forecast for wednesday in {location}"
skill-ovos-weather.openvoiceos,"daily_forecast.intent","what's the temperature forecast for  tomorrow"
skill-ovos-weather.openvoiceos,"daily_forecast.intent","what's the temperature forecast for  tomorrow in {location}"
skill-ovos-weather.openvoiceos,"daily_forecast.intent","what's the temperature forecast for after tomorrow"
skill-ovos-weather.openvoiceos,"daily_forecast.intent","what's the temperature forecast for after tomorrow in {location}"
skill-ovos-weather.openvoiceos,"daily_forecast.intent","what's the temperature forecast for friday"
skill-ovos-weather.openvoiceos,"daily_forecast.intent","what's the temperature forecast for friday in {location}"
skill-ovos-weather.openvoiceos,"daily_forecast.intent","what's the temperature forecast for monday"
skill-ovos-weather.openvoiceos,"daily_forecast.intent","what's the temperature forecast for monday in {location}"
skill-ovos-weather.openvoiceos,"daily_forecast.intent","what's the temperature forecast for saturday"
skill-ovos-weather.openvoiceos,"daily_forecast.intent","what's the temperature forecast for saturday in {location}"
skill-ovos-weather.openvoiceos,"daily_forecast.intent","what's the temperature forecast for sunday"
skill-ovos-weather.openvoiceos,"daily_forecast.intent","what's the temperature forecast for sunday in {location}"
skill-ovos-weather.openvoiceos,"daily_forecast.intent","what's the temperature forecast for thursday"
skill-ovos-weather.openvoiceos,"daily_forecast.intent","what's the temperature forecast for thursday in {location}"
skill-ovos-weather.openvoiceos,"daily_forecast.intent","what's the temperature forecast for tuesday"
skill-ovos-weather.openvoiceos,"daily_forecast.intent","what's the temperature forecast for tuesday in {location}"
skill-ovos-weather.openvoiceos,"daily_forecast.intent","what's the temperature forecast for wednesday"
skill-ovos-weather.openvoiceos,"daily_forecast.intent","what's the temperature forecast for wednesday in {location}"
skill-ovos-weather.openvoiceos,"daily_forecast.intent","will it rain on  tomorrow"
skill-ovos-weather.openvoiceos,"daily_forecast.intent","will it rain on  tomorrow in {location}"
skill-ovos-weather.openvoiceos,"daily_forecast.intent","will it rain on after tomorrow"
skill-ovos-weather.openvoiceos,"daily_forecast.intent","will it rain on after tomorrow in {location}"
skill-ovos-weather.openvoiceos,"daily_forecast.intent","will it rain on friday"
skill-ovos-weather.openvoiceos,"daily_forecast.intent","will it rain on friday in {location}"
skill-ovos-weather.openvoiceos,"daily_forecast.intent","will it rain on monday"
skill-ovos-weather.openvoiceos,"daily_forecast.intent","will it rain on monday in {location}"
skill-ovos-weather.openvoiceos,"daily_forecast.intent","will it rain on saturday"
skill-ovos-weather.openvoiceos,"daily_forecast.intent","will it rain on saturday in {location}"
skill-ovos-weather.openvoiceos,"daily_forecast.intent","will it rain on sunday"
skill-ovos-weather.openvoiceos,"daily_forecast.intent","will it rain on sunday in {location}"
skill-ovos-weather.openvoiceos,"daily_forecast.intent","will it rain on thursday"
skill-ovos-weather.openvoiceos,"daily_forecast.intent","will it rain on thursday in {location}"
skill-ovos-weather.openvoiceos,"daily_forecast.intent","will it rain on tuesday"
skill-ovos-weather.openvoiceos,"daily_forecast.intent","will it rain on tuesday in {location}"
skill-ovos-weather.openvoiceos,"daily_forecast.intent","will it rain on wednesday"
skill-ovos-weather.openvoiceos,"daily_forecast.intent","will it rain on wednesday in {location}"
skill-ovos-weather.openvoiceos,"daily_forecast.intent","will it snow on  tomorrow"
skill-ovos-weather.openvoiceos,"daily_forecast.intent","will it snow on  tomorrow in {location}"
skill-ovos-weather.openvoiceos,"daily_forecast.intent","will it snow on after tomorrow"
skill-ovos-weather.openvoiceos,"daily_forecast.intent","will it snow on after tomorrow in {location}"
skill-ovos-weather.openvoiceos,"daily_forecast.intent","will it snow on friday"
skill-ovos-weather.openvoiceos,"daily_forecast.intent","will it snow on friday in {location}"
skill-ovos-weather.openvoiceos,"daily_forecast.intent","will it snow on monday"
skill-ovos-weather.openvoiceos,"daily_forecast.intent","will it snow on monday in {location}"
skill-ovos-weather.openvoiceos,"daily_forecast.intent","will it snow on saturday"
skill-ovos-weather.openvoiceos,"daily_forecast.intent","will it snow on saturday in {location}"
skill-ovos-weather.openvoiceos,"daily_forecast.intent","will it snow on sunday"
skill-ovos-weather.openvoiceos,"daily_forecast.intent","will it snow on sunday in {location}"
skill-ovos-weather.openvoiceos,"daily_forecast.intent","will it snow on thursday"
skill-ovos-weather.openvoiceos,"daily_forecast.intent","will it snow on thursday in {location}"
skill-ovos-weather.openvoiceos,"daily_forecast.intent","will it snow on tuesday"
skill-ovos-weather.openvoiceos,"daily_forecast.intent","will it snow on tuesday in {location}"
skill-ovos-weather.openvoiceos,"daily_forecast.intent","will it snow on wednesday"
skill-ovos-weather.openvoiceos,"daily_forecast.intent","will it snow on wednesday in {location}"
skill-ovos-weather.openvoiceos,"daily_forecast.intent","will it storm on  tomorrow"
skill-ovos-weather.openvoiceos,"daily_forecast.intent","will it storm on  tomorrow in {location}"
skill-ovos-weather.openvoiceos,"daily_forecast.intent","will it storm on after tomorrow"
skill-ovos-weather.openvoiceos,"daily_forecast.intent","will it storm on after tomorrow in {location}"
skill-ovos-weather.openvoiceos,"daily_forecast.intent","will it storm on friday"
skill-ovos-weather.openvoiceos,"daily_forecast.intent","will it storm on friday in {location}"
skill-ovos-weather.openvoiceos,"daily_forecast.intent","will it storm on monday"
skill-ovos-weather.openvoiceos,"daily_forecast.intent","will it storm on monday in {location}"
skill-ovos-weather.openvoiceos,"daily_forecast.intent","will it storm on saturday"
skill-ovos-weather.openvoiceos,"daily_forecast.intent","will it storm on saturday in {location}"
skill-ovos-weather.openvoiceos,"daily_forecast.intent","will it storm on sunday"
skill-ovos-weather.openvoiceos,"daily_forecast.intent","will it storm on sunday in {location}"
skill-ovos-weather.openvoiceos,"daily_forecast.intent","will it storm on thursday"
skill-ovos-weather.openvoiceos,"daily_forecast.intent","will it storm on thursday in {location}"
skill-ovos-weather.openvoiceos,"daily_forecast.intent","will it storm on tuesday"
skill-ovos-weather.openvoiceos,"daily_forecast.intent","will it storm on tuesday in {location}"
skill-ovos-weather.openvoiceos,"daily_forecast.intent","will it storm on wednesday"
skill-ovos-weather.openvoiceos,"daily_forecast.intent","will it storm on wednesday in {location}"
skill-ovos-weather.openvoiceos,"hourly_temperature.intent","What is the temperature friday morning"
skill-ovos-weather.openvoiceos,"hourly_temperature.intent","What is the temperature friday night"
skill-ovos-weather.openvoiceos,"hourly_temperature.intent","What is the temperature monday morning"
skill-ovos-weather.openvoiceos,"hourly_temperature.intent","What is the temperature monday night"
skill-ovos-weather.openvoiceos,"hourly_temperature.intent","What is the temperature saturday morning"
skill-ovos-weather.openvoiceos,"hourly_temperature.intent","What is the temperature saturday night"
skill-ovos-weather.openvoiceos,"hourly_temperature.intent","What is the temperature sunday morning"
skill-ovos-weather.openvoiceos,"hourly_temperature.intent","What is the temperature sunday night"
skill-ovos-weather.openvoiceos,"hourly_temperature.intent","What is the temperature thursday morning"
skill-ovos-weather.openvoiceos,"hourly_temperature.intent","What is the temperature thursday night"
skill-ovos-weather.openvoiceos,"hourly_temperature.intent","What is the temperature tomorrow morning"
skill-ovos-weather.openvoiceos,"hourly_temperature.intent","What is the temperature tomorrow night"
skill-ovos-weather.openvoiceos,"hourly_temperature.intent","What is the temperature tonight"
skill-ovos-weather.openvoiceos,"hourly_temperature.intent","What is the temperature tonight in {location}"
skill-ovos-weather.openvoiceos,"hourly_temperature.intent","What is the temperature tuesday morning"
skill-ovos-weather.openvoiceos,"hourly_temperature.intent","What is the temperature tuesday night"
skill-ovos-weather.openvoiceos,"hourly_temperature.intent","What is the temperature wednesday morning"
skill-ovos-weather.openvoiceos,"hourly_temperature.intent","What is the temperature wednesday night"
skill-ovos-weather.openvoiceos,"hourly_temperature.intent","how cold will it be"
skill-ovos-weather.openvoiceos,"hourly_temperature.intent","how cold will it be this evening"
skill-ovos-weather.openvoiceos,"hourly_temperature.intent","how cold will it be today"
skill-ovos-weather.openvoiceos,"hourly_temperature.intent","how cold will it be tonight"
skill-ovos-weather.openvoiceos,"hourly_temperature.intent","how hot will it be"
skill-ovos-weather.openvoiceos,"hourly_temperature.intent","how hot will it be this evening"
skill-ovos-weather.openvoiceos,"hourly_temperature.intent","how hot will it be today"
skill-ovos-weather.openvoiceos,"hourly_temperature.intent","how hot will it be tonight"
skill-ovos-weather.openvoiceos,"hourly_temperature.intent","how warm will it be this morning"
skill-ovos-weather.openvoiceos,"hourly_temperature.intent","how warm will it be this morning in {location}"
skill-ovos-weather.openvoiceos,"hourly_temperature.intent","how warm will it be tonight"
skill-ovos-weather.openvoiceos,"hourly_temperature.intent","how warm will it be tonight in {location}"
skill-ovos-weather.openvoiceos,"hourly_temperature.intent","is it expected to be scorching tomorrow afternoon"
skill-ovos-weather.openvoiceos,"hourly_temperature.intent","is it expected to be scorching tomorrow afternoon in {location}"
skill-ovos-weather.openvoiceos,"hourly_temperature.intent","is it going to be cold"
skill-ovos-weather.openvoiceos,"hourly_temperature.intent","is it going to be cold this evening"
skill-ovos-weather.openvoiceos,"hourly_temperature.intent","is it going to be cold today"
skill-ovos-weather.openvoiceos,"hourly_temperature.intent","is it going to be cold tonight"
skill-ovos-weather.openvoiceos,"hourly_temperature.intent","is it going to be hot"
skill-ovos-weather.openvoiceos,"hourly_temperature.intent","is it going to be hot this evening"
skill-ovos-weather.openvoiceos,"hourly_temperature.intent","is it going to be hot today"
skill-ovos-weather.openvoiceos,"hourly_temperature.intent","is it going to be hot tonight"
skill-ovos-weather.openvoiceos,"hourly_temperature.intent","temperature forecast for tomorrow morning"
skill-ovos-weather.openvoiceos,"hourly_temperature.intent","temperature forecast for tonight"
skill-ovos-weather.openvoiceos,"hourly_temperature.intent","what's the temperature at 1 am friday"
skill-ovos-weather.openvoiceos,"hourly_temperature.intent","what's the temperature at 1 am friday in {location}"
skill-ovos-weather.openvoiceos,"hourly_temperature.intent","what's the temperature at 1 am monday"
skill-ovos-weather.openvoiceos,"hourly_temperature.intent","what's the temperature at 1 am monday in {location}"
skill-ovos-weather.openvoiceos,"hourly_temperature.intent","what's the temperature at 1 am saturday"
skill-ovos-weather.openvoiceos,"hourly_temperature.intent","what's the temperature at 1 am saturday in {location}"
skill-ovos-weather.openvoiceos,"hourly_temperature.intent","what's the temperature at 1 am sunday"
skill-ovos-weather.openvoiceos,"hourly_temperature.intent","what's the temperature at 1 am sunday in {location}"
skill-ovos-weather.openvoiceos,"hourly_temperature.intent","what's the temperature at 1 am thursday"
skill-ovos-weather.openvoiceos,"hourly_temperature.intent","what's the temperature at 1 am thursday in {location}"
skill-ovos-weather.openvoiceos,"hourly_temperature.intent","what's the temperature at 1 am tomorrow"
skill-ovos-weather.openvoiceos,"hourly_temperature.intent","what's the temperature at 1 am tomorrow in {location}"
skill-ovos-weather.openvoiceos,"hourly_temperature.intent","what's the temperature at 1 am tuesday"
skill-ovos-weather.openvoiceos,"hourly_temperature.intent","what's the temperature at 1 am tuesday in {location}"
skill-ovos-weather.openvoiceos,"hourly_temperature.intent","what's the temperature at 1 am wednesday"
skill-ovos-weather.openvoiceos,"hourly_temperature.intent","what's the temperature at 1 am wednesday in {location}"
skill-ovos-weather.openvoiceos,"hourly_temperature.intent","what's the temperature at 1 pm friday"
skill-ovos-weather.openvoiceos,"hourly_temperature.intent","what's the temperature at 1 pm friday in {location}"
skill-ovos-weather.openvoiceos,"hourly_temperature.intent","what's the temperature at 1 pm monday"
skill-ovos-weather.openvoiceos,"hourly_temperature.intent","what's the temperature at 1 pm monday in {location}"
skill-ovos-weather.openvoiceos,"hourly_temperature.intent","what's the temperature at 1 pm saturday"
skill-ovos-weather.openvoiceos,"hourly_temperature.intent","what's the temperature at 1 pm saturday in {location}"
skill-ovos-weather.openvoiceos,"hourly_temperature.intent","what's the temperature at 1 pm sunday"
skill-ovos-weather.openvoiceos,"hourly_temperature.intent","what's the temperature at 1 pm sunday in {location}"
skill-ovos-weather.openvoiceos,"hourly_temperature.intent","what's the temperature at 1 pm thursday"
skill-ovos-weather.openvoiceos,"hourly_temperature.intent","what's the temperature at 1 pm thursday in {location}"
skill-ovos-weather.openvoiceos,"hourly_temperature.intent","what's the temperature at 1 pm tomorrow"
skill-ovos-weather.openvoiceos,"hourly_temperature.intent","what's the temperature at 1 pm tomorrow in {location}"
skill-ovos-weather.openvoiceos,"hourly_temperature.intent","what's the temperature at 1 pm tuesday"
skill-ovos-weather.openvoiceos,"hourly_temperature.intent","what's the temperature at 1 pm tuesday in {location}"
skill-ovos-weather.openvoiceos,"hourly_temperature.intent","what's the temperature at 1 pm wednesday"
skill-ovos-weather.openvoiceos,"hourly_temperature.intent","what's the temperature at 1 pm wednesday in {location}"
skill-ovos-weather.openvoiceos,"hourly_temperature.intent","what's the temperature at 10 am friday"
skill-ovos-weather.openvoiceos,"hourly_temperature.intent","what's the temperature at 10 am friday in {location}"
skill-ovos-weather.openvoiceos,"hourly_temperature.intent","what's the temperature at 10 am monday"
skill-ovos-weather.openvoiceos,"hourly_temperature.intent","what's the temperature at 10 am monday in {location}"
skill-ovos-weather.openvoiceos,"hourly_temperature.intent","what's the temperature at 10 am saturday"
skill-ovos-weather.openvoiceos,"hourly_temperature.intent","what's the temperature at 10 am saturday in {location}"
skill-ovos-weather.openvoiceos,"hourly_temperature.intent","what's the temperature at 10 am sunday"
skill-ovos-weather.openvoiceos,"hourly_temperature.intent","what's the temperature at 10 am sunday in {location}"
skill-ovos-weather.openvoiceos,"hourly_temperature.intent","what's the temperature at 10 am thursday"
skill-ovos-weather.openvoiceos,"hourly_temperature.intent","what's the temperature at 10 am thursday in {location}"
skill-ovos-weather.openvoiceos,"hourly_temperature.intent","what's the temperature at 10 am tomorrow"
skill-ovos-weather.openvoiceos,"hourly_temperature.intent","what's the temperature at 10 am tomorrow in {location}"
skill-ovos-weather.openvoiceos,"hourly_temperature.intent","what's the temperature at 10 am tuesday"
skill-ovos-weather.openvoiceos,"hourly_temperature.intent","what's the temperature at 10 am tuesday in {location}"
skill-ovos-weather.openvoiceos,"hourly_temperature.intent","what's the temperature at 10 am wednesday"
skill-ovos-weather.openvoiceos,"hourly_temperature.intent","what's the temperature at 10 am wednesday in {location}"
skill-ovos-weather.openvoiceos,"hourly_temperature.intent","what's the temperature at 10 pm friday"
skill-ovos-weather.openvoiceos,"hourly_temperature.intent","what's the temperature at 10 pm friday in {location}"
skill-ovos-weather.openvoiceos,"hourly_temperature.intent","what's the temperature at 10 pm monday"
skill-ovos-weather.openvoiceos,"hourly_temperature.intent","what's the temperature at 10 pm monday in {location}"
skill-ovos-weather.openvoiceos,"hourly_temperature.intent","what's the temperature at 10 pm saturday"
skill-ovos-weather.openvoiceos,"hourly_temperature.intent","what's the temperature at 10 pm saturday in {location}"
skill-ovos-weather.openvoiceos,"hourly_temperature.intent","what's the temperature at 10 pm sunday"
skill-ovos-weather.openvoiceos,"hourly_temperature.intent","what's the temperature at 10 pm sunday in {location}"
skill-ovos-weather.openvoiceos,"hourly_temperature.intent","what's the temperature at 10 pm thursday"
skill-ovos-weather.openvoiceos,"hourly_temperature.intent","what's the temperature at 10 pm thursday in {location}"
skill-ovos-weather.openvoiceos,"hourly_temperature.intent","what's the temperature at 10 pm tomorrow"
skill-ovos-weather.openvoiceos,"hourly_temperature.intent","what's the temperature at 10 pm tomorrow in {location}"
skill-ovos-weather.openvoiceos,"hourly_temperature.intent","what's the temperature at 10 pm tuesday"
skill-ovos-weather.openvoiceos,"hourly_temperature.intent","what's the temperature at 10 pm tuesday in {location}"
skill-ovos-weather.openvoiceos,"hourly_temperature.intent","what's the temperature at 10 pm wednesday"
skill-ovos-weather.openvoiceos,"hourly_temperature.intent","what's the temperature at 10 pm wednesday in {location}"
skill-ovos-weather.openvoiceos,"hourly_temperature.intent","what's the temperature at 11 am friday"
skill-ovos-weather.openvoiceos,"hourly_temperature.intent","what's the temperature at 11 am friday in {location}"
skill-ovos-weather.openvoiceos,"hourly_temperature.intent","what's the temperature at 11 am monday"
skill-ovos-weather.openvoiceos,"hourly_temperature.intent","what's the temperature at 11 am monday in {location}"
skill-ovos-weather.openvoiceos,"hourly_temperature.intent","what's the temperature at 11 am saturday"
skill-ovos-weather.openvoiceos,"hourly_temperature.intent","what's the temperature at 11 am saturday in {location}"
skill-ovos-weather.openvoiceos,"hourly_temperature.intent","what's the temperature at 11 am sunday"
skill-ovos-weather.openvoiceos,"hourly_temperature.intent","what's the temperature at 11 am sunday in {location}"
skill-ovos-weather.openvoiceos,"hourly_temperature.intent","what's the temperature at 11 am thursday"
skill-ovos-weather.openvoiceos,"hourly_temperature.intent","what's the temperature at 11 am thursday in {location}"
skill-ovos-weather.openvoiceos,"hourly_temperature.intent","what's the temperature at 11 am tomorrow"
skill-ovos-weather.openvoiceos,"hourly_temperature.intent","what's the temperature at 11 am tomorrow in {location}"
skill-ovos-weather.openvoiceos,"hourly_temperature.intent","what's the temperature at 11 am tuesday"
skill-ovos-weather.openvoiceos,"hourly_temperature.intent","what's the temperature at 11 am tuesday in {location}"
skill-ovos-weather.openvoiceos,"hourly_temperature.intent","what's the temperature at 11 am wednesday"
skill-ovos-weather.openvoiceos,"hourly_temperature.intent","what's the temperature at 11 am wednesday in {location}"
skill-ovos-weather.openvoiceos,"hourly_temperature.intent","what's the temperature at 11 pm friday"
skill-ovos-weather.openvoiceos,"hourly_temperature.intent","what's the temperature at 11 pm friday in {location}"
skill-ovos-weather.openvoiceos,"hourly_temperature.intent","what's the temperature at 11 pm monday"
skill-ovos-weather.openvoiceos,"hourly_temperature.intent","what's the temperature at 11 pm monday in {location}"
skill-ovos-weather.openvoiceos,"hourly_temperature.intent","what's the temperature at 11 pm saturday"
skill-ovos-weather.openvoiceos,"hourly_temperature.intent","what's the temperature at 11 pm saturday in {location}"
skill-ovos-weather.openvoiceos,"hourly_temperature.intent","what's the temperature at 11 pm sunday"
skill-ovos-weather.openvoiceos,"hourly_temperature.intent","what's the temperature at 11 pm sunday in {location}"
skill-ovos-weather.openvoiceos,"hourly_temperature.intent","what's the temperature at 11 pm thursday"
skill-ovos-weather.openvoiceos,"hourly_temperature.intent","what's the temperature at 11 pm thursday in {location}"
skill-ovos-weather.openvoiceos,"hourly_temperature.intent","what's the temperature at 11 pm tomorrow"
skill-ovos-weather.openvoiceos,"hourly_temperature.intent","what's the temperature at 11 pm tomorrow in {location}"
skill-ovos-weather.openvoiceos,"hourly_temperature.intent","what's the temperature at 11 pm tuesday"
skill-ovos-weather.openvoiceos,"hourly_temperature.intent","what's the temperature at 11 pm tuesday in {location}"
skill-ovos-weather.openvoiceos,"hourly_temperature.intent","what's the temperature at 11 pm wednesday"
skill-ovos-weather.openvoiceos,"hourly_temperature.intent","what's the temperature at 11 pm wednesday in {location}"
skill-ovos-weather.openvoiceos,"hourly_temperature.intent","what's the temperature at 12 am friday"
skill-ovos-weather.openvoiceos,"hourly_temperature.intent","what's the temperature at 12 am friday in {location}"
skill-ovos-weather.openvoiceos,"hourly_temperature.intent","what's the temperature at 12 am monday"
skill-ovos-weather.openvoiceos,"hourly_temperature.intent","what's the temperature at 12 am monday in {location}"
skill-ovos-weather.openvoiceos,"hourly_temperature.intent","what's the temperature at 12 am saturday"
skill-ovos-weather.openvoiceos,"hourly_temperature.intent","what's the temperature at 12 am saturday in {location}"
skill-ovos-weather.openvoiceos,"hourly_temperature.intent","what's the temperature at 12 am sunday"
skill-ovos-weather.openvoiceos,"hourly_temperature.intent","what's the temperature at 12 am sunday in {location}"
skill-ovos-weather.openvoiceos,"hourly_temperature.intent","what's the temperature at 12 am thursday"
skill-ovos-weather.openvoiceos,"hourly_temperature.intent","what's the temperature at 12 am thursday in {location}"
skill-ovos-weather.openvoiceos,"hourly_temperature.intent","what's the temperature at 12 am tomorrow"
skill-ovos-weather.openvoiceos,"hourly_temperature.intent","what's the temperature at 12 am tomorrow in {location}"
skill-ovos-weather.openvoiceos,"hourly_temperature.intent","what's the temperature at 12 am tuesday"
skill-ovos-weather.openvoiceos,"hourly_temperature.intent","what's the temperature at 12 am tuesday in {location}"
skill-ovos-weather.openvoiceos,"hourly_temperature.intent","what's the temperature at 12 am wednesday"
skill-ovos-weather.openvoiceos,"hourly_temperature.intent","what's the temperature at 12 am wednesday in {location}"
skill-ovos-weather.openvoiceos,"hourly_temperature.intent","what's the temperature at 12 pm friday"
skill-ovos-weather.openvoiceos,"hourly_temperature.intent","what's the temperature at 12 pm friday in {location}"
skill-ovos-weather.openvoiceos,"hourly_temperature.intent","what's the temperature at 12 pm monday"
skill-ovos-weather.openvoiceos,"hourly_temperature.intent","what's the temperature at 12 pm monday in {location}"
skill-ovos-weather.openvoiceos,"hourly_temperature.intent","what's the temperature at 12 pm saturday"
skill-ovos-weather.openvoiceos,"hourly_temperature.intent","what's the temperature at 12 pm saturday in {location}"
skill-ovos-weather.openvoiceos,"hourly_temperature.intent","what's the temperature at 12 pm sunday"
skill-ovos-weather.openvoiceos,"hourly_temperature.intent","what's the temperature at 12 pm sunday in {location}"
skill-ovos-weather.openvoiceos,"hourly_temperature.intent","what's the temperature at 12 pm thursday"
skill-ovos-weather.openvoiceos,"hourly_temperature.intent","what's the temperature at 12 pm thursday in {location}"
skill-ovos-weather.openvoiceos,"hourly_temperature.intent","what's the temperature at 12 pm tomorrow"
skill-ovos-weather.openvoiceos,"hourly_temperature.intent","what's the temperature at 12 pm tomorrow in {location}"
skill-ovos-weather.openvoiceos,"hourly_temperature.intent","what's the temperature at 12 pm tuesday"
skill-ovos-weather.openvoiceos,"hourly_temperature.intent","what's the temperature at 12 pm tuesday in {location}"
skill-ovos-weather.openvoiceos,"hourly_temperature.intent","what's the temperature at 12 pm wednesday"
skill-ovos-weather.openvoiceos,"hourly_temperature.intent","what's the temperature at 12 pm wednesday in {location}"
skill-ovos-weather.openvoiceos,"hourly_temperature.intent","what's the temperature at 2 am friday"
skill-ovos-weather.openvoiceos,"hourly_temperature.intent","what's the temperature at 2 am friday in {location}"
skill-ovos-weather.openvoiceos,"hourly_temperature.intent","what's the temperature at 2 am monday"
skill-ovos-weather.openvoiceos,"hourly_temperature.intent","what's the temperature at 2 am monday in {location}"
skill-ovos-weather.openvoiceos,"hourly_temperature.intent","what's the temperature at 2 am saturday"
skill-ovos-weather.openvoiceos,"hourly_temperature.intent","what's the temperature at 2 am saturday in {location}"
skill-ovos-weather.openvoiceos,"hourly_temperature.intent","what's the temperature at 2 am sunday"
skill-ovos-weather.openvoiceos,"hourly_temperature.intent","what's the temperature at 2 am sunday in {location}"
skill-ovos-weather.openvoiceos,"hourly_temperature.intent","what's the temperature at 2 am thursday"
skill-ovos-weather.openvoiceos,"hourly_temperature.intent","what's the temperature at 2 am thursday in {location}"
skill-ovos-weather.openvoiceos,"hourly_temperature.intent","what's the temperature at 2 am tomorrow"
skill-ovos-weather.openvoiceos,"hourly_temperature.intent","what's the temperature at 2 am tomorrow in {location}"
skill-ovos-weather.openvoiceos,"hourly_temperature.intent","what's the temperature at 2 am tuesday"
skill-ovos-weather.openvoiceos,"hourly_temperature.intent","what's the temperature at 2 am tuesday in {location}"
skill-ovos-weather.openvoiceos,"hourly_temperature.intent","what's the temperature at 2 am wednesday"
skill-ovos-weather.openvoiceos,"hourly_temperature.intent","what's the temperature at 2 am wednesday in {location}"
skill-ovos-weather.openvoiceos,"hourly_temperature.intent","what's the temperature at 2 pm friday"
skill-ovos-weather.openvoiceos,"hourly_temperature.intent","what's the temperature at 2 pm friday in {location}"
skill-ovos-weather.openvoiceos,"hourly_temperature.intent","what's the temperature at 2 pm monday"
skill-ovos-weather.openvoiceos,"hourly_temperature.intent","what's the temperature at 2 pm monday in {location}"
skill-ovos-weather.openvoiceos,"hourly_temperature.intent","what's the temperature at 2 pm saturday"
skill-ovos-weather.openvoiceos,"hourly_temperature.intent","what's the temperature at 2 pm saturday in {location}"
skill-ovos-weather.openvoiceos,"hourly_temperature.intent","what's the temperature at 2 pm sunday"
skill-ovos-weather.openvoiceos,"hourly_temperature.intent","what's the temperature at 2 pm sunday in {location}"
skill-ovos-weather.openvoiceos,"hourly_temperature.intent","what's the temperature at 2 pm thursday"
skill-ovos-weather.openvoiceos,"hourly_temperature.intent","what's the temperature at 2 pm thursday in {location}"
skill-ovos-weather.openvoiceos,"hourly_temperature.intent","what's the temperature at 2 pm tomorrow"
skill-ovos-weather.openvoiceos,"hourly_temperature.intent","what's the temperature at 2 pm tomorrow in {location}"
skill-ovos-weather.openvoiceos,"hourly_temperature.intent","what's the temperature at 2 pm tuesday"
skill-ovos-weather.openvoiceos,"hourly_temperature.intent","what's the temperature at 2 pm tuesday in {location}"
skill-ovos-weather.openvoiceos,"hourly_temperature.intent","what's the temperature at 2 pm wednesday"
skill-ovos-weather.openvoiceos,"hourly_temperature.intent","what's the temperature at 2 pm wednesday in {location}"
skill-ovos-weather.openvoiceos,"hourly_temperature.intent","what's the temperature at 3 am friday"
skill-ovos-weather.openvoiceos,"hourly_temperature.intent","what's the temperature at 3 am friday in {location}"
skill-ovos-weather.openvoiceos,"hourly_temperature.intent","what's the temperature at 3 am monday"
skill-ovos-weather.openvoiceos,"hourly_temperature.intent","what's the temperature at 3 am monday in {location}"
skill-ovos-weather.openvoiceos,"hourly_temperature.intent","what's the temperature at 3 am saturday"
skill-ovos-weather.openvoiceos,"hourly_temperature.intent","what's the temperature at 3 am saturday in {location}"
skill-ovos-weather.openvoiceos,"hourly_temperature.intent","what's the temperature at 3 am sunday"
skill-ovos-weather.openvoiceos,"hourly_temperature.intent","what's the temperature at 3 am sunday in {location}"
skill-ovos-weather.openvoiceos,"hourly_temperature.intent","what's the temperature at 3 am thursday"
skill-ovos-weather.openvoiceos,"hourly_temperature.intent","what's the temperature at 3 am thursday in {location}"
skill-ovos-weather.openvoiceos,"hourly_temperature.intent","what's the temperature at 3 am tomorrow"
skill-ovos-weather.openvoiceos,"hourly_temperature.intent","what's the temperature at 3 am tomorrow in {location}"
skill-ovos-weather.openvoiceos,"hourly_temperature.intent","what's the temperature at 3 am tuesday"
skill-ovos-weather.openvoiceos,"hourly_temperature.intent","what's the temperature at 3 am tuesday in {location}"
skill-ovos-weather.openvoiceos,"hourly_temperature.intent","what's the temperature at 3 am wednesday"
skill-ovos-weather.openvoiceos,"hourly_temperature.intent","what's the temperature at 3 am wednesday in {location}"
skill-ovos-weather.openvoiceos,"hourly_temperature.intent","what's the temperature at 3 pm friday"
skill-ovos-weather.openvoiceos,"hourly_temperature.intent","what's the temperature at 3 pm friday in {location}"
skill-ovos-weather.openvoiceos,"hourly_temperature.intent","what's the temperature at 3 pm monday"
skill-ovos-weather.openvoiceos,"hourly_temperature.intent","what's the temperature at 3 pm monday in {location}"
skill-ovos-weather.openvoiceos,"hourly_temperature.intent","what's the temperature at 3 pm saturday"
skill-ovos-weather.openvoiceos,"hourly_temperature.intent","what's the temperature at 3 pm saturday in {location}"
skill-ovos-weather.openvoiceos,"hourly_temperature.intent","what's the temperature at 3 pm sunday"
skill-ovos-weather.openvoiceos,"hourly_temperature.intent","what's the temperature at 3 pm sunday in {location}"
skill-ovos-weather.openvoiceos,"hourly_temperature.intent","what's the temperature at 3 pm thursday"
skill-ovos-weather.openvoiceos,"hourly_temperature.intent","what's the temperature at 3 pm thursday in {location}"
skill-ovos-weather.openvoiceos,"hourly_temperature.intent","what's the temperature at 3 pm tomorrow"
skill-ovos-weather.openvoiceos,"hourly_temperature.intent","what's the temperature at 3 pm tomorrow in {location}"
skill-ovos-weather.openvoiceos,"hourly_temperature.intent","what's the temperature at 3 pm tuesday"
skill-ovos-weather.openvoiceos,"hourly_temperature.intent","what's the temperature at 3 pm tuesday in {location}"
skill-ovos-weather.openvoiceos,"hourly_temperature.intent","what's the temperature at 3 pm wednesday"
skill-ovos-weather.openvoiceos,"hourly_temperature.intent","what's the temperature at 3 pm wednesday in {location}"
skill-ovos-weather.openvoiceos,"hourly_temperature.intent","what's the temperature at 4 am friday"
skill-ovos-weather.openvoiceos,"hourly_temperature.intent","what's the temperature at 4 am friday in {location}"
skill-ovos-weather.openvoiceos,"hourly_temperature.intent","what's the temperature at 4 am monday"
skill-ovos-weather.openvoiceos,"hourly_temperature.intent","what's the temperature at 4 am monday in {location}"
skill-ovos-weather.openvoiceos,"hourly_temperature.intent","what's the temperature at 4 am saturday"
skill-ovos-weather.openvoiceos,"hourly_temperature.intent","what's the temperature at 4 am saturday in {location}"
skill-ovos-weather.openvoiceos,"hourly_temperature.intent","what's the temperature at 4 am sunday"
skill-ovos-weather.openvoiceos,"hourly_temperature.intent","what's the temperature at 4 am sunday in {location}"
skill-ovos-weather.openvoiceos,"hourly_temperature.intent","what's the temperature at 4 am thursday"
skill-ovos-weather.openvoiceos,"hourly_temperature.intent","what's the temperature at 4 am thursday in {location}"
skill-ovos-weather.openvoiceos,"hourly_temperature.intent","what's the temperature at 4 am tomorrow"
skill-ovos-weather.openvoiceos,"hourly_temperature.intent","what's the temperature at 4 am tomorrow in {location}"
skill-ovos-weather.openvoiceos,"hourly_temperature.intent","what's the temperature at 4 am tuesday"
skill-ovos-weather.openvoiceos,"hourly_temperature.intent","what's the temperature at 4 am tuesday in {location}"
skill-ovos-weather.openvoiceos,"hourly_temperature.intent","what's the temperature at 4 am wednesday"
skill-ovos-weather.openvoiceos,"hourly_temperature.intent","what's the temperature at 4 am wednesday in {location}"
skill-ovos-weather.openvoiceos,"hourly_temperature.intent","what's the temperature at 4 pm friday"
skill-ovos-weather.openvoiceos,"hourly_temperature.intent","what's the temperature at 4 pm friday in {location}"
skill-ovos-weather.openvoiceos,"hourly_temperature.intent","what's the temperature at 4 pm monday"
skill-ovos-weather.openvoiceos,"hourly_temperature.intent","what's the temperature at 4 pm monday in {location}"
skill-ovos-weather.openvoiceos,"hourly_temperature.intent","what's the temperature at 4 pm saturday"
skill-ovos-weather.openvoiceos,"hourly_temperature.intent","what's the temperature at 4 pm saturday in {location}"
skill-ovos-weather.openvoiceos,"hourly_temperature.intent","what's the temperature at 4 pm sunday"
skill-ovos-weather.openvoiceos,"hourly_temperature.intent","what's the temperature at 4 pm sunday in {location}"
skill-ovos-weather.openvoiceos,"hourly_temperature.intent","what's the temperature at 4 pm thursday"
skill-ovos-weather.openvoiceos,"hourly_temperature.intent","what's the temperature at 4 pm thursday in {location}"
skill-ovos-weather.openvoiceos,"hourly_temperature.intent","what's the temperature at 4 pm tomorrow"
skill-ovos-weather.openvoiceos,"hourly_temperature.intent","what's the temperature at 4 pm tomorrow in {location}"
skill-ovos-weather.openvoiceos,"hourly_temperature.intent","what's the temperature at 4 pm tuesday"
skill-ovos-weather.openvoiceos,"hourly_temperature.intent","what's the temperature at 4 pm tuesday in {location}"
skill-ovos-weather.openvoiceos,"hourly_temperature.intent","what's the temperature at 4 pm wednesday"
skill-ovos-weather.openvoiceos,"hourly_temperature.intent","what's the temperature at 4 pm wednesday in {location}"
skill-ovos-weather.openvoiceos,"hourly_temperature.intent","what's the temperature at 5 am friday"
skill-ovos-weather.openvoiceos,"hourly_temperature.intent","what's the temperature at 5 am friday in {location}"
skill-ovos-weather.openvoiceos,"hourly_temperature.intent","what's the temperature at 5 am monday"
skill-ovos-weather.openvoiceos,"hourly_temperature.intent","what's the temperature at 5 am monday in {location}"
skill-ovos-weather.openvoiceos,"hourly_temperature.intent","what's the temperature at 5 am saturday"
skill-ovos-weather.openvoiceos,"hourly_temperature.intent","what's the temperature at 5 am saturday in {location}"
skill-ovos-weather.openvoiceos,"hourly_temperature.intent","what's the temperature at 5 am sunday"
skill-ovos-weather.openvoiceos,"hourly_temperature.intent","what's the temperature at 5 am sunday in {location}"
skill-ovos-weather.openvoiceos,"hourly_temperature.intent","what's the temperature at 5 am thursday"
skill-ovos-weather.openvoiceos,"hourly_temperature.intent","what's the temperature at 5 am thursday in {location}"
skill-ovos-weather.openvoiceos,"hourly_temperature.intent","what's the temperature at 5 am tomorrow"
skill-ovos-weather.openvoiceos,"hourly_temperature.intent","what's the temperature at 5 am tomorrow in {location}"
skill-ovos-weather.openvoiceos,"hourly_temperature.intent","what's the temperature at 5 am tuesday"
skill-ovos-weather.openvoiceos,"hourly_temperature.intent","what's the temperature at 5 am tuesday in {location}"
skill-ovos-weather.openvoiceos,"hourly_temperature.intent","what's the temperature at 5 am wednesday"
skill-ovos-weather.openvoiceos,"hourly_temperature.intent","what's the temperature at 5 am wednesday in {location}"
skill-ovos-weather.openvoiceos,"hourly_temperature.intent","what's the temperature at 5 pm friday"
skill-ovos-weather.openvoiceos,"hourly_temperature.intent","what's the temperature at 5 pm friday in {location}"
skill-ovos-weather.openvoiceos,"hourly_temperature.intent","what's the temperature at 5 pm monday"
skill-ovos-weather.openvoiceos,"hourly_temperature.intent","what's the temperature at 5 pm monday in {location}"
skill-ovos-weather.openvoiceos,"hourly_temperature.intent","what's the temperature at 5 pm saturday"
skill-ovos-weather.openvoiceos,"hourly_temperature.intent","what's the temperature at 5 pm saturday in {location}"
skill-ovos-weather.openvoiceos,"hourly_temperature.intent","what's the temperature at 5 pm sunday"
skill-ovos-weather.openvoiceos,"hourly_temperature.intent","what's the temperature at 5 pm sunday in {location}"
skill-ovos-weather.openvoiceos,"hourly_temperature.intent","what's the temperature at 5 pm thursday"
skill-ovos-weather.openvoiceos,"hourly_temperature.intent","what's the temperature at 5 pm thursday in {location}"
skill-ovos-weather.openvoiceos,"hourly_temperature.intent","what's the temperature at 5 pm tomorrow"
skill-ovos-weather.openvoiceos,"hourly_temperature.intent","what's the temperature at 5 pm tomorrow in {location}"
skill-ovos-weather.openvoiceos,"hourly_temperature.intent","what's the temperature at 5 pm tuesday"
skill-ovos-weather.openvoiceos,"hourly_temperature.intent","what's the temperature at 5 pm tuesday in {location}"
skill-ovos-weather.openvoiceos,"hourly_temperature.intent","what's the temperature at 5 pm wednesday"
skill-ovos-weather.openvoiceos,"hourly_temperature.intent","what's the temperature at 5 pm wednesday in {location}"
skill-ovos-weather.openvoiceos,"hourly_temperature.intent","what's the temperature at 6 am friday"
skill-ovos-weather.openvoiceos,"hourly_temperature.intent","what's the temperature at 6 am friday in {location}"
skill-ovos-weather.openvoiceos,"hourly_temperature.intent","what's the temperature at 6 am monday"
skill-ovos-weather.openvoiceos,"hourly_temperature.intent","what's the temperature at 6 am monday in {location}"
skill-ovos-weather.openvoiceos,"hourly_temperature.intent","what's the temperature at 6 am saturday"
skill-ovos-weather.openvoiceos,"hourly_temperature.intent","what's the temperature at 6 am saturday in {location}"
skill-ovos-weather.openvoiceos,"hourly_temperature.intent","what's the temperature at 6 am sunday"
skill-ovos-weather.openvoiceos,"hourly_temperature.intent","what's the temperature at 6 am sunday in {location}"
skill-ovos-weather.openvoiceos,"hourly_temperature.intent","what's the temperature at 6 am thursday"
skill-ovos-weather.openvoiceos,"hourly_temperature.intent","what's the temperature at 6 am thursday in {location}"
skill-ovos-weather.openvoiceos,"hourly_temperature.intent","what's the temperature at 6 am tomorrow"
skill-ovos-weather.openvoiceos,"hourly_temperature.intent","what's the temperature at 6 am tomorrow in {location}"
skill-ovos-weather.openvoiceos,"hourly_temperature.intent","what's the temperature at 6 am tuesday"
skill-ovos-weather.openvoiceos,"hourly_temperature.intent","what's the temperature at 6 am tuesday in {location}"
skill-ovos-weather.openvoiceos,"hourly_temperature.intent","what's the temperature at 6 am wednesday"
skill-ovos-weather.openvoiceos,"hourly_temperature.intent","what's the temperature at 6 am wednesday in {location}"
skill-ovos-weather.openvoiceos,"hourly_temperature.intent","what's the temperature at 6 pm friday"
skill-ovos-weather.openvoiceos,"hourly_temperature.intent","what's the temperature at 6 pm friday in {location}"
skill-ovos-weather.openvoiceos,"hourly_temperature.intent","what's the temperature at 6 pm monday"
skill-ovos-weather.openvoiceos,"hourly_temperature.intent","what's the temperature at 6 pm monday in {location}"
skill-ovos-weather.openvoiceos,"hourly_temperature.intent","what's the temperature at 6 pm saturday"
skill-ovos-weather.openvoiceos,"hourly_temperature.intent","what's the temperature at 6 pm saturday in {location}"
skill-ovos-weather.openvoiceos,"hourly_temperature.intent","what's the temperature at 6 pm sunday"
skill-ovos-weather.openvoiceos,"hourly_temperature.intent","what's the temperature at 6 pm sunday in {location}"
skill-ovos-weather.openvoiceos,"hourly_temperature.intent","what's the temperature at 6 pm thursday"
skill-ovos-weather.openvoiceos,"hourly_temperature.intent","what's the temperature at 6 pm thursday in {location}"
skill-ovos-weather.openvoiceos,"hourly_temperature.intent","what's the temperature at 6 pm tomorrow"
skill-ovos-weather.openvoiceos,"hourly_temperature.intent","what's the temperature at 6 pm tomorrow in {location}"
skill-ovos-weather.openvoiceos,"hourly_temperature.intent","what's the temperature at 6 pm tuesday"
skill-ovos-weather.openvoiceos,"hourly_temperature.intent","what's the temperature at 6 pm tuesday in {location}"
skill-ovos-weather.openvoiceos,"hourly_temperature.intent","what's the temperature at 6 pm wednesday"
skill-ovos-weather.openvoiceos,"hourly_temperature.intent","what's the temperature at 6 pm wednesday in {location}"
skill-ovos-weather.openvoiceos,"hourly_temperature.intent","what's the temperature at 7 am friday"
skill-ovos-weather.openvoiceos,"hourly_temperature.intent","what's the temperature at 7 am friday in {location}"
skill-ovos-weather.openvoiceos,"hourly_temperature.intent","what's the temperature at 7 am monday"
skill-ovos-weather.openvoiceos,"hourly_temperature.intent","what's the temperature at 7 am monday in {location}"
skill-ovos-weather.openvoiceos,"hourly_temperature.intent","what's the temperature at 7 am saturday"
skill-ovos-weather.openvoiceos,"hourly_temperature.intent","what's the temperature at 7 am saturday in {location}"
skill-ovos-weather.openvoiceos,"hourly_temperature.intent","what's the temperature at 7 am sunday"
skill-ovos-weather.openvoiceos,"hourly_temperature.intent","what's the temperature at 7 am sunday in {location}"
skill-ovos-weather.openvoiceos,"hourly_temperature.intent","what's the temperature at 7 am thursday"
skill-ovos-weather.openvoiceos,"hourly_temperature.intent","what's the temperature at 7 am thursday in {location}"
skill-ovos-weather.openvoiceos,"hourly_temperature.intent","what's the temperature at 7 am tomorrow"
skill-ovos-weather.openvoiceos,"hourly_temperature.intent","what's the temperature at 7 am tomorrow in {location}"
skill-ovos-weather.openvoiceos,"hourly_temperature.intent","what's the temperature at 7 am tuesday"
skill-ovos-weather.openvoiceos,"hourly_temperature.intent","what's the temperature at 7 am tuesday in {location}"
skill-ovos-weather.openvoiceos,"hourly_temperature.intent","what's the temperature at 7 am wednesday"
skill-ovos-weather.openvoiceos,"hourly_temperature.intent","what's the temperature at 7 am wednesday in {location}"
skill-ovos-weather.openvoiceos,"hourly_temperature.intent","what's the temperature at 7 pm friday"
skill-ovos-weather.openvoiceos,"hourly_temperature.intent","what's the temperature at 7 pm friday in {location}"
skill-ovos-weather.openvoiceos,"hourly_temperature.intent","what's the temperature at 7 pm monday"
skill-ovos-weather.openvoiceos,"hourly_temperature.intent","what's the temperature at 7 pm monday in {location}"
skill-ovos-weather.openvoiceos,"hourly_temperature.intent","what's the temperature at 7 pm saturday"
skill-ovos-weather.openvoiceos,"hourly_temperature.intent","what's the temperature at 7 pm saturday in {location}"
skill-ovos-weather.openvoiceos,"hourly_temperature.intent","what's the temperature at 7 pm sunday"
skill-ovos-weather.openvoiceos,"hourly_temperature.intent","what's the temperature at 7 pm sunday in {location}"
skill-ovos-weather.openvoiceos,"hourly_temperature.intent","what's the temperature at 7 pm thursday"
skill-ovos-weather.openvoiceos,"hourly_temperature.intent","what's the temperature at 7 pm thursday in {location}"
skill-ovos-weather.openvoiceos,"hourly_temperature.intent","what's the temperature at 7 pm tomorrow"
skill-ovos-weather.openvoiceos,"hourly_temperature.intent","what's the temperature at 7 pm tomorrow in {location}"
skill-ovos-weather.openvoiceos,"hourly_temperature.intent","what's the temperature at 7 pm tuesday"
skill-ovos-weather.openvoiceos,"hourly_temperature.intent","what's the temperature at 7 pm tuesday in {location}"
skill-ovos-weather.openvoiceos,"hourly_temperature.intent","what's the temperature at 7 pm wednesday"
skill-ovos-weather.openvoiceos,"hourly_temperature.intent","what's the temperature at 7 pm wednesday in {location}"
skill-ovos-weather.openvoiceos,"hourly_temperature.intent","what's the temperature at 8 am friday"
skill-ovos-weather.openvoiceos,"hourly_temperature.intent","what's the temperature at 8 am friday in {location}"
skill-ovos-weather.openvoiceos,"hourly_temperature.intent","what's the temperature at 8 am monday"
skill-ovos-weather.openvoiceos,"hourly_temperature.intent","what's the temperature at 8 am monday in {location}"
skill-ovos-weather.openvoiceos,"hourly_temperature.intent","what's the temperature at 8 am saturday"
skill-ovos-weather.openvoiceos,"hourly_temperature.intent","what's the temperature at 8 am saturday in {location}"
skill-ovos-weather.openvoiceos,"hourly_temperature.intent","what's the temperature at 8 am sunday"
skill-ovos-weather.openvoiceos,"hourly_temperature.intent","what's the temperature at 8 am sunday in {location}"
skill-ovos-weather.openvoiceos,"hourly_temperature.intent","what's the temperature at 8 am thursday"
skill-ovos-weather.openvoiceos,"hourly_temperature.intent","what's the temperature at 8 am thursday in {location}"
skill-ovos-weather.openvoiceos,"hourly_temperature.intent","what's the temperature at 8 am tomorrow"
skill-ovos-weather.openvoiceos,"hourly_temperature.intent","what's the temperature at 8 am tomorrow in {location}"
skill-ovos-weather.openvoiceos,"hourly_temperature.intent","what's the temperature at 8 am tuesday"
skill-ovos-weather.openvoiceos,"hourly_temperature.intent","what's the temperature at 8 am tuesday in {location}"
skill-ovos-weather.openvoiceos,"hourly_temperature.intent","what's the temperature at 8 am wednesday"
skill-ovos-weather.openvoiceos,"hourly_temperature.intent","what's the temperature at 8 am wednesday in {location}"
skill-ovos-weather.openvoiceos,"hourly_temperature.intent","what's the temperature at 8 pm friday"
skill-ovos-weather.openvoiceos,"hourly_temperature.intent","what's the temperature at 8 pm friday in {location}"
skill-ovos-weather.openvoiceos,"hourly_temperature.intent","what's the temperature at 8 pm monday"
skill-ovos-weather.openvoiceos,"hourly_temperature.intent","what's the temperature at 8 pm monday in {location}"
skill-ovos-weather.openvoiceos,"hourly_temperature.intent","what's the temperature at 8 pm saturday"
skill-ovos-weather.openvoiceos,"hourly_temperature.intent","what's the temperature at 8 pm saturday in {location}"
skill-ovos-weather.openvoiceos,"hourly_temperature.intent","what's the temperature at 8 pm sunday"
skill-ovos-weather.openvoiceos,"hourly_temperature.intent","what's the temperature at 8 pm sunday in {location}"
skill-ovos-weather.openvoiceos,"hourly_temperature.intent","what's the temperature at 8 pm thursday"
skill-ovos-weather.openvoiceos,"hourly_temperature.intent","what's the temperature at 8 pm thursday in {location}"
skill-ovos-weather.openvoiceos,"hourly_temperature.intent","what's the temperature at 8 pm tomorrow"
skill-ovos-weather.openvoiceos,"hourly_temperature.intent","what's the temperature at 8 pm tomorrow in {location}"
skill-ovos-weather.openvoiceos,"hourly_temperature.intent","what's the temperature at 8 pm tuesday"
skill-ovos-weather.openvoiceos,"hourly_temperature.intent","what's the temperature at 8 pm tuesday in {location}"
skill-ovos-weather.openvoiceos,"hourly_temperature.intent","what's the temperature at 8 pm wednesday"
skill-ovos-weather.openvoiceos,"hourly_temperature.intent","what's the temperature at 8 pm wednesday in {location}"
skill-ovos-weather.openvoiceos,"hourly_temperature.intent","what's the temperature at 9 am friday"
skill-ovos-weather.openvoiceos,"hourly_temperature.intent","what's the temperature at 9 am friday in {location}"
skill-ovos-weather.openvoiceos,"hourly_temperature.intent","what's the temperature at 9 am monday"
skill-ovos-weather.openvoiceos,"hourly_temperature.intent","what's the temperature at 9 am monday in {location}"
skill-ovos-weather.openvoiceos,"hourly_temperature.intent","what's the temperature at 9 am saturday"
skill-ovos-weather.openvoiceos,"hourly_temperature.intent","what's the temperature at 9 am saturday in {location}"
skill-ovos-weather.openvoiceos,"hourly_temperature.intent","what's the temperature at 9 am sunday"
skill-ovos-weather.openvoiceos,"hourly_temperature.intent","what's the temperature at 9 am sunday in {location}"
skill-ovos-weather.openvoiceos,"hourly_temperature.intent","what's the temperature at 9 am thursday"
skill-ovos-weather.openvoiceos,"hourly_temperature.intent","what's the temperature at 9 am thursday in {location}"
skill-ovos-weather.openvoiceos,"hourly_temperature.intent","what's the temperature at 9 am tomorrow"
skill-ovos-weather.openvoiceos,"hourly_temperature.intent","what's the temperature at 9 am tomorrow in {location}"
skill-ovos-weather.openvoiceos,"hourly_temperature.intent","what's the temperature at 9 am tuesday"
skill-ovos-weather.openvoiceos,"hourly_temperature.intent","what's the temperature at 9 am tuesday in {location}"
skill-ovos-weather.openvoiceos,"hourly_temperature.intent","what's the temperature at 9 am wednesday"
skill-ovos-weather.openvoiceos,"hourly_temperature.intent","what's the temperature at 9 am wednesday in {location}"
skill-ovos-weather.openvoiceos,"hourly_temperature.intent","what's the temperature at 9 pm friday"
skill-ovos-weather.openvoiceos,"hourly_temperature.intent","what's the temperature at 9 pm friday in {location}"
skill-ovos-weather.openvoiceos,"hourly_temperature.intent","what's the temperature at 9 pm monday"
skill-ovos-weather.openvoiceos,"hourly_temperature.intent","what's the temperature at 9 pm monday in {location}"
skill-ovos-weather.openvoiceos,"hourly_temperature.intent","what's the temperature at 9 pm saturday"
skill-ovos-weather.openvoiceos,"hourly_temperature.intent","what's the temperature at 9 pm saturday in {location}"
skill-ovos-weather.openvoiceos,"hourly_temperature.intent","what's the temperature at 9 pm sunday"
skill-ovos-weather.openvoiceos,"hourly_temperature.intent","what's the temperature at 9 pm sunday in {location}"
skill-ovos-weather.openvoiceos,"hourly_temperature.intent","what's the temperature at 9 pm thursday"
skill-ovos-weather.openvoiceos,"hourly_temperature.intent","what's the temperature at 9 pm thursday in {location}"
skill-ovos-weather.openvoiceos,"hourly_temperature.intent","what's the temperature at 9 pm tomorrow"
skill-ovos-weather.openvoiceos,"hourly_temperature.intent","what's the temperature at 9 pm tomorrow in {location}"
skill-ovos-weather.openvoiceos,"hourly_temperature.intent","what's the temperature at 9 pm tuesday"
skill-ovos-weather.openvoiceos,"hourly_temperature.intent","what's the temperature at 9 pm tuesday in {location}"
skill-ovos-weather.openvoiceos,"hourly_temperature.intent","what's the temperature at 9 pm wednesday"
skill-ovos-weather.openvoiceos,"hourly_temperature.intent","what's the temperature at 9 pm wednesday in {location}"
skill-ovos-weather.openvoiceos,"hourly_temperature.intent","will it be chilly this evening"
skill-ovos-weather.openvoiceos,"hourly_temperature.intent","will it be chilly this evening in {location}"
skill-ovos-weather.openvoiceos,"next_rain.intent","is rain coming soon"
skill-ovos-weather.openvoiceos,"next_rain.intent","is rain coming soon in {location}"
skill-ovos-weather.openvoiceos,"next_rain.intent","tell me when it'll rain"
skill-ovos-weather.openvoiceos,"next_rain.intent","what time will it start raining"
skill-ovos-weather.openvoiceos,"next_rain.intent","what time will it start raining in {location}"
skill-ovos-weather.openvoiceos,"next_rain.intent","when is the next rainfall"
skill-ovos-weather.openvoiceos,"next_rain.intent","when is the next rainfall in {location}"
skill-ovos-weather.openvoiceos,"next_rain.intent","when will it rain again"
skill-ovos-weather.openvoiceos,"next_rain.intent","when will it rain next"
skill-ovos-weather.openvoiceos,"is_fog.intent","are there fog advisories in effect"
skill-ovos-weather.openvoiceos,"is_fog.intent","are there fog advisories in effect in {location}"
skill-ovos-weather.openvoiceos,"is_fog.intent","are there fog alerts in effect"
skill-ovos-weather.openvoiceos,"is_fog.intent","are there fog alerts in effect in {location}"
skill-ovos-weather.openvoiceos,"is_fog.intent","is dense fog expected tonight"
skill-ovos-weather.openvoiceos,"is_fog.intent","is dense fog expected tonight in {location}"
skill-ovos-weather.openvoiceos,"is_fog.intent","is fog expected"
skill-ovos-weather.openvoiceos,"is_fog.intent","is fog expected in {location}"
skill-ovos-weather.openvoiceos,"is_fog.intent","is it foggy"
skill-ovos-weather.openvoiceos,"is_fog.intent","is it foggy  in {location}"
skill-ovos-weather.openvoiceos,"is_fog.intent","is it foggy today"
skill-ovos-weather.openvoiceos,"is_fog.intent","is it foggy today in {location}"
skill-ovos-weather.openvoiceos,"is_fog.intent","is there fog outside"
skill-ovos-weather.openvoiceos,"is_fog.intent","is there fog outside in {location}"
skill-ovos-weather.openvoiceos,"is_fog.intent","is there fog right now"
skill-ovos-weather.openvoiceos,"is_fog.intent","is there fog right now in {location}"
skill-ovos-weather.openvoiceos,"is_fog.intent","is thick fog expected tonight"
skill-ovos-weather.openvoiceos,"is_fog.intent","is thick fog expected tonight in {location}"
skill-ovos-weather.openvoiceos,"is_fog.intent","is visibility low due to fog"
skill-ovos-weather.openvoiceos,"is_fog.intent","is visibility low due to fog in {location}"
skill-ovos-weather.openvoiceos,"is_fog.intent","is visibility reduced due to fog"
skill-ovos-weather.openvoiceos,"is_fog.intent","is visibility reduced due to fog in {location}"
skill-ovos-weather.openvoiceos,"is_fog.intent","should I be worried about fog"
skill-ovos-weather.openvoiceos,"is_fog.intent","should I be worried about fog  in {location}"
skill-ovos-weather.openvoiceos,"is_fog.intent","should I be worried about fog today"
skill-ovos-weather.openvoiceos,"is_fog.intent","should I be worried about fog today in {location}"
skill-ovos-weather.openvoiceos,"is_fog.intent","will fog affect my commute"
skill-ovos-weather.openvoiceos,"is_fog.intent","will fog affect my commute in {location}"
skill-ovos-weather.openvoiceos,"is_fog.intent","will fog affect my drive"
skill-ovos-weather.openvoiceos,"is_fog.intent","will fog affect my drive in {location}"
skill-ovos-weather.openvoiceos,"is_fog.intent","will there be fog this evening"
skill-ovos-weather.openvoiceos,"is_fog.intent","will there be fog this evening in {location}"
skill-ovos-weather.openvoiceos,"is_fog.intent","will there be fog this morning"
skill-ovos-weather.openvoiceos,"is_fog.intent","will there be fog this morning in {location}"
skill-ovos-weather.openvoiceos,"N_days_forecast.intent","What is the 2 day forecast"
skill-ovos-weather.openvoiceos,"N_days_forecast.intent","What is the 2 day forecast in {location}"
skill-ovos-weather.openvoiceos,"N_days_forecast.intent","What is the 2 days forecast"
skill-ovos-weather.openvoiceos,"N_days_forecast.intent","What is the 2 days forecast in {location}"
skill-ovos-weather.openvoiceos,"N_days_forecast.intent","What is the 3 day forecast"
skill-ovos-weather.openvoiceos,"N_days_forecast.intent","What is the 3 day forecast in {location}"
skill-ovos-weather.openvoiceos,"N_days_forecast.intent","What is the 3 days forecast"
skill-ovos-weather.openvoiceos,"N_days_forecast.intent","What is the 3 days forecast in {location}"
skill-ovos-weather.openvoiceos,"N_days_forecast.intent","What is the 4 day forecast"
skill-ovos-weather.openvoiceos,"N_days_forecast.intent","What is the 4 day forecast in {location}"
skill-ovos-weather.openvoiceos,"N_days_forecast.intent","What is the 4 days forecast"
skill-ovos-weather.openvoiceos,"N_days_forecast.intent","What is the 4 days forecast in {location}"
skill-ovos-weather.openvoiceos,"N_days_forecast.intent","What is the 5 day forecast"
skill-ovos-weather.openvoiceos,"N_days_forecast.intent","What is the 5 day forecast in {location}"
skill-ovos-weather.openvoiceos,"N_days_forecast.intent","What is the 5 days forecast"
skill-ovos-weather.openvoiceos,"N_days_forecast.intent","What is the 5 days forecast in {location}"
skill-ovos-weather.openvoiceos,"N_days_forecast.intent","What is the 6 day forecast"
skill-ovos-weather.openvoiceos,"N_days_forecast.intent","What is the 6 day forecast in {location}"
skill-ovos-weather.openvoiceos,"N_days_forecast.intent","What is the 6 days forecast"
skill-ovos-weather.openvoiceos,"N_days_forecast.intent","What is the 6 days forecast in {location}"
skill-ovos-weather.openvoiceos,"N_days_forecast.intent","What is the 7 day forecast"
skill-ovos-weather.openvoiceos,"N_days_forecast.intent","What is the 7 day forecast in {location}"
skill-ovos-weather.openvoiceos,"N_days_forecast.intent","What is the 7 days forecast"
skill-ovos-weather.openvoiceos,"N_days_forecast.intent","What is the 7 days forecast in {location}"
skill-ovos-weather.openvoiceos,"N_days_forecast.intent","how's the weather forecast this week"
skill-ovos-weather.openvoiceos,"N_days_forecast.intent","how's the weather forecast this week in {location}"
skill-ovos-weather.openvoiceos,"N_days_forecast.intent","how's the weather looking this week"
skill-ovos-weather.openvoiceos,"N_days_forecast.intent","how's the weather looking this week in {location}"
skill-ovos-weather.openvoiceos,"N_days_forecast.intent","show me the 7-day forecast"
skill-ovos-weather.openvoiceos,"N_days_forecast.intent","show me the 7-day forecast in {location}"
skill-ovos-weather.openvoiceos,"N_days_forecast.intent","show me the weekly forecast"
skill-ovos-weather.openvoiceos,"N_days_forecast.intent","show me the weekly forecast in {location}"
skill-ovos-weather.openvoiceos,"N_days_forecast.intent","tell me the forecast for this week"
skill-ovos-weather.openvoiceos,"N_days_forecast.intent","tell me the forecast for this week in {location}"
skill-ovos-weather.openvoiceos,"N_days_forecast.intent","tell me the weather outlook for this week"
skill-ovos-weather.openvoiceos,"N_days_forecast.intent","tell me the weather outlook for this week in {location}"
skill-ovos-weather.openvoiceos,"N_days_forecast.intent","the week's weather"
skill-ovos-weather.openvoiceos,"N_days_forecast.intent","the week's weather in {location}"
skill-ovos-weather.openvoiceos,"N_days_forecast.intent","this week's weather"
skill-ovos-weather.openvoiceos,"N_days_forecast.intent","this week's weather in {location}"
skill-ovos-weather.openvoiceos,"N_days_forecast.intent","weather during the week"
skill-ovos-weather.openvoiceos,"N_days_forecast.intent","weather during the week in {location}"
skill-ovos-weather.openvoiceos,"N_days_forecast.intent","weather for the week"
skill-ovos-weather.openvoiceos,"N_days_forecast.intent","weather for the week in {location}"
skill-ovos-weather.openvoiceos,"N_days_forecast.intent","weather in the coming 2 days"
skill-ovos-weather.openvoiceos,"N_days_forecast.intent","weather in the coming 2 days in {location}"
skill-ovos-weather.openvoiceos,"N_days_forecast.intent","weather in the coming 3 days"
skill-ovos-weather.openvoiceos,"N_days_forecast.intent","weather in the coming 3 days in {location}"
skill-ovos-weather.openvoiceos,"N_days_forecast.intent","weather in the coming 4 days"
skill-ovos-weather.openvoiceos,"N_days_forecast.intent","weather in the coming 4 days in {location}"
skill-ovos-weather.openvoiceos,"N_days_forecast.intent","weather in the coming 5 days"
skill-ovos-weather.openvoiceos,"N_days_forecast.intent","weather in the coming 5 days in {location}"
skill-ovos-weather.openvoiceos,"N_days_forecast.intent","weather in the coming 6 days"
skill-ovos-weather.openvoiceos,"N_days_forecast.intent","weather in the coming 6 days in {location}"
skill-ovos-weather.openvoiceos,"N_days_forecast.intent","weather in the coming 7 days"
skill-ovos-weather.openvoiceos,"N_days_forecast.intent","weather in the coming 7 days in {location}"
skill-ovos-weather.openvoiceos,"N_days_forecast.intent","weather in the coming couple days"
skill-ovos-weather.openvoiceos,"N_days_forecast.intent","weather in the coming couple days in {location}"
skill-ovos-weather.openvoiceos,"N_days_forecast.intent","weather in the coming few days"
skill-ovos-weather.openvoiceos,"N_days_forecast.intent","weather in the coming few days in {location}"
skill-ovos-weather.openvoiceos,"N_days_forecast.intent","weather in the next 2 days"
skill-ovos-weather.openvoiceos,"N_days_forecast.intent","weather in the next 2 days in {location}"
skill-ovos-weather.openvoiceos,"N_days_forecast.intent","weather in the next 3 days"
skill-ovos-weather.openvoiceos,"N_days_forecast.intent","weather in the next 3 days in {location}"
skill-ovos-weather.openvoiceos,"N_days_forecast.intent","weather in the next 4 days"
skill-ovos-weather.openvoiceos,"N_days_forecast.intent","weather in the next 4 days in {location}"
skill-ovos-weather.openvoiceos,"N_days_forecast.intent","weather in the next 5 days"
skill-ovos-weather.openvoiceos,"N_days_forecast.intent","weather in the next 5 days in {location}"
skill-ovos-weather.openvoiceos,"N_days_forecast.intent","weather in the next 6 days"
skill-ovos-weather.openvoiceos,"N_days_forecast.intent","weather in the next 6 days in {location}"
skill-ovos-weather.openvoiceos,"N_days_forecast.intent","weather in the next 7 days"
skill-ovos-weather.openvoiceos,"N_days_forecast.intent","weather in the next 7 days in {location}"
skill-ovos-weather.openvoiceos,"N_days_forecast.intent","weather in the next couple days"
skill-ovos-weather.openvoiceos,"N_days_forecast.intent","weather in the next couple days in {location}"
skill-ovos-weather.openvoiceos,"N_days_forecast.intent","weather in the next few days"
skill-ovos-weather.openvoiceos,"N_days_forecast.intent","weather in the next few days in {location}"
skill-ovos-weather.openvoiceos,"N_days_forecast.intent","weekly forecast for the weather"
skill-ovos-weather.openvoiceos,"N_days_forecast.intent","weekly forecast for the weather in {location}"
skill-ovos-weather.openvoiceos,"N_days_forecast.intent","weekly outlook for the weather"
skill-ovos-weather.openvoiceos,"N_days_forecast.intent","weekly outlook for the weather in {location}"
skill-ovos-weather.openvoiceos,"N_days_forecast.intent","what's the forecast for the coming days"
skill-ovos-weather.openvoiceos,"N_days_forecast.intent","what's the forecast for the coming days in {location}"
skill-ovos-weather.openvoiceos,"N_days_forecast.intent","what's the forecast for the next days"
skill-ovos-weather.openvoiceos,"N_days_forecast.intent","what's the forecast for the next days in {location}"
skill-ovos-weather.openvoiceos,"current_weather.intent","can you tell me  the weather"
skill-ovos-weather.openvoiceos,"current_weather.intent","can you tell me  the weather  in {location}"
skill-ovos-weather.openvoiceos,"current_weather.intent","can you tell me  the weather currently"
skill-ovos-weather.openvoiceos,"current_weather.intent","can you tell me  the weather currently in {location}"
skill-ovos-weather.openvoiceos,"current_weather.intent","can you tell me  the weather right now"
skill-ovos-weather.openvoiceos,"current_weather.intent","can you tell me  the weather right now in {location}"
skill-ovos-weather.openvoiceos,"current_weather.intent","can you tell me about the weather"
skill-ovos-weather.openvoiceos,"current_weather.intent","can you tell me about the weather  in {location}"
skill-ovos-weather.openvoiceos,"current_weather.intent","can you tell me about the weather currently"
skill-ovos-weather.openvoiceos,"current_weather.intent","can you tell me about the weather currently in {location}"
skill-ovos-weather.openvoiceos,"current_weather.intent","can you tell me about the weather right now"
skill-ovos-weather.openvoiceos,"current_weather.intent","can you tell me about the weather right now in {location}"
skill-ovos-weather.openvoiceos,"current_weather.intent","current weather"
skill-ovos-weather.openvoiceos,"current_weather.intent","current weather  in {location}"
skill-ovos-weather.openvoiceos,"current_weather.intent","current weather conditions"
skill-ovos-weather.openvoiceos,"current_weather.intent","current weather conditions in {location}"
skill-ovos-weather.openvoiceos,"current_weather.intent","current weather status"
skill-ovos-weather.openvoiceos,"current_weather.intent","current weather status in {location}"
skill-ovos-weather.openvoiceos,"current_weather.intent","give me the current weather update"
skill-ovos-weather.openvoiceos,"current_weather.intent","give me the current weather update in {location}"
skill-ovos-weather.openvoiceos,"current_weather.intent","give me the latest weather update"
skill-ovos-weather.openvoiceos,"current_weather.intent","give me the latest weather update in {location}"
skill-ovos-weather.openvoiceos,"current_weather.intent","how is the weather"
skill-ovos-weather.openvoiceos,"current_weather.intent","how is the weather  in {location}"
skill-ovos-weather.openvoiceos,"current_weather.intent","how is the weather  in {location} like"
skill-ovos-weather.openvoiceos,"current_weather.intent","how is the weather  like"
skill-ovos-weather.openvoiceos,"current_weather.intent","how is the weather forecast"
skill-ovos-weather.openvoiceos,"current_weather.intent","how is the weather forecast in {location}"
skill-ovos-weather.openvoiceos,"current_weather.intent","how is the weather forecast in {location} like"
skill-ovos-weather.openvoiceos,"current_weather.intent","how is the weather forecast like"
skill-ovos-weather.openvoiceos,"current_weather.intent","how's the weather doing"
skill-ovos-weather.openvoiceos,"current_weather.intent","how's the weather doing in {location}"
skill-ovos-weather.openvoiceos,"current_weather.intent","how's the weather looking"
skill-ovos-weather.openvoiceos,"current_weather.intent","how's the weather looking in {location}"
skill-ovos-weather.openvoiceos,"current_weather.intent","is it clear outside"
skill-ovos-weather.openvoiceos,"current_weather.intent","is it good outside"
skill-ovos-weather.openvoiceos,"current_weather.intent","is it nice outside"
skill-ovos-weather.openvoiceos,"current_weather.intent","tell me  the weather"
skill-ovos-weather.openvoiceos,"current_weather.intent","tell me  the weather  in {location}"
skill-ovos-weather.openvoiceos,"current_weather.intent","tell me  the weather forecast"
skill-ovos-weather.openvoiceos,"current_weather.intent","tell me  the weather forecast in {location}"
skill-ovos-weather.openvoiceos,"current_weather.intent","tell me about the weather"
skill-ovos-weather.openvoiceos,"current_weather.intent","tell me about the weather  in {location}"
skill-ovos-weather.openvoiceos,"current_weather.intent","tell me about the weather forecast"
skill-ovos-weather.openvoiceos,"current_weather.intent","tell me about the weather forecast in {location}"
skill-ovos-weather.openvoiceos,"current_weather.intent","what is the weather"
skill-ovos-weather.openvoiceos,"current_weather.intent","what is the weather  in {location}"
skill-ovos-weather.openvoiceos,"current_weather.intent","what is the weather  in {location} like"
skill-ovos-weather.openvoiceos,"current_weather.intent","what is the weather  like"
skill-ovos-weather.openvoiceos,"current_weather.intent","what is the weather forecast"
skill-ovos-weather.openvoiceos,"current_weather.intent","what is the weather forecast in {location}"
skill-ovos-weather.openvoiceos,"current_weather.intent","what is the weather forecast in {location} like"
skill-ovos-weather.openvoiceos,"current_weather.intent","what is the weather forecast like"
skill-ovos-weather.openvoiceos,"current_weather.intent","what's happening with the weather"
skill-ovos-weather.openvoiceos,"current_weather.intent","what's happening with the weather  in {location}"
skill-ovos-weather.openvoiceos,"current_weather.intent","what's happening with the weather right now"
skill-ovos-weather.openvoiceos,"current_weather.intent","what's happening with the weather right now in {location}"
skill-ovos-weather.openvoiceos,"current_weather.intent","what's happening with the weather today"
skill-ovos-weather.openvoiceos,"current_weather.intent","what's happening with the weather today in {location}"
skill-ovos-weather.openvoiceos,"current_weather.intent","what's it like outside"
skill-ovos-weather.openvoiceos,"current_weather.intent","what's the weather currently"
skill-ovos-weather.openvoiceos,"current_weather.intent","what's the weather doing"
skill-ovos-weather.openvoiceos,"current_weather.intent","what's the weather like"
skill-ovos-weather.openvoiceos,"current_weather.intent","what's the weather now"
skill-ovos-weather.openvoiceos,"is_wind.intent","are there gusty conditions expected"
skill-ovos-weather.openvoiceos,"is_wind.intent","are there gusty conditions expected in {location}"
skill-ovos-weather.openvoiceos,"is_wind.intent","are there windy conditions expected"
skill-ovos-weather.openvoiceos,"is_wind.intent","are there windy conditions expected in {location}"
skill-ovos-weather.openvoiceos,"is_wind.intent","do I need to secure outdoor items due to wind"
skill-ovos-weather.openvoiceos,"is_wind.intent","do I need to secure outdoor items due to wind in {location}"
skill-ovos-weather.openvoiceos,"is_wind.intent","how strong are the winds"
skill-ovos-weather.openvoiceos,"is_wind.intent","how strong are the winds in {location}"
skill-ovos-weather.openvoiceos,"is_wind.intent","how windy is it"
skill-ovos-weather.openvoiceos,"is_wind.intent","how windy is it in {location}"
skill-ovos-weather.openvoiceos,"is_wind.intent","is it windy"
skill-ovos-weather.openvoiceos,"is_wind.intent","is it windy  in {location}"
skill-ovos-weather.openvoiceos,"is_wind.intent","is it windy now"
skill-ovos-weather.openvoiceos,"is_wind.intent","is it windy now in {location}"
skill-ovos-weather.openvoiceos,"is_wind.intent","is it windy today"
skill-ovos-weather.openvoiceos,"is_wind.intent","is it windy today in {location}"
skill-ovos-weather.openvoiceos,"is_wind.intent","is there a lot of wind"
skill-ovos-weather.openvoiceos,"is_wind.intent","is there a lot of wind  in {location}"
skill-ovos-weather.openvoiceos,"is_wind.intent","is there a lot of wind right now"
skill-ovos-weather.openvoiceos,"is_wind.intent","is there a lot of wind right now in {location}"
skill-ovos-weather.openvoiceos,"is_wind.intent","is there a wind advisory"
skill-ovos-weather.openvoiceos,"is_wind.intent","is there a wind advisory in {location}"
skill-ovos-weather.openvoiceos,"is_wind.intent","is there a wind warning"
skill-ovos-weather.openvoiceos,"is_wind.intent","is there a wind warning in {location}"
skill-ovos-weather.openvoiceos,"is_wind.intent","is there strong wind gusts"
skill-ovos-weather.openvoiceos,"is_wind.intent","is there strong wind gusts  in {location}"
skill-ovos-weather.openvoiceos,"is_wind.intent","is there strong wind gusts right now"
skill-ovos-weather.openvoiceos,"is_wind.intent","is there strong wind gusts right now in {location}"
skill-ovos-weather.openvoiceos,"is_wind.intent","should I be concerned about high winds"
skill-ovos-weather.openvoiceos,"is_wind.intent","should I be concerned about high winds  in {location}"
skill-ovos-weather.openvoiceos,"is_wind.intent","should I be concerned about high winds today"
skill-ovos-weather.openvoiceos,"is_wind.intent","should I be concerned about high winds today in {location}"
skill-ovos-weather.openvoiceos,"is_wind.intent","should I be concerned about strong winds"
skill-ovos-weather.openvoiceos,"is_wind.intent","should I be concerned about strong winds  in {location}"
skill-ovos-weather.openvoiceos,"is_wind.intent","should I be concerned about strong winds today"
skill-ovos-weather.openvoiceos,"is_wind.intent","should I be concerned about strong winds today in {location}"
skill-ovos-weather.openvoiceos,"is_wind.intent","what's the wind speed"
skill-ovos-weather.openvoiceos,"is_wind.intent","what's the wind speed  in {location}"
skill-ovos-weather.openvoiceos,"is_wind.intent","what's the wind speed like"
skill-ovos-weather.openvoiceos,"is_wind.intent","what's the wind speed like in {location}"
skill-ovos-weather.openvoiceos,"is_wind.intent","will it be windy"
skill-ovos-weather.openvoiceos,"is_wind.intent","will it be windy  in {location}"
skill-ovos-weather.openvoiceos,"is_wind.intent","will it be windy later"
skill-ovos-weather.openvoiceos,"is_wind.intent","will it be windy later in {location}"
skill-ovos-weather.openvoiceos,"is_wind.intent","will it be windy today"
skill-ovos-weather.openvoiceos,"is_wind.intent","will it be windy today in {location}"
skill-ovos-weather.openvoiceos,"is_wind.intent","will it be windy tonight"
skill-ovos-weather.openvoiceos,"is_wind.intent","will it be windy tonight in {location}"
skill-ovos-weather.openvoiceos,"low_temperature.intent","What is the low temperature"
skill-ovos-weather.openvoiceos,"low_temperature.intent","What is the low temperature friday morning"
skill-ovos-weather.openvoiceos,"low_temperature.intent","What is the low temperature friday night"
skill-ovos-weather.openvoiceos,"low_temperature.intent","What is the low temperature monday morning"
skill-ovos-weather.openvoiceos,"low_temperature.intent","What is the low temperature monday night"
skill-ovos-weather.openvoiceos,"low_temperature.intent","What is the low temperature saturday morning"
skill-ovos-weather.openvoiceos,"low_temperature.intent","What is the low temperature saturday night"
skill-ovos-weather.openvoiceos,"low_temperature.intent","What is the low temperature sunday morning"
skill-ovos-weather.openvoiceos,"low_temperature.intent","What is the low temperature sunday night"
skill-ovos-weather.openvoiceos,"low_temperature.intent","What is the low temperature thursday morning"
skill-ovos-weather.openvoiceos,"low_temperature.intent","What is the low temperature thursday night"
skill-ovos-weather.openvoiceos,"low_temperature.intent","What is the low temperature tomorrow morning"
skill-ovos-weather.openvoiceos,"low_temperature.intent","What is the low temperature tomorrow night"
skill-ovos-weather.openvoiceos,"low_temperature.intent","What is the low temperature tuesday morning"
skill-ovos-weather.openvoiceos,"low_temperature.intent","What is the low temperature tuesday night"
skill-ovos-weather.openvoiceos,"low_temperature.intent","What is the low temperature wednesday morning"
skill-ovos-weather.openvoiceos,"low_temperature.intent","What is the low temperature wednesday night"
skill-ovos-weather.openvoiceos,"low_temperature.intent","What is the lowest temperature"
skill-ovos-weather.openvoiceos,"low_temperature.intent","What is the lowest temperature friday morning"
skill-ovos-weather.openvoiceos,"low_temperature.intent","What is the lowest temperature friday night"
skill-ovos-weather.openvoiceos,"low_temperature.intent","What is the lowest temperature in {location}"
skill-ovos-weather.openvoiceos,"low_temperature.intent","What is the lowest temperature in {location} next friday"
skill-ovos-weather.openvoiceos,"low_temperature.intent","What is the lowest temperature in {location} next monday"
skill-ovos-weather.openvoiceos,"low_temperature.intent","What is the lowest temperature in {location} next saturday"
skill-ovos-weather.openvoiceos,"low_temperature.intent","What is the lowest temperature in {location} next sunday"
skill-ovos-weather.openvoiceos,"low_temperature.intent","What is the lowest temperature in {location} next thursday"
skill-ovos-weather.openvoiceos,"low_temperature.intent","What is the lowest temperature in {location} next tomorrow"
skill-ovos-weather.openvoiceos,"low_temperature.intent","What is the lowest temperature in {location} next tuesday"
skill-ovos-weather.openvoiceos,"low_temperature.intent","What is the lowest temperature in {location} next wednesday"
skill-ovos-weather.openvoiceos,"low_temperature.intent","What is the lowest temperature in {location} on friday"
skill-ovos-weather.openvoiceos,"low_temperature.intent","What is the lowest temperature in {location} on monday"
skill-ovos-weather.openvoiceos,"low_temperature.intent","What is the lowest temperature in {location} on saturday"
skill-ovos-weather.openvoiceos,"low_temperature.intent","What is the lowest temperature in {location} on sunday"
skill-ovos-weather.openvoiceos,"low_temperature.intent","What is the lowest temperature in {location} on thursday"
skill-ovos-weather.openvoiceos,"low_temperature.intent","What is the lowest temperature in {location} on tomorrow"
skill-ovos-weather.openvoiceos,"low_temperature.intent","What is the lowest temperature in {location} on tuesday"
skill-ovos-weather.openvoiceos,"low_temperature.intent","What is the lowest temperature in {location} on wednesday"
skill-ovos-weather.openvoiceos,"low_temperature.intent","What is the lowest temperature in {location} this friday"
skill-ovos-weather.openvoiceos,"low_temperature.intent","What is the lowest temperature in {location} this monday"
skill-ovos-weather.openvoiceos,"low_temperature.intent","What is the lowest temperature in {location} this saturday"
skill-ovos-weather.openvoiceos,"low_temperature.intent","What is the lowest temperature in {location} this sunday"
skill-ovos-weather.openvoiceos,"low_temperature.intent","What is the lowest temperature in {location} this thursday"
skill-ovos-weather.openvoiceos,"low_temperature.intent","What is the lowest temperature in {location} this tomorrow"
skill-ovos-weather.openvoiceos,"low_temperature.intent","What is the lowest temperature in {location} this tuesday"
skill-ovos-weather.openvoiceos,"low_temperature.intent","What is the lowest temperature in {location} this wednesday"
skill-ovos-weather.openvoiceos,"low_temperature.intent","What is the lowest temperature monday morning"
skill-ovos-weather.openvoiceos,"low_temperature.intent","What is the lowest temperature monday night"
skill-ovos-weather.openvoiceos,"low_temperature.intent","What is the lowest temperature saturday morning"
skill-ovos-weather.openvoiceos,"low_temperature.intent","What is the lowest temperature saturday night"
skill-ovos-weather.openvoiceos,"low_temperature.intent","What is the lowest temperature sunday morning"
skill-ovos-weather.openvoiceos,"low_temperature.intent","What is the lowest temperature sunday night"
skill-ovos-weather.openvoiceos,"low_temperature.intent","What is the lowest temperature thursday morning"
skill-ovos-weather.openvoiceos,"low_temperature.intent","What is the lowest temperature thursday night"
skill-ovos-weather.openvoiceos,"low_temperature.intent","What is the lowest temperature tomorrow morning"
skill-ovos-weather.openvoiceos,"low_temperature.intent","What is the lowest temperature tomorrow night"
skill-ovos-weather.openvoiceos,"low_temperature.intent","What is the lowest temperature tuesday morning"
skill-ovos-weather.openvoiceos,"low_temperature.intent","What is the lowest temperature tuesday night"
skill-ovos-weather.openvoiceos,"low_temperature.intent","What is the lowest temperature wednesday morning"
skill-ovos-weather.openvoiceos,"low_temperature.intent","What is the lowest temperature wednesday night"
skill-ovos-weather.openvoiceos,"low_temperature.intent","What is the min temperature"
skill-ovos-weather.openvoiceos,"low_temperature.intent","What is the min temperature friday morning"
skill-ovos-weather.openvoiceos,"low_temperature.intent","What is the min temperature friday night"
skill-ovos-weather.openvoiceos,"low_temperature.intent","What is the min temperature monday morning"
skill-ovos-weather.openvoiceos,"low_temperature.intent","What is the min temperature monday night"
skill-ovos-weather.openvoiceos,"low_temperature.intent","What is the min temperature saturday morning"
skill-ovos-weather.openvoiceos,"low_temperature.intent","What is the min temperature saturday night"
skill-ovos-weather.openvoiceos,"low_temperature.intent","What is the min temperature sunday morning"
skill-ovos-weather.openvoiceos,"low_temperature.intent","What is the min temperature sunday night"
skill-ovos-weather.openvoiceos,"low_temperature.intent","What is the min temperature thursday morning"
skill-ovos-weather.openvoiceos,"low_temperature.intent","What is the min temperature thursday night"
skill-ovos-weather.openvoiceos,"low_temperature.intent","What is the min temperature tomorrow morning"
skill-ovos-weather.openvoiceos,"low_temperature.intent","What is the min temperature tomorrow night"
skill-ovos-weather.openvoiceos,"low_temperature.intent","What is the min temperature tuesday morning"
skill-ovos-weather.openvoiceos,"low_temperature.intent","What is the min temperature tuesday night"
skill-ovos-weather.openvoiceos,"low_temperature.intent","What is the min temperature wednesday morning"
skill-ovos-weather.openvoiceos,"low_temperature.intent","What is the min temperature wednesday night"
skill-ovos-weather.openvoiceos,"low_temperature.intent","What is the minimum temperature"
skill-ovos-weather.openvoiceos,"low_temperature.intent","What is the minimum temperature friday morning"
skill-ovos-weather.openvoiceos,"low_temperature.intent","What is the minimum temperature friday night"
skill-ovos-weather.openvoiceos,"low_temperature.intent","What is the minimum temperature monday morning"
skill-ovos-weather.openvoiceos,"low_temperature.intent","What is the minimum temperature monday night"
skill-ovos-weather.openvoiceos,"low_temperature.intent","What is the minimum temperature saturday morning"
skill-ovos-weather.openvoiceos,"low_temperature.intent","What is the minimum temperature saturday night"
skill-ovos-weather.openvoiceos,"low_temperature.intent","What is the minimum temperature sunday morning"
skill-ovos-weather.openvoiceos,"low_temperature.intent","What is the minimum temperature sunday night"
skill-ovos-weather.openvoiceos,"low_temperature.intent","What is the minimum temperature thursday morning"
skill-ovos-weather.openvoiceos,"low_temperature.intent","What is the minimum temperature thursday night"
skill-ovos-weather.openvoiceos,"low_temperature.intent","What is the minimum temperature tomorrow morning"
skill-ovos-weather.openvoiceos,"low_temperature.intent","What is the minimum temperature tomorrow night"
skill-ovos-weather.openvoiceos,"low_temperature.intent","What is the minimum temperature tuesday morning"
skill-ovos-weather.openvoiceos,"low_temperature.intent","What is the minimum temperature tuesday night"
skill-ovos-weather.openvoiceos,"low_temperature.intent","What is the minimum temperature wednesday morning"
skill-ovos-weather.openvoiceos,"low_temperature.intent","What is the minimum temperature wednesday night"
skill-ovos-weather.openvoiceos,"low_temperature.intent","are freezing temperatures expected"
skill-ovos-weather.openvoiceos,"low_temperature.intent","are freezing temperatures expected  in {location}"
skill-ovos-weather.openvoiceos,"low_temperature.intent","are freezing temperatures expected friday"
skill-ovos-weather.openvoiceos,"low_temperature.intent","are freezing temperatures expected friday in {location}"
skill-ovos-weather.openvoiceos,"low_temperature.intent","are freezing temperatures expected monday"
skill-ovos-weather.openvoiceos,"low_temperature.intent","are freezing temperatures expected monday in {location}"
skill-ovos-weather.openvoiceos,"low_temperature.intent","are freezing temperatures expected saturday"
skill-ovos-weather.openvoiceos,"low_temperature.intent","are freezing temperatures expected saturday in {location}"
skill-ovos-weather.openvoiceos,"low_temperature.intent","are freezing temperatures expected sunday"
skill-ovos-weather.openvoiceos,"low_temperature.intent","are freezing temperatures expected sunday in {location}"
skill-ovos-weather.openvoiceos,"low_temperature.intent","are freezing temperatures expected thursday"
skill-ovos-weather.openvoiceos,"low_temperature.intent","are freezing temperatures expected thursday in {location}"
skill-ovos-weather.openvoiceos,"low_temperature.intent","are freezing temperatures expected tomorrow"
skill-ovos-weather.openvoiceos,"low_temperature.intent","are freezing temperatures expected tomorrow in {location}"
skill-ovos-weather.openvoiceos,"low_temperature.intent","are freezing temperatures expected tonight"
skill-ovos-weather.openvoiceos,"low_temperature.intent","are freezing temperatures expected tonight in {location}"
skill-ovos-weather.openvoiceos,"low_temperature.intent","are freezing temperatures expected tuesday"
skill-ovos-weather.openvoiceos,"low_temperature.intent","are freezing temperatures expected tuesday in {location}"
skill-ovos-weather.openvoiceos,"low_temperature.intent","are freezing temperatures expected wednesday"
skill-ovos-weather.openvoiceos,"low_temperature.intent","are freezing temperatures expected wednesday in {location}"
skill-ovos-weather.openvoiceos,"low_temperature.intent","how cold will it get"
skill-ovos-weather.openvoiceos,"low_temperature.intent","how cold will it get  in {location}"
skill-ovos-weather.openvoiceos,"low_temperature.intent","how cold will it get friday"
skill-ovos-weather.openvoiceos,"low_temperature.intent","how cold will it get friday in {location}"
skill-ovos-weather.openvoiceos,"low_temperature.intent","how cold will it get monday"
skill-ovos-weather.openvoiceos,"low_temperature.intent","how cold will it get monday in {location}"
skill-ovos-weather.openvoiceos,"low_temperature.intent","how cold will it get saturday"
skill-ovos-weather.openvoiceos,"low_temperature.intent","how cold will it get saturday in {location}"
skill-ovos-weather.openvoiceos,"low_temperature.intent","how cold will it get sunday"
skill-ovos-weather.openvoiceos,"low_temperature.intent","how cold will it get sunday in {location}"
skill-ovos-weather.openvoiceos,"low_temperature.intent","how cold will it get thursday"
skill-ovos-weather.openvoiceos,"low_temperature.intent","how cold will it get thursday in {location}"
skill-ovos-weather.openvoiceos,"low_temperature.intent","how cold will it get tomorrow"
skill-ovos-weather.openvoiceos,"low_temperature.intent","how cold will it get tomorrow in {location}"
skill-ovos-weather.openvoiceos,"low_temperature.intent","how cold will it get tonight"
skill-ovos-weather.openvoiceos,"low_temperature.intent","how cold will it get tonight in {location}"
skill-ovos-weather.openvoiceos,"low_temperature.intent","how cold will it get tuesday"
skill-ovos-weather.openvoiceos,"low_temperature.intent","how cold will it get tuesday in {location}"
skill-ovos-weather.openvoiceos,"low_temperature.intent","how cold will it get wednesday"
skill-ovos-weather.openvoiceos,"low_temperature.intent","how cold will it get wednesday in {location}"
skill-ovos-weather.openvoiceos,"low_temperature.intent","minimum temperature forecast"
skill-ovos-weather.openvoiceos,"low_temperature.intent","should I expect frost"
skill-ovos-weather.openvoiceos,"low_temperature.intent","should I expect frost  in {location}"
skill-ovos-weather.openvoiceos,"low_temperature.intent","should I expect frost friday"
skill-ovos-weather.openvoiceos,"low_temperature.intent","should I expect frost friday in {location}"
skill-ovos-weather.openvoiceos,"low_temperature.intent","should I expect frost monday"
skill-ovos-weather.openvoiceos,"low_temperature.intent","should I expect frost monday in {location}"
skill-ovos-weather.openvoiceos,"low_temperature.intent","should I expect frost saturday"
skill-ovos-weather.openvoiceos,"low_temperature.intent","should I expect frost saturday in {location}"
skill-ovos-weather.openvoiceos,"low_temperature.intent","should I expect frost sunday"
skill-ovos-weather.openvoiceos,"low_temperature.intent","should I expect frost sunday in {location}"
skill-ovos-weather.openvoiceos,"low_temperature.intent","should I expect frost thursday"
skill-ovos-weather.openvoiceos,"low_temperature.intent","should I expect frost thursday in {location}"
skill-ovos-weather.openvoiceos,"low_temperature.intent","should I expect frost tomorrow"
skill-ovos-weather.openvoiceos,"low_temperature.intent","should I expect frost tomorrow in {location}"
skill-ovos-weather.openvoiceos,"low_temperature.intent","should I expect frost tonight"
skill-ovos-weather.openvoiceos,"low_temperature.intent","should I expect frost tonight in {location}"
skill-ovos-weather.openvoiceos,"low_temperature.intent","should I expect frost tuesday"
skill-ovos-weather.openvoiceos,"low_temperature.intent","should I expect frost tuesday in {location}"
skill-ovos-weather.openvoiceos,"low_temperature.intent","should I expect frost wednesday"
skill-ovos-weather.openvoiceos,"low_temperature.intent","should I expect frost wednesday in {location}"
skill-ovos-weather.openvoiceos,"low_temperature.intent","what's the coldest it will be"
skill-ovos-weather.openvoiceos,"low_temperature.intent","what's the coldest it will be  in {location}"
skill-ovos-weather.openvoiceos,"low_temperature.intent","what's the coldest it will be today"
skill-ovos-weather.openvoiceos,"low_temperature.intent","what's the coldest it will be today in {location}"
skill-ovos-weather.openvoiceos,"low_temperature.intent","what's the overnight low for friday"
skill-ovos-weather.openvoiceos,"low_temperature.intent","what's the overnight low for friday in {location}"
skill-ovos-weather.openvoiceos,"low_temperature.intent","what's the overnight low for monday"
skill-ovos-weather.openvoiceos,"low_temperature.intent","what's the overnight low for monday in {location}"
skill-ovos-weather.openvoiceos,"low_temperature.intent","what's the overnight low for saturday"
skill-ovos-weather.openvoiceos,"low_temperature.intent","what's the overnight low for saturday in {location}"
skill-ovos-weather.openvoiceos,"low_temperature.intent","what's the overnight low for sunday"
skill-ovos-weather.openvoiceos,"low_temperature.intent","what's the overnight low for sunday in {location}"
skill-ovos-weather.openvoiceos,"low_temperature.intent","what's the overnight low for thursday"
skill-ovos-weather.openvoiceos,"low_temperature.intent","what's the overnight low for thursday in {location}"
skill-ovos-weather.openvoiceos,"low_temperature.intent","what's the overnight low for tomorrow"
skill-ovos-weather.openvoiceos,"low_temperature.intent","what's the overnight low for tomorrow in {location}"
skill-ovos-weather.openvoiceos,"low_temperature.intent","what's the overnight low for tonight"
skill-ovos-weather.openvoiceos,"low_temperature.intent","what's the overnight low for tonight in {location}"
skill-ovos-weather.openvoiceos,"low_temperature.intent","what's the overnight low for tuesday"
skill-ovos-weather.openvoiceos,"low_temperature.intent","what's the overnight low for tuesday in {location}"
skill-ovos-weather.openvoiceos,"low_temperature.intent","what's the overnight low for wednesday"
skill-ovos-weather.openvoiceos,"low_temperature.intent","what's the overnight low for wednesday in {location}"
skill-ovos-weather.openvoiceos,"low_temperature.intent","will it be below freezing"
skill-ovos-weather.openvoiceos,"low_temperature.intent","will it be below freezing  in {location}"
skill-ovos-weather.openvoiceos,"low_temperature.intent","will it be below freezing friday"
skill-ovos-weather.openvoiceos,"low_temperature.intent","will it be below freezing friday in {location}"
skill-ovos-weather.openvoiceos,"low_temperature.intent","will it be below freezing monday"
skill-ovos-weather.openvoiceos,"low_temperature.intent","will it be below freezing monday in {location}"
skill-ovos-weather.openvoiceos,"low_temperature.intent","will it be below freezing saturday"
skill-ovos-weather.openvoiceos,"low_temperature.intent","will it be below freezing saturday in {location}"
skill-ovos-weather.openvoiceos,"low_temperature.intent","will it be below freezing sunday"
skill-ovos-weather.openvoiceos,"low_temperature.intent","will it be below freezing sunday in {location}"
skill-ovos-weather.openvoiceos,"low_temperature.intent","will it be below freezing thursday"
skill-ovos-weather.openvoiceos,"low_temperature.intent","will it be below freezing thursday in {location}"
skill-ovos-weather.openvoiceos,"low_temperature.intent","will it be below freezing tomorrow"
skill-ovos-weather.openvoiceos,"low_temperature.intent","will it be below freezing tomorrow in {location}"
skill-ovos-weather.openvoiceos,"low_temperature.intent","will it be below freezing tonight"
skill-ovos-weather.openvoiceos,"low_temperature.intent","will it be below freezing tonight in {location}"
skill-ovos-weather.openvoiceos,"low_temperature.intent","will it be below freezing tuesday"
skill-ovos-weather.openvoiceos,"low_temperature.intent","will it be below freezing tuesday in {location}"
skill-ovos-weather.openvoiceos,"low_temperature.intent","will it be below freezing wednesday"
skill-ovos-weather.openvoiceos,"low_temperature.intent","will it be below freezing wednesday in {location}"
skill-ovos-weather.openvoiceos,"sunset.intent","at what time does it get dark"
skill-ovos-weather.openvoiceos,"sunset.intent","at what time does it get dark in {location}"
skill-ovos-weather.openvoiceos,"sunset.intent","sunset schedule for today"
skill-ovos-weather.openvoiceos,"sunset.intent","sunset time"
skill-ovos-weather.openvoiceos,"sunset.intent","sunset time today"
skill-ovos-weather.openvoiceos,"sunset.intent","what time does the sun set"
skill-ovos-weather.openvoiceos,"sunset.intent","what time does the sun set in {location}"
skill-ovos-weather.openvoiceos,"sunset.intent","what's the dusk time"
skill-ovos-weather.openvoiceos,"sunset.intent","what's the dusk time  in {location}"
skill-ovos-weather.openvoiceos,"sunset.intent","what's the dusk time today"
skill-ovos-weather.openvoiceos,"sunset.intent","what's the dusk time today in {location}"
skill-ovos-weather.openvoiceos,"sunset.intent","what's the sunset time"
skill-ovos-weather.openvoiceos,"sunset.intent","what's the sunset time in {location}"
skill-ovos-weather.openvoiceos,"sunset.intent","when does evening light end"
skill-ovos-weather.openvoiceos,"sunset.intent","when does evening light end in {location}"
skill-ovos-weather.openvoiceos,"sunset.intent","when is the sunset"
skill-ovos-weather.openvoiceos,"sunset.intent","when will the sun go down"
skill-ovos-weather.openvoiceos,"sunset.intent","when will the sun go down in {location}"
skill-ovos-weather.openvoiceos,"is_rain.intent","do I need a raincoat tomorrow"
skill-ovos-weather.openvoiceos,"is_rain.intent","do I need an umbrella for my commute"
skill-ovos-weather.openvoiceos,"is_rain.intent","do I need an umbrella tomorrow"
skill-ovos-weather.openvoiceos,"is_rain.intent","do I need to bring a rain jacket"
skill-ovos-weather.openvoiceos,"is_rain.intent","do I need to bring an umbrella to the event"
skill-ovos-weather.openvoiceos,"is_rain.intent","do I need to dress for rainy weather"
skill-ovos-weather.openvoiceos,"is_rain.intent","do I need to prepare for a rainstorm"
skill-ovos-weather.openvoiceos,"is_rain.intent","do I need to prepare for rain"
skill-ovos-weather.openvoiceos,"is_rain.intent","do I need to prepare for rain in {location}"
skill-ovos-weather.openvoiceos,"is_rain.intent","do I need to protect myself from rain"
skill-ovos-weather.openvoiceos,"is_rain.intent","do I need to take precautions for rain"
skill-ovos-weather.openvoiceos,"is_rain.intent","do I need to watch out for rain showers"
skill-ovos-weather.openvoiceos,"is_rain.intent","do I need to worry about rain"
skill-ovos-weather.openvoiceos,"is_rain.intent","do I need to worry about rain in {location}"
skill-ovos-weather.openvoiceos,"is_rain.intent","is it going to be rainy"
skill-ovos-weather.openvoiceos,"is_rain.intent","is it going to be rainy in {location}"
skill-ovos-weather.openvoiceos,"is_rain.intent","is it raining"
skill-ovos-weather.openvoiceos,"is_rain.intent","is it raining  in {location}"
skill-ovos-weather.openvoiceos,"is_rain.intent","is it raining today"
skill-ovos-weather.openvoiceos,"is_rain.intent","is it raining today in {location}"
skill-ovos-weather.openvoiceos,"is_rain.intent","is rain expected in the evening"
skill-ovos-weather.openvoiceos,"is_rain.intent","is rain expected in the evening in {location}"
skill-ovos-weather.openvoiceos,"is_rain.intent","is rain expected later"
skill-ovos-weather.openvoiceos,"is_rain.intent","is rain expected later in {location}"
skill-ovos-weather.openvoiceos,"is_rain.intent","is rain in the weather forecast"
skill-ovos-weather.openvoiceos,"is_rain.intent","is rain in the weather forecast for {location}"
skill-ovos-weather.openvoiceos,"is_rain.intent","is rain likely"
skill-ovos-weather.openvoiceos,"is_rain.intent","is rain likely  in {location}"
skill-ovos-weather.openvoiceos,"is_rain.intent","is rain likely today"
skill-ovos-weather.openvoiceos,"is_rain.intent","is rain likely today in {location}"
skill-ovos-weather.openvoiceos,"is_rain.intent","is there a chance of rain"
skill-ovos-weather.openvoiceos,"is_rain.intent","is there a chance of rain today"
skill-ovos-weather.openvoiceos,"is_rain.intent","is there a possibility of rain tomorrow"
skill-ovos-weather.openvoiceos,"is_rain.intent","is there rain in the forecast"
skill-ovos-weather.openvoiceos,"is_rain.intent","is there rain in the forecast for {location}"
skill-ovos-weather.openvoiceos,"is_rain.intent","should I be prepared for rain"
skill-ovos-weather.openvoiceos,"is_rain.intent","should I bring a rain hat"
skill-ovos-weather.openvoiceos,"is_rain.intent","should I bring an umbrella to the park"
skill-ovos-weather.openvoiceos,"is_rain.intent","should I bring my rain boots"
skill-ovos-weather.openvoiceos,"is_rain.intent","should I bring my umbrella"
skill-ovos-weather.openvoiceos,"is_rain.intent","should I bring my umbrella today"
skill-ovos-weather.openvoiceos,"is_rain.intent","should I carry an umbrella in my bag"
skill-ovos-weather.openvoiceos,"is_rain.intent","should I carry an umbrella with me"
skill-ovos-weather.openvoiceos,"is_rain.intent","should I have a backup plan for rain"
skill-ovos-weather.openvoiceos,"is_rain.intent","should I pack a raincoat for the trip"
skill-ovos-weather.openvoiceos,"is_rain.intent","will it be a rainy day"
skill-ovos-weather.openvoiceos,"is_rain.intent","will it be a rainy day in {location}"
skill-ovos-weather.openvoiceos,"is_rain.intent","will it be raining tomorrow"
skill-ovos-weather.openvoiceos,"is_rain.intent","will it be raining tomorrow in {location}"
skill-ovos-weather.openvoiceos,"is_rain.intent","will it be rainy outside"
skill-ovos-weather.openvoiceos,"is_rain.intent","will it rain"
skill-ovos-weather.openvoiceos,"is_rain.intent","will it rain  in {location}"
skill-ovos-weather.openvoiceos,"is_rain.intent","will it rain during the weekend"
skill-ovos-weather.openvoiceos,"is_rain.intent","will it rain heavily"
skill-ovos-weather.openvoiceos,"is_rain.intent","will it rain heavily in {location}"
skill-ovos-weather.openvoiceos,"is_rain.intent","will it rain today"
skill-ovos-weather.openvoiceos,"is_rain.intent","will it rain today in {location}"
skill-ovos-weather.openvoiceos,"is_rain.intent","will there be precipitation"
skill-ovos-weather.openvoiceos,"is_rain.intent","will there be precipitation today"
skill-ovos-weather.openvoiceos,"is_rain.intent","will there be showers"
skill-ovos-weather.openvoiceos,"is_rain.intent","will there be showers today"
skill-ovos-weather.openvoiceos,"is_stormy.intent","are there any storm alerts"
skill-ovos-weather.openvoiceos,"is_stormy.intent","are there any storm alerts  in {location}"
skill-ovos-weather.openvoiceos,"is_stormy.intent","are there any storm alerts today"
skill-ovos-weather.openvoiceos,"is_stormy.intent","are there any storm alerts today in {location}"
skill-ovos-weather.openvoiceos,"is_stormy.intent","are there severe weather warnings"
skill-ovos-weather.openvoiceos,"is_stormy.intent","are there severe weather warnings in {location}"
skill-ovos-weather.openvoiceos,"is_stormy.intent","are there storm alerts"
skill-ovos-weather.openvoiceos,"is_stormy.intent","are there storm alerts in {location}"
skill-ovos-weather.openvoiceos,"is_stormy.intent","do I need to prepare for a storm"
skill-ovos-weather.openvoiceos,"is_stormy.intent","do I need to prepare for a storm in {location}"
skill-ovos-weather.openvoiceos,"is_stormy.intent","is a severe weather event expected"
skill-ovos-weather.openvoiceos,"is_stormy.intent","is a severe weather event expected in {location}"
skill-ovos-weather.openvoiceos,"is_stormy.intent","is a storm expected"
skill-ovos-weather.openvoiceos,"is_stormy.intent","is a storm expected in {location}"
skill-ovos-weather.openvoiceos,"is_stormy.intent","is a thunderstorm forecasted"
skill-ovos-weather.openvoiceos,"is_stormy.intent","is a thunderstorm forecasted in {location}"
skill-ovos-weather.openvoiceos,"is_stormy.intent","is a thunderstorm likely"
skill-ovos-weather.openvoiceos,"is_stormy.intent","is a thunderstorm likely in {location}"
skill-ovos-weather.openvoiceos,"is_stormy.intent","is it storming"
skill-ovos-weather.openvoiceos,"is_stormy.intent","is it storming  in {location}"
skill-ovos-weather.openvoiceos,"is_stormy.intent","is it storming today"
skill-ovos-weather.openvoiceos,"is_stormy.intent","is it storming today in {location}"
skill-ovos-weather.openvoiceos,"is_stormy.intent","is there a thunderstorm"
skill-ovos-weather.openvoiceos,"is_stormy.intent","is there a thunderstorm  in {location}"
skill-ovos-weather.openvoiceos,"is_stormy.intent","is there a thunderstorm today"
skill-ovos-weather.openvoiceos,"is_stormy.intent","is there a thunderstorm today in {location}"
skill-ovos-weather.openvoiceos,"is_stormy.intent","is there thunder and lightning"
skill-ovos-weather.openvoiceos,"is_stormy.intent","is there thunder and lightning  in {location}"
skill-ovos-weather.openvoiceos,"is_stormy.intent","is there thunder and lightning today"
skill-ovos-weather.openvoiceos,"is_stormy.intent","is there thunder and lightning today in {location}"
skill-ovos-weather.openvoiceos,"is_stormy.intent","should I stay indoors due to bad weather"
skill-ovos-weather.openvoiceos,"is_stormy.intent","should I stay indoors due to bad weather in {location}"
skill-ovos-weather.openvoiceos,"is_stormy.intent","should I stay indoors due to storms"
skill-ovos-weather.openvoiceos,"is_stormy.intent","should I stay indoors due to storms in {location}"
skill-ovos-weather.openvoiceos,"is_stormy.intent","will there be a storm"
skill-ovos-weather.openvoiceos,"is_stormy.intent","will there be a storm in {location}"
skill-ovos-weather.openvoiceos,"is_stormy.intent","will there be a thunderstorm"
skill-ovos-weather.openvoiceos,"is_stormy.intent","will there be a thunderstorm in {location}"
skill-ovos-weather.openvoiceos,"sunrise.intent","at what time does daylight begin"
skill-ovos-weather.openvoiceos,"sunrise.intent","at what time does daylight begin in {location}"
skill-ovos-weather.openvoiceos,"sunrise.intent","sunrise schedule for today"
skill-ovos-weather.openvoiceos,"sunrise.intent","sunrise time"
skill-ovos-weather.openvoiceos,"sunrise.intent","sunrise time today"
skill-ovos-weather.openvoiceos,"sunrise.intent","what time does the sun rise"
skill-ovos-weather.openvoiceos,"sunrise.intent","what time does the sun rise in {location}"
skill-ovos-weather.openvoiceos,"sunrise.intent","what's the dawn time"
skill-ovos-weather.openvoiceos,"sunrise.intent","what's the dawn time  in {location}"
skill-ovos-weather.openvoiceos,"sunrise.intent","what's the dawn time today"
skill-ovos-weather.openvoiceos,"sunrise.intent","what's the dawn time today in {location}"
skill-ovos-weather.openvoiceos,"sunrise.intent","what's the sunrise time"
skill-ovos-weather.openvoiceos,"sunrise.intent","what's the sunrise time in {location}"
skill-ovos-weather.openvoiceos,"sunrise.intent","when does morning light start"
skill-ovos-weather.openvoiceos,"sunrise.intent","when does morning light start in {location}"
skill-ovos-weather.openvoiceos,"sunrise.intent","when is the sunrise"
skill-ovos-weather.openvoiceos,"sunrise.intent","when is the sunrise in {location}"
skill-ovos-weather.openvoiceos,"sunrise.intent","when will the sun come up"
skill-ovos-weather.openvoiceos,"sunrise.intent","when will the sun come up in {location}"
skill-ovos-weather.openvoiceos,"current_temperature.intent","What is the  temperature"
skill-ovos-weather.openvoiceos,"current_temperature.intent","What is the  temperature  in Celsius"
skill-ovos-weather.openvoiceos,"current_temperature.intent","What is the  temperature  in Fahrenheit"
skill-ovos-weather.openvoiceos,"current_temperature.intent","What is the  temperature in {location} in Celsius"
skill-ovos-weather.openvoiceos,"current_temperature.intent","What is the  temperature in {location} in Fahrenheit"
skill-ovos-weather.openvoiceos,"current_temperature.intent","What is the  temperature now"
skill-ovos-weather.openvoiceos,"current_temperature.intent","What is the  temperature outside"
skill-ovos-weather.openvoiceos,"current_temperature.intent","What is the  temperature today"
skill-ovos-weather.openvoiceos,"current_temperature.intent","What is the current temperature"
skill-ovos-weather.openvoiceos,"current_temperature.intent","What is the current temperature  in Celsius"
skill-ovos-weather.openvoiceos,"current_temperature.intent","What is the current temperature  in Fahrenheit"
skill-ovos-weather.openvoiceos,"current_temperature.intent","What is the current temperature in {location} in Celsius"
skill-ovos-weather.openvoiceos,"current_temperature.intent","What is the current temperature in {location} in Fahrenheit"
skill-ovos-weather.openvoiceos,"current_temperature.intent","What is the current temperature now"
skill-ovos-weather.openvoiceos,"current_temperature.intent","What is the current temperature outside"
skill-ovos-weather.openvoiceos,"current_temperature.intent","What is the current temperature today"
skill-ovos-weather.openvoiceos,"current_temperature.intent","What is the temperature"
skill-ovos-weather.openvoiceos,"current_temperature.intent","What is the temperature  now"
skill-ovos-weather.openvoiceos,"current_temperature.intent","What is the temperature  outside"
skill-ovos-weather.openvoiceos,"current_temperature.intent","What is the temperature  today"
skill-ovos-weather.openvoiceos,"current_temperature.intent","What is the temperature in {location}"
skill-ovos-weather.openvoiceos,"current_temperature.intent","What is the temperature in {location} now"
skill-ovos-weather.openvoiceos,"current_temperature.intent","What is the temperature in {location} outside"
skill-ovos-weather.openvoiceos,"current_temperature.intent","What is the temperature in {location} today"
skill-ovos-weather.openvoiceos,"current_temperature.intent","current temperature update"
skill-ovos-weather.openvoiceos,"current_temperature.intent","do I need a coat"
skill-ovos-weather.openvoiceos,"current_temperature.intent","do I need a coat  in {location}"
skill-ovos-weather.openvoiceos,"current_temperature.intent","do I need a coat today"
skill-ovos-weather.openvoiceos,"current_temperature.intent","do I need a coat today in {location}"
skill-ovos-weather.openvoiceos,"current_temperature.intent","do I need a jacket"
skill-ovos-weather.openvoiceos,"current_temperature.intent","do I need a jacket  in {location}"
skill-ovos-weather.openvoiceos,"current_temperature.intent","do I need a jacket today"
skill-ovos-weather.openvoiceos,"current_temperature.intent","do I need a jacket today in {location}"
skill-ovos-weather.openvoiceos,"current_temperature.intent","how chilly is it"
skill-ovos-weather.openvoiceos,"current_temperature.intent","how chilly is it  right now"
skill-ovos-weather.openvoiceos,"current_temperature.intent","how chilly is it in {location}"
skill-ovos-weather.openvoiceos,"current_temperature.intent","how chilly is it in {location} right now"
skill-ovos-weather.openvoiceos,"current_temperature.intent","how cold is it"
skill-ovos-weather.openvoiceos,"current_temperature.intent","how cold is it  right now"
skill-ovos-weather.openvoiceos,"current_temperature.intent","how cold is it in {location}"
skill-ovos-weather.openvoiceos,"current_temperature.intent","how cold is it in {location} right now"
skill-ovos-weather.openvoiceos,"current_temperature.intent","how hot is it"
skill-ovos-weather.openvoiceos,"current_temperature.intent","how hot is it  right now"
skill-ovos-weather.openvoiceos,"current_temperature.intent","how hot is it in {location}"
skill-ovos-weather.openvoiceos,"current_temperature.intent","how hot is it in {location} right now"
skill-ovos-weather.openvoiceos,"current_temperature.intent","how hot or cold is it"
skill-ovos-weather.openvoiceos,"current_temperature.intent","how hot or cold is it  right now"
skill-ovos-weather.openvoiceos,"current_temperature.intent","how hot or cold is it in {location}"
skill-ovos-weather.openvoiceos,"current_temperature.intent","how hot or cold is it in {location} right now"
skill-ovos-weather.openvoiceos,"current_temperature.intent","how warm is it"
skill-ovos-weather.openvoiceos,"current_temperature.intent","how warm is it  right now"
skill-ovos-weather.openvoiceos,"current_temperature.intent","how warm is it in {location}"
skill-ovos-weather.openvoiceos,"current_temperature.intent","how warm is it in {location} right now"
skill-ovos-weather.openvoiceos,"current_temperature.intent","is it cold outside"
skill-ovos-weather.openvoiceos,"current_temperature.intent","is it cold outside in {location}"
skill-ovos-weather.openvoiceos,"current_temperature.intent","is it hot outside"
skill-ovos-weather.openvoiceos,"current_temperature.intent","is it hot outside in {location}"
skill-ovos-weather.openvoiceos,"current_temperature.intent","is it warm outside"
skill-ovos-weather.openvoiceos,"current_temperature.intent","is it warm outside in {location}"
skill-ovos-weather.openvoiceos,"current_temperature.intent","tell me the temperature  now"
skill-ovos-weather.openvoiceos,"current_temperature.intent","tell me the temperature in {location} now"
skill-ovos-weather.openvoiceos,"current_temperature.intent","what's the temp"
skill-ovos-weather.openvoiceos,"current_temperature.intent","what's the temp  now"
skill-ovos-weather.openvoiceos,"current_temperature.intent","what's the temp in {location}"
skill-ovos-weather.openvoiceos,"current_temperature.intent","what's the temp in {location} now"
skill-ovos-weather.openvoiceos,"humidity.intent","current humidity"
skill-ovos-weather.openvoiceos,"humidity.intent","do I need a humidifier"
skill-ovos-weather.openvoiceos,"humidity.intent","do I need a humidifier  in {location}"
skill-ovos-weather.openvoiceos,"humidity.intent","do I need a humidifier today"
skill-ovos-weather.openvoiceos,"humidity.intent","do I need a humidifier today in {location}"
skill-ovos-weather.openvoiceos,"humidity.intent","how humid is it"
skill-ovos-weather.openvoiceos,"humidity.intent","how humid is it in {location}"
skill-ovos-weather.openvoiceos,"humidity.intent","humidity percentage right now"
skill-ovos-weather.openvoiceos,"humidity.intent","is it humid"
skill-ovos-weather.openvoiceos,"humidity.intent","is it humid  in {location}"
skill-ovos-weather.openvoiceos,"humidity.intent","is it humid today"
skill-ovos-weather.openvoiceos,"humidity.intent","is it humid today in {location}"
skill-ovos-weather.openvoiceos,"humidity.intent","is it muggy outside"
skill-ovos-weather.openvoiceos,"humidity.intent","is it muggy outside in {location}"
skill-ovos-weather.openvoiceos,"humidity.intent","is the air dry or moist"
skill-ovos-weather.openvoiceos,"humidity.intent","is the air dry or moist  in {location}"
skill-ovos-weather.openvoiceos,"humidity.intent","is the air dry or moist today"
skill-ovos-weather.openvoiceos,"humidity.intent","is the air dry or moist today in {location}"
skill-ovos-weather.openvoiceos,"humidity.intent","what's the air moisture level"
skill-ovos-weather.openvoiceos,"humidity.intent","what's the air moisture level in {location}"
skill-ovos-weather.openvoiceos,"humidity.intent","what's the humidity level"
skill-ovos-weather.openvoiceos,"humidity.intent","what's the humidity level in {location}"
skill-ovos-weather.openvoiceos,"is_snow.intent","are roads expected to be icy"
skill-ovos-weather.openvoiceos,"is_snow.intent","are roads expected to be icy in {location}"
skill-ovos-weather.openvoiceos,"is_snow.intent","are roads expected to be snowy"
skill-ovos-weather.openvoiceos,"is_snow.intent","are roads expected to be snowy in {location}"
skill-ovos-weather.openvoiceos,"is_snow.intent","do I need to prepare for snow"
skill-ovos-weather.openvoiceos,"is_snow.intent","do I need to prepare for snow in {location}"
skill-ovos-weather.openvoiceos,"is_snow.intent","how much snow is expected"
skill-ovos-weather.openvoiceos,"is_snow.intent","how much snow is expected in {location}"
skill-ovos-weather.openvoiceos,"is_snow.intent","is it snowing"
skill-ovos-weather.openvoiceos,"is_snow.intent","is it snowing  in {location}"
skill-ovos-weather.openvoiceos,"is_snow.intent","is it snowing today"
skill-ovos-weather.openvoiceos,"is_snow.intent","is it snowing today in {location}"
skill-ovos-weather.openvoiceos,"is_snow.intent","is it snowy"
skill-ovos-weather.openvoiceos,"is_snow.intent","is it snowy  in {location}"
skill-ovos-weather.openvoiceos,"is_snow.intent","is it snowy today"
skill-ovos-weather.openvoiceos,"is_snow.intent","is it snowy today in {location}"
skill-ovos-weather.openvoiceos,"is_snow.intent","is snow expected"
skill-ovos-weather.openvoiceos,"is_snow.intent","is snow expected in {location}"
skill-ovos-weather.openvoiceos,"is_snow.intent","is snow in the forecast"
skill-ovos-weather.openvoiceos,"is_snow.intent","is snow in the forecast in {location}"
skill-ovos-weather.openvoiceos,"is_snow.intent","is there snow in the forecast"
skill-ovos-weather.openvoiceos,"is_snow.intent","is there snow in the forecast in {location}"
skill-ovos-weather.openvoiceos,"is_snow.intent","should I expect snow accumulation"
skill-ovos-weather.openvoiceos,"is_snow.intent","should I expect snow accumulation in {location}"
skill-ovos-weather.openvoiceos,"is_snow.intent","will it snow today"
skill-ovos-weather.openvoiceos,"is_snow.intent","will it snow today in {location}"
skill-ovos-weather.openvoiceos,"is_snow.intent","will there be snowfall today"
skill-ovos-weather.openvoiceos,"is_snow.intent","will there be snowfall today in {location}"
skill-ovos-weather.openvoiceos,"is_snow.intent","will there be snowfall tonight"
skill-ovos-weather.openvoiceos,"is_snow.intent","will there be snowfall tonight in {location}"
skill-ovos-weather.openvoiceos,"hourly_forecast.intent","What's the forecast for friday at 1 am"
skill-ovos-weather.openvoiceos,"hourly_forecast.intent","What's the forecast for friday at 1 am in {location}"
skill-ovos-weather.openvoiceos,"hourly_forecast.intent","What's the forecast for friday at 1 pm"
skill-ovos-weather.openvoiceos,"hourly_forecast.intent","What's the forecast for friday at 1 pm in {location}"
skill-ovos-weather.openvoiceos,"hourly_forecast.intent","What's the forecast for friday at 10 am"
skill-ovos-weather.openvoiceos,"hourly_forecast.intent","What's the forecast for friday at 10 am in {location}"
skill-ovos-weather.openvoiceos,"hourly_forecast.intent","What's the forecast for friday at 10 pm"
skill-ovos-weather.openvoiceos,"hourly_forecast.intent","What's the forecast for friday at 10 pm in {location}"
skill-ovos-weather.openvoiceos,"hourly_forecast.intent","What's the forecast for friday at 11 am"
skill-ovos-weather.openvoiceos,"hourly_forecast.intent","What's the forecast for friday at 11 am in {location}"
skill-ovos-weather.openvoiceos,"hourly_forecast.intent","What's the forecast for friday at 11 pm"
skill-ovos-weather.openvoiceos,"hourly_forecast.intent","What's the forecast for friday at 11 pm in {location}"
skill-ovos-weather.openvoiceos,"hourly_forecast.intent","What's the forecast for friday at 12 am"
skill-ovos-weather.openvoiceos,"hourly_forecast.intent","What's the forecast for friday at 12 am in {location}"
skill-ovos-weather.openvoiceos,"hourly_forecast.intent","What's the forecast for friday at 12 pm"
skill-ovos-weather.openvoiceos,"hourly_forecast.intent","What's the forecast for friday at 12 pm in {location}"
skill-ovos-weather.openvoiceos,"hourly_forecast.intent","What's the forecast for friday at 2 am"
skill-ovos-weather.openvoiceos,"hourly_forecast.intent","What's the forecast for friday at 2 am in {location}"
skill-ovos-weather.openvoiceos,"hourly_forecast.intent","What's the forecast for friday at 2 pm"
skill-ovos-weather.openvoiceos,"hourly_forecast.intent","What's the forecast for friday at 2 pm in {location}"
skill-ovos-weather.openvoiceos,"hourly_forecast.intent","What's the forecast for friday at 3 am"
skill-ovos-weather.openvoiceos,"hourly_forecast.intent","What's the forecast for friday at 3 am in {location}"
skill-ovos-weather.openvoiceos,"hourly_forecast.intent","What's the forecast for friday at 3 pm"
skill-ovos-weather.openvoiceos,"hourly_forecast.intent","What's the forecast for friday at 3 pm in {location}"
skill-ovos-weather.openvoiceos,"hourly_forecast.intent","What's the forecast for friday at 4 am"
skill-ovos-weather.openvoiceos,"hourly_forecast.intent","What's the forecast for friday at 4 am in {location}"
skill-ovos-weather.openvoiceos,"hourly_forecast.intent","What's the forecast for friday at 4 pm"
skill-ovos-weather.openvoiceos,"hourly_forecast.intent","What's the forecast for friday at 4 pm in {location}"
skill-ovos-weather.openvoiceos,"hourly_forecast.intent","What's the forecast for friday at 5 am"
skill-ovos-weather.openvoiceos,"hourly_forecast.intent","What's the forecast for friday at 5 am in {location}"
skill-ovos-weather.openvoiceos,"hourly_forecast.intent","What's the forecast for friday at 5 pm"
skill-ovos-weather.openvoiceos,"hourly_forecast.intent","What's the forecast for friday at 5 pm in {location}"
skill-ovos-weather.openvoiceos,"hourly_forecast.intent","What's the forecast for friday at 6 am"
skill-ovos-weather.openvoiceos,"hourly_forecast.intent","What's the forecast for friday at 6 am in {location}"
skill-ovos-weather.openvoiceos,"hourly_forecast.intent","What's the forecast for friday at 6 pm"
skill-ovos-weather.openvoiceos,"hourly_forecast.intent","What's the forecast for friday at 6 pm in {location}"
skill-ovos-weather.openvoiceos,"hourly_forecast.intent","What's the forecast for friday at 7 am"
skill-ovos-weather.openvoiceos,"hourly_forecast.intent","What's the forecast for friday at 7 am in {location}"
skill-ovos-weather.openvoiceos,"hourly_forecast.intent","What's the forecast for friday at 7 pm"
skill-ovos-weather.openvoiceos,"hourly_forecast.intent","What's the forecast for friday at 7 pm in {location}"
skill-ovos-weather.openvoiceos,"hourly_forecast.intent","What's the forecast for friday at 8 am"
skill-ovos-weather.openvoiceos,"hourly_forecast.intent","What's the forecast for friday at 8 am in {location}"
skill-ovos-weather.openvoiceos,"hourly_forecast.intent","What's the forecast for friday at 8 pm"
skill-ovos-weather.openvoiceos,"hourly_forecast.intent","What's the forecast for friday at 8 pm in {location}"
skill-ovos-weather.openvoiceos,"hourly_forecast.intent","What's the forecast for friday at 9 am"
skill-ovos-weather.openvoiceos,"hourly_forecast.intent","What's the forecast for friday at 9 am in {location}"
skill-ovos-weather.openvoiceos,"hourly_forecast.intent","What's the forecast for friday at 9 pm"
skill-ovos-weather.openvoiceos,"hourly_forecast.intent","What's the forecast for friday at 9 pm in {location}"
skill-ovos-weather.openvoiceos,"hourly_forecast.intent","What's the forecast for monday at 1 am"
skill-ovos-weather.openvoiceos,"hourly_forecast.intent","What's the forecast for monday at 1 am in {location}"
skill-ovos-weather.openvoiceos,"hourly_forecast.intent","What's the forecast for monday at 1 pm"
skill-ovos-weather.openvoiceos,"hourly_forecast.intent","What's the forecast for monday at 1 pm in {location}"
skill-ovos-weather.openvoiceos,"hourly_forecast.intent","What's the forecast for monday at 10 am"
skill-ovos-weather.openvoiceos,"hourly_forecast.intent","What's the forecast for monday at 10 am in {location}"
skill-ovos-weather.openvoiceos,"hourly_forecast.intent","What's the forecast for monday at 10 pm"
skill-ovos-weather.openvoiceos,"hourly_forecast.intent","What's the forecast for monday at 10 pm in {location}"
skill-ovos-weather.openvoiceos,"hourly_forecast.intent","What's the forecast for monday at 11 am"
skill-ovos-weather.openvoiceos,"hourly_forecast.intent","What's the forecast for monday at 11 am in {location}"
skill-ovos-weather.openvoiceos,"hourly_forecast.intent","What's the forecast for monday at 11 pm"
skill-ovos-weather.openvoiceos,"hourly_forecast.intent","What's the forecast for monday at 11 pm in {location}"
skill-ovos-weather.openvoiceos,"hourly_forecast.intent","What's the forecast for monday at 12 am"
skill-ovos-weather.openvoiceos,"hourly_forecast.intent","What's the forecast for monday at 12 am in {location}"
skill-ovos-weather.openvoiceos,"hourly_forecast.intent","What's the forecast for monday at 12 pm"
skill-ovos-weather.openvoiceos,"hourly_forecast.intent","What's the forecast for monday at 12 pm in {location}"
skill-ovos-weather.openvoiceos,"hourly_forecast.intent","What's the forecast for monday at 2 am"
skill-ovos-weather.openvoiceos,"hourly_forecast.intent","What's the forecast for monday at 2 am in {location}"
skill-ovos-weather.openvoiceos,"hourly_forecast.intent","What's the forecast for monday at 2 pm"
skill-ovos-weather.openvoiceos,"hourly_forecast.intent","What's the forecast for monday at 2 pm in {location}"
skill-ovos-weather.openvoiceos,"hourly_forecast.intent","What's the forecast for monday at 3 am"
skill-ovos-weather.openvoiceos,"hourly_forecast.intent","What's the forecast for monday at 3 am in {location}"
skill-ovos-weather.openvoiceos,"hourly_forecast.intent","What's the forecast for monday at 3 pm"
skill-ovos-weather.openvoiceos,"hourly_forecast.intent","What's the forecast for monday at 3 pm in {location}"
skill-ovos-weather.openvoiceos,"hourly_forecast.intent","What's the forecast for monday at 4 am"
skill-ovos-weather.openvoiceos,"hourly_forecast.intent","What's the forecast for monday at 4 am in {location}"
skill-ovos-weather.openvoiceos,"hourly_forecast.intent","What's the forecast for monday at 4 pm"
skill-ovos-weather.openvoiceos,"hourly_forecast.intent","What's the forecast for monday at 4 pm in {location}"
skill-ovos-weather.openvoiceos,"hourly_forecast.intent","What's the forecast for monday at 5 am"
skill-ovos-weather.openvoiceos,"hourly_forecast.intent","What's the forecast for monday at 5 am in {location}"
skill-ovos-weather.openvoiceos,"hourly_forecast.intent","What's the forecast for monday at 5 pm"
skill-ovos-weather.openvoiceos,"hourly_forecast.intent","What's the forecast for monday at 5 pm in {location}"
skill-ovos-weather.openvoiceos,"hourly_forecast.intent","What's the forecast for monday at 6 am"
skill-ovos-weather.openvoiceos,"hourly_forecast.intent","What's the forecast for monday at 6 am in {location}"
skill-ovos-weather.openvoiceos,"hourly_forecast.intent","What's the forecast for monday at 6 pm"
skill-ovos-weather.openvoiceos,"hourly_forecast.intent","What's the forecast for monday at 6 pm in {location}"
skill-ovos-weather.openvoiceos,"hourly_forecast.intent","What's the forecast for monday at 7 am"
skill-ovos-weather.openvoiceos,"hourly_forecast.intent","What's the forecast for monday at 7 am in {location}"
skill-ovos-weather.openvoiceos,"hourly_forecast.intent","What's the forecast for monday at 7 pm"
skill-ovos-weather.openvoiceos,"hourly_forecast.intent","What's the forecast for monday at 7 pm in {location}"
skill-ovos-weather.openvoiceos,"hourly_forecast.intent","What's the forecast for monday at 8 am"
skill-ovos-weather.openvoiceos,"hourly_forecast.intent","What's the forecast for monday at 8 am in {location}"
skill-ovos-weather.openvoiceos,"hourly_forecast.intent","What's the forecast for monday at 8 pm"
skill-ovos-weather.openvoiceos,"hourly_forecast.intent","What's the forecast for monday at 8 pm in {location}"
skill-ovos-weather.openvoiceos,"hourly_forecast.intent","What's the forecast for monday at 9 am"
skill-ovos-weather.openvoiceos,"hourly_forecast.intent","What's the forecast for monday at 9 am in {location}"
skill-ovos-weather.openvoiceos,"hourly_forecast.intent","What's the forecast for monday at 9 pm"
skill-ovos-weather.openvoiceos,"hourly_forecast.intent","What's the forecast for monday at 9 pm in {location}"
skill-ovos-weather.openvoiceos,"hourly_forecast.intent","What's the forecast for saturday at 1 am"
skill-ovos-weather.openvoiceos,"hourly_forecast.intent","What's the forecast for saturday at 1 am in {location}"
skill-ovos-weather.openvoiceos,"hourly_forecast.intent","What's the forecast for saturday at 1 pm"
skill-ovos-weather.openvoiceos,"hourly_forecast.intent","What's the forecast for saturday at 1 pm in {location}"
skill-ovos-weather.openvoiceos,"hourly_forecast.intent","What's the forecast for saturday at 10 am"
skill-ovos-weather.openvoiceos,"hourly_forecast.intent","What's the forecast for saturday at 10 am in {location}"
skill-ovos-weather.openvoiceos,"hourly_forecast.intent","What's the forecast for saturday at 10 pm"
skill-ovos-weather.openvoiceos,"hourly_forecast.intent","What's the forecast for saturday at 10 pm in {location}"
skill-ovos-weather.openvoiceos,"hourly_forecast.intent","What's the forecast for saturday at 11 am"
skill-ovos-weather.openvoiceos,"hourly_forecast.intent","What's the forecast for saturday at 11 am in {location}"
skill-ovos-weather.openvoiceos,"hourly_forecast.intent","What's the forecast for saturday at 11 pm"
skill-ovos-weather.openvoiceos,"hourly_forecast.intent","What's the forecast for saturday at 11 pm in {location}"
skill-ovos-weather.openvoiceos,"hourly_forecast.intent","What's the forecast for saturday at 12 am"
skill-ovos-weather.openvoiceos,"hourly_forecast.intent","What's the forecast for saturday at 12 am in {location}"
skill-ovos-weather.openvoiceos,"hourly_forecast.intent","What's the forecast for saturday at 12 pm"
skill-ovos-weather.openvoiceos,"hourly_forecast.intent","What's the forecast for saturday at 12 pm in {location}"
skill-ovos-weather.openvoiceos,"hourly_forecast.intent","What's the forecast for saturday at 2 am"
skill-ovos-weather.openvoiceos,"hourly_forecast.intent","What's the forecast for saturday at 2 am in {location}"
skill-ovos-weather.openvoiceos,"hourly_forecast.intent","What's the forecast for saturday at 2 pm"
skill-ovos-weather.openvoiceos,"hourly_forecast.intent","What's the forecast for saturday at 2 pm in {location}"
skill-ovos-weather.openvoiceos,"hourly_forecast.intent","What's the forecast for saturday at 3 am"
skill-ovos-weather.openvoiceos,"hourly_forecast.intent","What's the forecast for saturday at 3 am in {location}"
skill-ovos-weather.openvoiceos,"hourly_forecast.intent","What's the forecast for saturday at 3 pm"
skill-ovos-weather.openvoiceos,"hourly_forecast.intent","What's the forecast for saturday at 3 pm in {location}"
skill-ovos-weather.openvoiceos,"hourly_forecast.intent","What's the forecast for saturday at 4 am"
skill-ovos-weather.openvoiceos,"hourly_forecast.intent","What's the forecast for saturday at 4 am in {location}"
skill-ovos-weather.openvoiceos,"hourly_forecast.intent","What's the forecast for saturday at 4 pm"
skill-ovos-weather.openvoiceos,"hourly_forecast.intent","What's the forecast for saturday at 4 pm in {location}"
skill-ovos-weather.openvoiceos,"hourly_forecast.intent","What's the forecast for saturday at 5 am"
skill-ovos-weather.openvoiceos,"hourly_forecast.intent","What's the forecast for saturday at 5 am in {location}"
skill-ovos-weather.openvoiceos,"hourly_forecast.intent","What's the forecast for saturday at 5 pm"
skill-ovos-weather.openvoiceos,"hourly_forecast.intent","What's the forecast for saturday at 5 pm in {location}"
skill-ovos-weather.openvoiceos,"hourly_forecast.intent","What's the forecast for saturday at 6 am"
skill-ovos-weather.openvoiceos,"hourly_forecast.intent","What's the forecast for saturday at 6 am in {location}"
skill-ovos-weather.openvoiceos,"hourly_forecast.intent","What's the forecast for saturday at 6 pm"
skill-ovos-weather.openvoiceos,"hourly_forecast.intent","What's the forecast for saturday at 6 pm in {location}"
skill-ovos-weather.openvoiceos,"hourly_forecast.intent","What's the forecast for saturday at 7 am"
skill-ovos-weather.openvoiceos,"hourly_forecast.intent","What's the forecast for saturday at 7 am in {location}"
skill-ovos-weather.openvoiceos,"hourly_forecast.intent","What's the forecast for saturday at 7 pm"
skill-ovos-weather.openvoiceos,"hourly_forecast.intent","What's the forecast for saturday at 7 pm in {location}"
skill-ovos-weather.openvoiceos,"hourly_forecast.intent","What's the forecast for saturday at 8 am"
skill-ovos-weather.openvoiceos,"hourly_forecast.intent","What's the forecast for saturday at 8 am in {location}"
skill-ovos-weather.openvoiceos,"hourly_forecast.intent","What's the forecast for saturday at 8 pm"
skill-ovos-weather.openvoiceos,"hourly_forecast.intent","What's the forecast for saturday at 8 pm in {location}"
skill-ovos-weather.openvoiceos,"hourly_forecast.intent","What's the forecast for saturday at 9 am"
skill-ovos-weather.openvoiceos,"hourly_forecast.intent","What's the forecast for saturday at 9 am in {location}"
skill-ovos-weather.openvoiceos,"hourly_forecast.intent","What's the forecast for saturday at 9 pm"
skill-ovos-weather.openvoiceos,"hourly_forecast.intent","What's the forecast for saturday at 9 pm in {location}"
skill-ovos-weather.openvoiceos,"hourly_forecast.intent","What's the forecast for sunday at 1 am"
skill-ovos-weather.openvoiceos,"hourly_forecast.intent","What's the forecast for sunday at 1 am in {location}"
skill-ovos-weather.openvoiceos,"hourly_forecast.intent","What's the forecast for sunday at 1 pm"
skill-ovos-weather.openvoiceos,"hourly_forecast.intent","What's the forecast for sunday at 1 pm in {location}"
skill-ovos-weather.openvoiceos,"hourly_forecast.intent","What's the forecast for sunday at 10 am"
skill-ovos-weather.openvoiceos,"hourly_forecast.intent","What's the forecast for sunday at 10 am in {location}"
skill-ovos-weather.openvoiceos,"hourly_forecast.intent","What's the forecast for sunday at 10 pm"
skill-ovos-weather.openvoiceos,"hourly_forecast.intent","What's the forecast for sunday at 10 pm in {location}"
skill-ovos-weather.openvoiceos,"hourly_forecast.intent","What's the forecast for sunday at 11 am"
skill-ovos-weather.openvoiceos,"hourly_forecast.intent","What's the forecast for sunday at 11 am in {location}"
skill-ovos-weather.openvoiceos,"hourly_forecast.intent","What's the forecast for sunday at 11 pm"
skill-ovos-weather.openvoiceos,"hourly_forecast.intent","What's the forecast for sunday at 11 pm in {location}"
skill-ovos-weather.openvoiceos,"hourly_forecast.intent","What's the forecast for sunday at 12 am"
skill-ovos-weather.openvoiceos,"hourly_forecast.intent","What's the forecast for sunday at 12 am in {location}"
skill-ovos-weather.openvoiceos,"hourly_forecast.intent","What's the forecast for sunday at 12 pm"
skill-ovos-weather.openvoiceos,"hourly_forecast.intent","What's the forecast for sunday at 12 pm in {location}"
skill-ovos-weather.openvoiceos,"hourly_forecast.intent","What's the forecast for sunday at 2 am"
skill-ovos-weather.openvoiceos,"hourly_forecast.intent","What's the forecast for sunday at 2 am in {location}"
skill-ovos-weather.openvoiceos,"hourly_forecast.intent","What's the forecast for sunday at 2 pm"
skill-ovos-weather.openvoiceos,"hourly_forecast.intent","What's the forecast for sunday at 2 pm in {location}"
skill-ovos-weather.openvoiceos,"hourly_forecast.intent","What's the forecast for sunday at 3 am"
skill-ovos-weather.openvoiceos,"hourly_forecast.intent","What's the forecast for sunday at 3 am in {location}"
skill-ovos-weather.openvoiceos,"hourly_forecast.intent","What's the forecast for sunday at 3 pm"
skill-ovos-weather.openvoiceos,"hourly_forecast.intent","What's the forecast for sunday at 3 pm in {location}"
skill-ovos-weather.openvoiceos,"hourly_forecast.intent","What's the forecast for sunday at 4 am"
skill-ovos-weather.openvoiceos,"hourly_forecast.intent","What's the forecast for sunday at 4 am in {location}"
skill-ovos-weather.openvoiceos,"hourly_forecast.intent","What's the forecast for sunday at 4 pm"
skill-ovos-weather.openvoiceos,"hourly_forecast.intent","What's the forecast for sunday at 4 pm in {location}"
skill-ovos-weather.openvoiceos,"hourly_forecast.intent","What's the forecast for sunday at 5 am"
skill-ovos-weather.openvoiceos,"hourly_forecast.intent","What's the forecast for sunday at 5 am in {location}"
skill-ovos-weather.openvoiceos,"hourly_forecast.intent","What's the forecast for sunday at 5 pm"
skill-ovos-weather.openvoiceos,"hourly_forecast.intent","What's the forecast for sunday at 5 pm in {location}"
skill-ovos-weather.openvoiceos,"hourly_forecast.intent","What's the forecast for sunday at 6 am"
skill-ovos-weather.openvoiceos,"hourly_forecast.intent","What's the forecast for sunday at 6 am in {location}"
skill-ovos-weather.openvoiceos,"hourly_forecast.intent","What's the forecast for sunday at 6 pm"
skill-ovos-weather.openvoiceos,"hourly_forecast.intent","What's the forecast for sunday at 6 pm in {location}"
skill-ovos-weather.openvoiceos,"hourly_forecast.intent","What's the forecast for sunday at 7 am"
skill-ovos-weather.openvoiceos,"hourly_forecast.intent","What's the forecast for sunday at 7 am in {location}"
skill-ovos-weather.openvoiceos,"hourly_forecast.intent","What's the forecast for sunday at 7 pm"
skill-ovos-weather.openvoiceos,"hourly_forecast.intent","What's the forecast for sunday at 7 pm in {location}"
skill-ovos-weather.openvoiceos,"hourly_forecast.intent","What's the forecast for sunday at 8 am"
skill-ovos-weather.openvoiceos,"hourly_forecast.intent","What's the forecast for sunday at 8 am in {location}"
skill-ovos-weather.openvoiceos,"hourly_forecast.intent","What's the forecast for sunday at 8 pm"
skill-ovos-weather.openvoiceos,"hourly_forecast.intent","What's the forecast for sunday at 8 pm in {location}"
skill-ovos-weather.openvoiceos,"hourly_forecast.intent","What's the forecast for sunday at 9 am"
skill-ovos-weather.openvoiceos,"hourly_forecast.intent","What's the forecast for sunday at 9 am in {location}"
skill-ovos-weather.openvoiceos,"hourly_forecast.intent","What's the forecast for sunday at 9 pm"
skill-ovos-weather.openvoiceos,"hourly_forecast.intent","What's the forecast for sunday at 9 pm in {location}"
skill-ovos-weather.openvoiceos,"hourly_forecast.intent","What's the forecast for thursday at 1 am"
skill-ovos-weather.openvoiceos,"hourly_forecast.intent","What's the forecast for thursday at 1 am in {location}"
skill-ovos-weather.openvoiceos,"hourly_forecast.intent","What's the forecast for thursday at 1 pm"
skill-ovos-weather.openvoiceos,"hourly_forecast.intent","What's the forecast for thursday at 1 pm in {location}"
skill-ovos-weather.openvoiceos,"hourly_forecast.intent","What's the forecast for thursday at 10 am"
skill-ovos-weather.openvoiceos,"hourly_forecast.intent","What's the forecast for thursday at 10 am in {location}"
skill-ovos-weather.openvoiceos,"hourly_forecast.intent","What's the forecast for thursday at 10 pm"
skill-ovos-weather.openvoiceos,"hourly_forecast.intent","What's the forecast for thursday at 10 pm in {location}"
skill-ovos-weather.openvoiceos,"hourly_forecast.intent","What's the forecast for thursday at 11 am"
skill-ovos-weather.openvoiceos,"hourly_forecast.intent","What's the forecast for thursday at 11 am in {location}"
skill-ovos-weather.openvoiceos,"hourly_forecast.intent","What's the forecast for thursday at 11 pm"
skill-ovos-weather.openvoiceos,"hourly_forecast.intent","What's the forecast for thursday at 11 pm in {location}"
skill-ovos-weather.openvoiceos,"hourly_forecast.intent","What's the forecast for thursday at 12 am"
skill-ovos-weather.openvoiceos,"hourly_forecast.intent","What's the forecast for thursday at 12 am in {location}"
skill-ovos-weather.openvoiceos,"hourly_forecast.intent","What's the forecast for thursday at 12 pm"
skill-ovos-weather.openvoiceos,"hourly_forecast.intent","What's the forecast for thursday at 12 pm in {location}"
skill-ovos-weather.openvoiceos,"hourly_forecast.intent","What's the forecast for thursday at 2 am"
skill-ovos-weather.openvoiceos,"hourly_forecast.intent","What's the forecast for thursday at 2 am in {location}"
skill-ovos-weather.openvoiceos,"hourly_forecast.intent","What's the forecast for thursday at 2 pm"
skill-ovos-weather.openvoiceos,"hourly_forecast.intent","What's the forecast for thursday at 2 pm in {location}"
skill-ovos-weather.openvoiceos,"hourly_forecast.intent","What's the forecast for thursday at 3 am"
skill-ovos-weather.openvoiceos,"hourly_forecast.intent","What's the forecast for thursday at 3 am in {location}"
skill-ovos-weather.openvoiceos,"hourly_forecast.intent","What's the forecast for thursday at 3 pm"
skill-ovos-weather.openvoiceos,"hourly_forecast.intent","What's the forecast for thursday at 3 pm in {location}"
skill-ovos-weather.openvoiceos,"hourly_forecast.intent","What's the forecast for thursday at 4 am"
skill-ovos-weather.openvoiceos,"hourly_forecast.intent","What's the forecast for thursday at 4 am in {location}"
skill-ovos-weather.openvoiceos,"hourly_forecast.intent","What's the forecast for thursday at 4 pm"
skill-ovos-weather.openvoiceos,"hourly_forecast.intent","What's the forecast for thursday at 4 pm in {location}"
skill-ovos-weather.openvoiceos,"hourly_forecast.intent","What's the forecast for thursday at 5 am"
skill-ovos-weather.openvoiceos,"hourly_forecast.intent","What's the forecast for thursday at 5 am in {location}"
skill-ovos-weather.openvoiceos,"hourly_forecast.intent","What's the forecast for thursday at 5 pm"
skill-ovos-weather.openvoiceos,"hourly_forecast.intent","What's the forecast for thursday at 5 pm in {location}"
skill-ovos-weather.openvoiceos,"hourly_forecast.intent","What's the forecast for thursday at 6 am"
skill-ovos-weather.openvoiceos,"hourly_forecast.intent","What's the forecast for thursday at 6 am in {location}"
skill-ovos-weather.openvoiceos,"hourly_forecast.intent","What's the forecast for thursday at 6 pm"
skill-ovos-weather.openvoiceos,"hourly_forecast.intent","What's the forecast for thursday at 6 pm in {location}"
skill-ovos-weather.openvoiceos,"hourly_forecast.intent","What's the forecast for thursday at 7 am"
skill-ovos-weather.openvoiceos,"hourly_forecast.intent","What's the forecast for thursday at 7 am in {location}"
skill-ovos-weather.openvoiceos,"hourly_forecast.intent","What's the forecast for thursday at 7 pm"
skill-ovos-weather.openvoiceos,"hourly_forecast.intent","What's the forecast for thursday at 7 pm in {location}"
skill-ovos-weather.openvoiceos,"hourly_forecast.intent","What's the forecast for thursday at 8 am"
skill-ovos-weather.openvoiceos,"hourly_forecast.intent","What's the forecast for thursday at 8 am in {location}"
skill-ovos-weather.openvoiceos,"hourly_forecast.intent","What's the forecast for thursday at 8 pm"
skill-ovos-weather.openvoiceos,"hourly_forecast.intent","What's the forecast for thursday at 8 pm in {location}"
skill-ovos-weather.openvoiceos,"hourly_forecast.intent","What's the forecast for thursday at 9 am"
skill-ovos-weather.openvoiceos,"hourly_forecast.intent","What's the forecast for thursday at 9 am in {location}"
skill-ovos-weather.openvoiceos,"hourly_forecast.intent","What's the forecast for thursday at 9 pm"
skill-ovos-weather.openvoiceos,"hourly_forecast.intent","What's the forecast for thursday at 9 pm in {location}"
skill-ovos-weather.openvoiceos,"hourly_forecast.intent","What's the forecast for tomorrow at 1 am"
skill-ovos-weather.openvoiceos,"hourly_forecast.intent","What's the forecast for tomorrow at 1 am in {location}"
skill-ovos-weather.openvoiceos,"hourly_forecast.intent","What's the forecast for tomorrow at 1 pm"
skill-ovos-weather.openvoiceos,"hourly_forecast.intent","What's the forecast for tomorrow at 1 pm in {location}"
skill-ovos-weather.openvoiceos,"hourly_forecast.intent","What's the forecast for tomorrow at 10 am"
skill-ovos-weather.openvoiceos,"hourly_forecast.intent","What's the forecast for tomorrow at 10 am in {location}"
skill-ovos-weather.openvoiceos,"hourly_forecast.intent","What's the forecast for tomorrow at 10 pm"
skill-ovos-weather.openvoiceos,"hourly_forecast.intent","What's the forecast for tomorrow at 10 pm in {location}"
skill-ovos-weather.openvoiceos,"hourly_forecast.intent","What's the forecast for tomorrow at 11 am"
skill-ovos-weather.openvoiceos,"hourly_forecast.intent","What's the forecast for tomorrow at 11 am in {location}"
skill-ovos-weather.openvoiceos,"hourly_forecast.intent","What's the forecast for tomorrow at 11 pm"
skill-ovos-weather.openvoiceos,"hourly_forecast.intent","What's the forecast for tomorrow at 11 pm in {location}"
skill-ovos-weather.openvoiceos,"hourly_forecast.intent","What's the forecast for tomorrow at 12 am"
skill-ovos-weather.openvoiceos,"hourly_forecast.intent","What's the forecast for tomorrow at 12 am in {location}"
skill-ovos-weather.openvoiceos,"hourly_forecast.intent","What's the forecast for tomorrow at 12 pm"
skill-ovos-weather.openvoiceos,"hourly_forecast.intent","What's the forecast for tomorrow at 12 pm in {location}"
skill-ovos-weather.openvoiceos,"hourly_forecast.intent","What's the forecast for tomorrow at 2 am"
skill-ovos-weather.openvoiceos,"hourly_forecast.intent","What's the forecast for tomorrow at 2 am in {location}"
skill-ovos-weather.openvoiceos,"hourly_forecast.intent","What's the forecast for tomorrow at 2 pm"
skill-ovos-weather.openvoiceos,"hourly_forecast.intent","What's the forecast for tomorrow at 2 pm in {location}"
skill-ovos-weather.openvoiceos,"hourly_forecast.intent","What's the forecast for tomorrow at 3 am"
skill-ovos-weather.openvoiceos,"hourly_forecast.intent","What's the forecast for tomorrow at 3 am in {location}"
skill-ovos-weather.openvoiceos,"hourly_forecast.intent","What's the forecast for tomorrow at 3 pm"
skill-ovos-weather.openvoiceos,"hourly_forecast.intent","What's the forecast for tomorrow at 3 pm in {location}"
skill-ovos-weather.openvoiceos,"hourly_forecast.intent","What's the forecast for tomorrow at 4 am"
skill-ovos-weather.openvoiceos,"hourly_forecast.intent","What's the forecast for tomorrow at 4 am in {location}"
skill-ovos-weather.openvoiceos,"hourly_forecast.intent","What's the forecast for tomorrow at 4 pm"
skill-ovos-weather.openvoiceos,"hourly_forecast.intent","What's the forecast for tomorrow at 4 pm in {location}"
skill-ovos-weather.openvoiceos,"hourly_forecast.intent","What's the forecast for tomorrow at 5 am"
skill-ovos-weather.openvoiceos,"hourly_forecast.intent","What's the forecast for tomorrow at 5 am in {location}"
skill-ovos-weather.openvoiceos,"hourly_forecast.intent","What's the forecast for tomorrow at 5 pm"
skill-ovos-weather.openvoiceos,"hourly_forecast.intent","What's the forecast for tomorrow at 5 pm in {location}"
skill-ovos-weather.openvoiceos,"hourly_forecast.intent","What's the forecast for tomorrow at 6 am"
skill-ovos-weather.openvoiceos,"hourly_forecast.intent","What's the forecast for tomorrow at 6 am in {location}"
skill-ovos-weather.openvoiceos,"hourly_forecast.intent","What's the forecast for tomorrow at 6 pm"
skill-ovos-weather.openvoiceos,"hourly_forecast.intent","What's the forecast for tomorrow at 6 pm in {location}"
skill-ovos-weather.openvoiceos,"hourly_forecast.intent","What's the forecast for tomorrow at 7 am"
skill-ovos-weather.openvoiceos,"hourly_forecast.intent","What's the forecast for tomorrow at 7 am in {location}"
skill-ovos-weather.openvoiceos,"hourly_forecast.intent","What's the forecast for tomorrow at 7 pm"
skill-ovos-weather.openvoiceos,"hourly_forecast.intent","What's the forecast for tomorrow at 7 pm in {location}"
skill-ovos-weather.openvoiceos,"hourly_forecast.intent","What's the forecast for tomorrow at 8 am"
skill-ovos-weather.openvoiceos,"hourly_forecast.intent","What's the forecast for tomorrow at 8 am in {location}"
skill-ovos-weather.openvoiceos,"hourly_forecast.intent","What's the forecast for tomorrow at 8 pm"
skill-ovos-weather.openvoiceos,"hourly_forecast.intent","What's the forecast for tomorrow at 8 pm in {location}"
skill-ovos-weather.openvoiceos,"hourly_forecast.intent","What's the forecast for tomorrow at 9 am"
skill-ovos-weather.openvoiceos,"hourly_forecast.intent","What's the forecast for tomorrow at 9 am in {location}"
skill-ovos-weather.openvoiceos,"hourly_forecast.intent","What's the forecast for tomorrow at 9 pm"
skill-ovos-weather.openvoiceos,"hourly_forecast.intent","What's the forecast for tomorrow at 9 pm in {location}"
skill-ovos-weather.openvoiceos,"hourly_forecast.intent","What's the forecast for tuesday at 1 am"
skill-ovos-weather.openvoiceos,"hourly_forecast.intent","What's the forecast for tuesday at 1 am in {location}"
skill-ovos-weather.openvoiceos,"hourly_forecast.intent","What's the forecast for tuesday at 1 pm"
skill-ovos-weather.openvoiceos,"hourly_forecast.intent","What's the forecast for tuesday at 1 pm in {location}"
skill-ovos-weather.openvoiceos,"hourly_forecast.intent","What's the forecast for tuesday at 10 am"
skill-ovos-weather.openvoiceos,"hourly_forecast.intent","What's the forecast for tuesday at 10 am in {location}"
skill-ovos-weather.openvoiceos,"hourly_forecast.intent","What's the forecast for tuesday at 10 pm"
skill-ovos-weather.openvoiceos,"hourly_forecast.intent","What's the forecast for tuesday at 10 pm in {location}"
skill-ovos-weather.openvoiceos,"hourly_forecast.intent","What's the forecast for tuesday at 11 am"
skill-ovos-weather.openvoiceos,"hourly_forecast.intent","What's the forecast for tuesday at 11 am in {location}"
skill-ovos-weather.openvoiceos,"hourly_forecast.intent","What's the forecast for tuesday at 11 pm"
skill-ovos-weather.openvoiceos,"hourly_forecast.intent","What's the forecast for tuesday at 11 pm in {location}"
skill-ovos-weather.openvoiceos,"hourly_forecast.intent","What's the forecast for tuesday at 12 am"
skill-ovos-weather.openvoiceos,"hourly_forecast.intent","What's the forecast for tuesday at 12 am in {location}"
skill-ovos-weather.openvoiceos,"hourly_forecast.intent","What's the forecast for tuesday at 12 pm"
skill-ovos-weather.openvoiceos,"hourly_forecast.intent","What's the forecast for tuesday at 12 pm in {location}"
skill-ovos-weather.openvoiceos,"hourly_forecast.intent","What's the forecast for tuesday at 2 am"
skill-ovos-weather.openvoiceos,"hourly_forecast.intent","What's the forecast for tuesday at 2 am in {location}"
skill-ovos-weather.openvoiceos,"hourly_forecast.intent","What's the forecast for tuesday at 2 pm"
skill-ovos-weather.openvoiceos,"hourly_forecast.intent","What's the forecast for tuesday at 2 pm in {location}"
skill-ovos-weather.openvoiceos,"hourly_forecast.intent","What's the forecast for tuesday at 3 am"
skill-ovos-weather.openvoiceos,"hourly_forecast.intent","What's the forecast for tuesday at 3 am in {location}"
skill-ovos-weather.openvoiceos,"hourly_forecast.intent","What's the forecast for tuesday at 3 pm"
skill-ovos-weather.openvoiceos,"hourly_forecast.intent","What's the forecast for tuesday at 3 pm in {location}"
skill-ovos-weather.openvoiceos,"hourly_forecast.intent","What's the forecast for tuesday at 4 am"
skill-ovos-weather.openvoiceos,"hourly_forecast.intent","What's the forecast for tuesday at 4 am in {location}"
skill-ovos-weather.openvoiceos,"hourly_forecast.intent","What's the forecast for tuesday at 4 pm"
skill-ovos-weather.openvoiceos,"hourly_forecast.intent","What's the forecast for tuesday at 4 pm in {location}"
skill-ovos-weather.openvoiceos,"hourly_forecast.intent","What's the forecast for tuesday at 5 am"
skill-ovos-weather.openvoiceos,"hourly_forecast.intent","What's the forecast for tuesday at 5 am in {location}"
skill-ovos-weather.openvoiceos,"hourly_forecast.intent","What's the forecast for tuesday at 5 pm"
skill-ovos-weather.openvoiceos,"hourly_forecast.intent","What's the forecast for tuesday at 5 pm in {location}"
skill-ovos-weather.openvoiceos,"hourly_forecast.intent","What's the forecast for tuesday at 6 am"
skill-ovos-weather.openvoiceos,"hourly_forecast.intent","What's the forecast for tuesday at 6 am in {location}"
skill-ovos-weather.openvoiceos,"hourly_forecast.intent","What's the forecast for tuesday at 6 pm"
skill-ovos-weather.openvoiceos,"hourly_forecast.intent","What's the forecast for tuesday at 6 pm in {location}"
skill-ovos-weather.openvoiceos,"hourly_forecast.intent","What's the forecast for tuesday at 7 am"
skill-ovos-weather.openvoiceos,"hourly_forecast.intent","What's the forecast for tuesday at 7 am in {location}"
skill-ovos-weather.openvoiceos,"hourly_forecast.intent","What's the forecast for tuesday at 7 pm"
skill-ovos-weather.openvoiceos,"hourly_forecast.intent","What's the forecast for tuesday at 7 pm in {location}"
skill-ovos-weather.openvoiceos,"hourly_forecast.intent","What's the forecast for tuesday at 8 am"
skill-ovos-weather.openvoiceos,"hourly_forecast.intent","What's the forecast for tuesday at 8 am in {location}"
skill-ovos-weather.openvoiceos,"hourly_forecast.intent","What's the forecast for tuesday at 8 pm"
skill-ovos-weather.openvoiceos,"hourly_forecast.intent","What's the forecast for tuesday at 8 pm in {location}"
skill-ovos-weather.openvoiceos,"hourly_forecast.intent","What's the forecast for tuesday at 9 am"
skill-ovos-weather.openvoiceos,"hourly_forecast.intent","What's the forecast for tuesday at 9 am in {location}"
skill-ovos-weather.openvoiceos,"hourly_forecast.intent","What's the forecast for tuesday at 9 pm"
skill-ovos-weather.openvoiceos,"hourly_forecast.intent","What's the forecast for tuesday at 9 pm in {location}"
skill-ovos-weather.openvoiceos,"hourly_forecast.intent","What's the forecast for wednesday at 1 am"
skill-ovos-weather.openvoiceos,"hourly_forecast.intent","What's the forecast for wednesday at 1 am in {location}"
skill-ovos-weather.openvoiceos,"hourly_forecast.intent","What's the forecast for wednesday at 1 pm"
skill-ovos-weather.openvoiceos,"hourly_forecast.intent","What's the forecast for wednesday at 1 pm in {location}"
skill-ovos-weather.openvoiceos,"hourly_forecast.intent","What's the forecast for wednesday at 10 am"
skill-ovos-weather.openvoiceos,"hourly_forecast.intent","What's the forecast for wednesday at 10 am in {location}"
skill-ovos-weather.openvoiceos,"hourly_forecast.intent","What's the forecast for wednesday at 10 pm"
skill-ovos-weather.openvoiceos,"hourly_forecast.intent","What's the forecast for wednesday at 10 pm in {location}"
skill-ovos-weather.openvoiceos,"hourly_forecast.intent","What's the forecast for wednesday at 11 am"
skill-ovos-weather.openvoiceos,"hourly_forecast.intent","What's the forecast for wednesday at 11 am in {location}"
skill-ovos-weather.openvoiceos,"hourly_forecast.intent","What's the forecast for wednesday at 11 pm"
skill-ovos-weather.openvoiceos,"hourly_forecast.intent","What's the forecast for wednesday at 11 pm in {location}"
skill-ovos-weather.openvoiceos,"hourly_forecast.intent","What's the forecast for wednesday at 12 am"
skill-ovos-weather.openvoiceos,"hourly_forecast.intent","What's the forecast for wednesday at 12 am in {location}"
skill-ovos-weather.openvoiceos,"hourly_forecast.intent","What's the forecast for wednesday at 12 pm"
skill-ovos-weather.openvoiceos,"hourly_forecast.intent","What's the forecast for wednesday at 12 pm in {location}"
skill-ovos-weather.openvoiceos,"hourly_forecast.intent","What's the forecast for wednesday at 2 am"
skill-ovos-weather.openvoiceos,"hourly_forecast.intent","What's the forecast for wednesday at 2 am in {location}"
skill-ovos-weather.openvoiceos,"hourly_forecast.intent","What's the forecast for wednesday at 2 pm"
skill-ovos-weather.openvoiceos,"hourly_forecast.intent","What's the forecast for wednesday at 2 pm in {location}"
skill-ovos-weather.openvoiceos,"hourly_forecast.intent","What's the forecast for wednesday at 3 am"
skill-ovos-weather.openvoiceos,"hourly_forecast.intent","What's the forecast for wednesday at 3 am in {location}"
skill-ovos-weather.openvoiceos,"hourly_forecast.intent","What's the forecast for wednesday at 3 pm"
skill-ovos-weather.openvoiceos,"hourly_forecast.intent","What's the forecast for wednesday at 3 pm in {location}"
skill-ovos-weather.openvoiceos,"hourly_forecast.intent","What's the forecast for wednesday at 4 am"
skill-ovos-weather.openvoiceos,"hourly_forecast.intent","What's the forecast for wednesday at 4 am in {location}"
skill-ovos-weather.openvoiceos,"hourly_forecast.intent","What's the forecast for wednesday at 4 pm"
skill-ovos-weather.openvoiceos,"hourly_forecast.intent","What's the forecast for wednesday at 4 pm in {location}"
skill-ovos-weather.openvoiceos,"hourly_forecast.intent","What's the forecast for wednesday at 5 am"
skill-ovos-weather.openvoiceos,"hourly_forecast.intent","What's the forecast for wednesday at 5 am in {location}"
skill-ovos-weather.openvoiceos,"hourly_forecast.intent","What's the forecast for wednesday at 5 pm"
skill-ovos-weather.openvoiceos,"hourly_forecast.intent","What's the forecast for wednesday at 5 pm in {location}"
skill-ovos-weather.openvoiceos,"hourly_forecast.intent","What's the forecast for wednesday at 6 am"
skill-ovos-weather.openvoiceos,"hourly_forecast.intent","What's the forecast for wednesday at 6 am in {location}"
skill-ovos-weather.openvoiceos,"hourly_forecast.intent","What's the forecast for wednesday at 6 pm"
skill-ovos-weather.openvoiceos,"hourly_forecast.intent","What's the forecast for wednesday at 6 pm in {location}"
skill-ovos-weather.openvoiceos,"hourly_forecast.intent","What's the forecast for wednesday at 7 am"
skill-ovos-weather.openvoiceos,"hourly_forecast.intent","What's the forecast for wednesday at 7 am in {location}"
skill-ovos-weather.openvoiceos,"hourly_forecast.intent","What's the forecast for wednesday at 7 pm"
skill-ovos-weather.openvoiceos,"hourly_forecast.intent","What's the forecast for wednesday at 7 pm in {location}"
skill-ovos-weather.openvoiceos,"hourly_forecast.intent","What's the forecast for wednesday at 8 am"
skill-ovos-weather.openvoiceos,"hourly_forecast.intent","What's the forecast for wednesday at 8 am in {location}"
skill-ovos-weather.openvoiceos,"hourly_forecast.intent","What's the forecast for wednesday at 8 pm"
skill-ovos-weather.openvoiceos,"hourly_forecast.intent","What's the forecast for wednesday at 8 pm in {location}"
skill-ovos-weather.openvoiceos,"hourly_forecast.intent","What's the forecast for wednesday at 9 am"
skill-ovos-weather.openvoiceos,"hourly_forecast.intent","What's the forecast for wednesday at 9 am in {location}"
skill-ovos-weather.openvoiceos,"hourly_forecast.intent","What's the forecast for wednesday at 9 pm"
skill-ovos-weather.openvoiceos,"hourly_forecast.intent","What's the forecast for wednesday at 9 pm in {location}"
skill-ovos-weather.openvoiceos,"hourly_forecast.intent","forecast at 1 am"
skill-ovos-weather.openvoiceos,"hourly_forecast.intent","forecast at 1 am in {location}"
skill-ovos-weather.openvoiceos,"hourly_forecast.intent","forecast at 1 pm"
skill-ovos-weather.openvoiceos,"hourly_forecast.intent","forecast at 1 pm in {location}"
skill-ovos-weather.openvoiceos,"hourly_forecast.intent","forecast at 10 am"
skill-ovos-weather.openvoiceos,"hourly_forecast.intent","forecast at 10 am in {location}"
skill-ovos-weather.openvoiceos,"hourly_forecast.intent","forecast at 10 pm"
skill-ovos-weather.openvoiceos,"hourly_forecast.intent","forecast at 10 pm in {location}"
skill-ovos-weather.openvoiceos,"hourly_forecast.intent","forecast at 11 am"
skill-ovos-weather.openvoiceos,"hourly_forecast.intent","forecast at 11 am in {location}"
skill-ovos-weather.openvoiceos,"hourly_forecast.intent","forecast at 11 pm"
skill-ovos-weather.openvoiceos,"hourly_forecast.intent","forecast at 11 pm in {location}"
skill-ovos-weather.openvoiceos,"hourly_forecast.intent","forecast at 12 am"
skill-ovos-weather.openvoiceos,"hourly_forecast.intent","forecast at 12 am in {location}"
skill-ovos-weather.openvoiceos,"hourly_forecast.intent","forecast at 12 pm"
skill-ovos-weather.openvoiceos,"hourly_forecast.intent","forecast at 12 pm in {location}"
skill-ovos-weather.openvoiceos,"hourly_forecast.intent","forecast at 2 am"
skill-ovos-weather.openvoiceos,"hourly_forecast.intent","forecast at 2 am in {location}"
skill-ovos-weather.openvoiceos,"hourly_forecast.intent","forecast at 2 pm"
skill-ovos-weather.openvoiceos,"hourly_forecast.intent","forecast at 2 pm in {location}"
skill-ovos-weather.openvoiceos,"hourly_forecast.intent","forecast at 3 am"
skill-ovos-weather.openvoiceos,"hourly_forecast.intent","forecast at 3 am in {location}"
skill-ovos-weather.openvoiceos,"hourly_forecast.intent","forecast at 3 pm"
skill-ovos-weather.openvoiceos,"hourly_forecast.intent","forecast at 3 pm in {location}"
skill-ovos-weather.openvoiceos,"hourly_forecast.intent","forecast at 4 am"
skill-ovos-weather.openvoiceos,"hourly_forecast.intent","forecast at 4 am in {location}"
skill-ovos-weather.openvoiceos,"hourly_forecast.intent","forecast at 4 pm"
skill-ovos-weather.openvoiceos,"hourly_forecast.intent","forecast at 4 pm in {location}"
skill-ovos-weather.openvoiceos,"hourly_forecast.intent","forecast at 5 am"
skill-ovos-weather.openvoiceos,"hourly_forecast.intent","forecast at 5 am in {location}"
skill-ovos-weather.openvoiceos,"hourly_forecast.intent","forecast at 5 pm"
skill-ovos-weather.openvoiceos,"hourly_forecast.intent","forecast at 5 pm in {location}"
skill-ovos-weather.openvoiceos,"hourly_forecast.intent","forecast at 6 am"
skill-ovos-weather.openvoiceos,"hourly_forecast.intent","forecast at 6 am in {location}"
skill-ovos-weather.openvoiceos,"hourly_forecast.intent","forecast at 6 pm"
skill-ovos-weather.openvoiceos,"hourly_forecast.intent","forecast at 6 pm in {location}"
skill-ovos-weather.openvoiceos,"hourly_forecast.intent","forecast at 7 am"
skill-ovos-weather.openvoiceos,"hourly_forecast.intent","forecast at 7 am in {location}"
skill-ovos-weather.openvoiceos,"hourly_forecast.intent","forecast at 7 pm"
skill-ovos-weather.openvoiceos,"hourly_forecast.intent","forecast at 7 pm in {location}"
skill-ovos-weather.openvoiceos,"hourly_forecast.intent","forecast at 8 am"
skill-ovos-weather.openvoiceos,"hourly_forecast.intent","forecast at 8 am in {location}"
skill-ovos-weather.openvoiceos,"hourly_forecast.intent","forecast at 8 pm"
skill-ovos-weather.openvoiceos,"hourly_forecast.intent","forecast at 8 pm in {location}"
skill-ovos-weather.openvoiceos,"hourly_forecast.intent","forecast at 9 am"
skill-ovos-weather.openvoiceos,"hourly_forecast.intent","forecast at 9 am in {location}"
skill-ovos-weather.openvoiceos,"hourly_forecast.intent","forecast at 9 pm"
skill-ovos-weather.openvoiceos,"hourly_forecast.intent","forecast at 9 pm in {location}"
skill-ovos-weather.openvoiceos,"hourly_forecast.intent","forecast for friday at 1 am"
skill-ovos-weather.openvoiceos,"hourly_forecast.intent","forecast for friday at 1 am in {location}"
skill-ovos-weather.openvoiceos,"hourly_forecast.intent","forecast for friday at 1 pm"
skill-ovos-weather.openvoiceos,"hourly_forecast.intent","forecast for friday at 1 pm in {location}"
skill-ovos-weather.openvoiceos,"hourly_forecast.intent","forecast for friday at 10 am"
skill-ovos-weather.openvoiceos,"hourly_forecast.intent","forecast for friday at 10 am in {location}"
skill-ovos-weather.openvoiceos,"hourly_forecast.intent","forecast for friday at 10 pm"
skill-ovos-weather.openvoiceos,"hourly_forecast.intent","forecast for friday at 10 pm in {location}"
skill-ovos-weather.openvoiceos,"hourly_forecast.intent","forecast for friday at 11 am"
skill-ovos-weather.openvoiceos,"hourly_forecast.intent","forecast for friday at 11 am in {location}"
skill-ovos-weather.openvoiceos,"hourly_forecast.intent","forecast for friday at 11 pm"
skill-ovos-weather.openvoiceos,"hourly_forecast.intent","forecast for friday at 11 pm in {location}"
skill-ovos-weather.openvoiceos,"hourly_forecast.intent","forecast for friday at 12 am"
skill-ovos-weather.openvoiceos,"hourly_forecast.intent","forecast for friday at 12 am in {location}"
skill-ovos-weather.openvoiceos,"hourly_forecast.intent","forecast for friday at 12 pm"
skill-ovos-weather.openvoiceos,"hourly_forecast.intent","forecast for friday at 12 pm in {location}"
skill-ovos-weather.openvoiceos,"hourly_forecast.intent","forecast for friday at 2 am"
skill-ovos-weather.openvoiceos,"hourly_forecast.intent","forecast for friday at 2 am in {location}"
skill-ovos-weather.openvoiceos,"hourly_forecast.intent","forecast for friday at 2 pm"
skill-ovos-weather.openvoiceos,"hourly_forecast.intent","forecast for friday at 2 pm in {location}"
skill-ovos-weather.openvoiceos,"hourly_forecast.intent","forecast for friday at 3 am"
skill-ovos-weather.openvoiceos,"hourly_forecast.intent","forecast for friday at 3 am in {location}"
skill-ovos-weather.openvoiceos,"hourly_forecast.intent","forecast for friday at 3 pm"
skill-ovos-weather.openvoiceos,"hourly_forecast.intent","forecast for friday at 3 pm in {location}"
skill-ovos-weather.openvoiceos,"hourly_forecast.intent","forecast for friday at 4 am"
skill-ovos-weather.openvoiceos,"hourly_forecast.intent","forecast for friday at 4 am in {location}"
skill-ovos-weather.openvoiceos,"hourly_forecast.intent","forecast for friday at 4 pm"
skill-ovos-weather.openvoiceos,"hourly_forecast.intent","forecast for friday at 4 pm in {location}"
skill-ovos-weather.openvoiceos,"hourly_forecast.intent","forecast for friday at 5 am"
skill-ovos-weather.openvoiceos,"hourly_forecast.intent","forecast for friday at 5 am in {location}"
skill-ovos-weather.openvoiceos,"hourly_forecast.intent","forecast for friday at 5 pm"
skill-ovos-weather.openvoiceos,"hourly_forecast.intent","forecast for friday at 5 pm in {location}"
skill-ovos-weather.openvoiceos,"hourly_forecast.intent","forecast for friday at 6 am"
skill-ovos-weather.openvoiceos,"hourly_forecast.intent","forecast for friday at 6 am in {location}"
skill-ovos-weather.openvoiceos,"hourly_forecast.intent","forecast for friday at 6 pm"
skill-ovos-weather.openvoiceos,"hourly_forecast.intent","forecast for friday at 6 pm in {location}"
skill-ovos-weather.openvoiceos,"hourly_forecast.intent","forecast for friday at 7 am"
skill-ovos-weather.openvoiceos,"hourly_forecast.intent","forecast for friday at 7 am in {location}"
skill-ovos-weather.openvoiceos,"hourly_forecast.intent","forecast for friday at 7 pm"
skill-ovos-weather.openvoiceos,"hourly_forecast.intent","forecast for friday at 7 pm in {location}"
skill-ovos-weather.openvoiceos,"hourly_forecast.intent","forecast for friday at 8 am"
skill-ovos-weather.openvoiceos,"hourly_forecast.intent","forecast for friday at 8 am in {location}"
skill-ovos-weather.openvoiceos,"hourly_forecast.intent","forecast for friday at 8 pm"
skill-ovos-weather.openvoiceos,"hourly_forecast.intent","forecast for friday at 8 pm in {location}"
skill-ovos-weather.openvoiceos,"hourly_forecast.intent","forecast for friday at 9 am"
skill-ovos-weather.openvoiceos,"hourly_forecast.intent","forecast for friday at 9 am in {location}"
skill-ovos-weather.openvoiceos,"hourly_forecast.intent","forecast for friday at 9 pm"
skill-ovos-weather.openvoiceos,"hourly_forecast.intent","forecast for friday at 9 pm in {location}"
skill-ovos-weather.openvoiceos,"hourly_forecast.intent","forecast for friday at midnight"
skill-ovos-weather.openvoiceos,"hourly_forecast.intent","forecast for friday at midnight in {location}"
skill-ovos-weather.openvoiceos,"hourly_forecast.intent","forecast for friday at night"
skill-ovos-weather.openvoiceos,"hourly_forecast.intent","forecast for friday at night in {location}"
skill-ovos-weather.openvoiceos,"hourly_forecast.intent","forecast for friday at noon"
skill-ovos-weather.openvoiceos,"hourly_forecast.intent","forecast for friday at noon in {location}"
skill-ovos-weather.openvoiceos,"hourly_forecast.intent","forecast for monday at 1 am"
skill-ovos-weather.openvoiceos,"hourly_forecast.intent","forecast for monday at 1 am in {location}"
skill-ovos-weather.openvoiceos,"hourly_forecast.intent","forecast for monday at 1 pm"
skill-ovos-weather.openvoiceos,"hourly_forecast.intent","forecast for monday at 1 pm in {location}"
skill-ovos-weather.openvoiceos,"hourly_forecast.intent","forecast for monday at 10 am"
skill-ovos-weather.openvoiceos,"hourly_forecast.intent","forecast for monday at 10 am in {location}"
skill-ovos-weather.openvoiceos,"hourly_forecast.intent","forecast for monday at 10 pm"
skill-ovos-weather.openvoiceos,"hourly_forecast.intent","forecast for monday at 10 pm in {location}"
skill-ovos-weather.openvoiceos,"hourly_forecast.intent","forecast for monday at 11 am"
skill-ovos-weather.openvoiceos,"hourly_forecast.intent","forecast for monday at 11 am in {location}"
skill-ovos-weather.openvoiceos,"hourly_forecast.intent","forecast for monday at 11 pm"
skill-ovos-weather.openvoiceos,"hourly_forecast.intent","forecast for monday at 11 pm in {location}"
skill-ovos-weather.openvoiceos,"hourly_forecast.intent","forecast for monday at 12 am"
skill-ovos-weather.openvoiceos,"hourly_forecast.intent","forecast for monday at 12 am in {location}"
skill-ovos-weather.openvoiceos,"hourly_forecast.intent","forecast for monday at 12 pm"
skill-ovos-weather.openvoiceos,"hourly_forecast.intent","forecast for monday at 12 pm in {location}"
skill-ovos-weather.openvoiceos,"hourly_forecast.intent","forecast for monday at 2 am"
skill-ovos-weather.openvoiceos,"hourly_forecast.intent","forecast for monday at 2 am in {location}"
skill-ovos-weather.openvoiceos,"hourly_forecast.intent","forecast for monday at 2 pm"
skill-ovos-weather.openvoiceos,"hourly_forecast.intent","forecast for monday at 2 pm in {location}"
skill-ovos-weather.openvoiceos,"hourly_forecast.intent","forecast for monday at 3 am"
skill-ovos-weather.openvoiceos,"hourly_forecast.intent","forecast for monday at 3 am in {location}"
skill-ovos-weather.openvoiceos,"hourly_forecast.intent","forecast for monday at 3 pm"
skill-ovos-weather.openvoiceos,"hourly_forecast.intent","forecast for monday at 3 pm in {location}"
skill-ovos-weather.openvoiceos,"hourly_forecast.intent","forecast for monday at 4 am"
skill-ovos-weather.openvoiceos,"hourly_forecast.intent","forecast for monday at 4 am in {location}"
skill-ovos-weather.openvoiceos,"hourly_forecast.intent","forecast for monday at 4 pm"
skill-ovos-weather.openvoiceos,"hourly_forecast.intent","forecast for monday at 4 pm in {location}"
skill-ovos-weather.openvoiceos,"hourly_forecast.intent","forecast for monday at 5 am"
skill-ovos-weather.openvoiceos,"hourly_forecast.intent","forecast for monday at 5 am in {location}"
skill-ovos-weather.openvoiceos,"hourly_forecast.intent","forecast for monday at 5 pm"
skill-ovos-weather.openvoiceos,"hourly_forecast.intent","forecast for monday at 5 pm in {location}"
skill-ovos-weather.openvoiceos,"hourly_forecast.intent","forecast for monday at 6 am"
skill-ovos-weather.openvoiceos,"hourly_forecast.intent","forecast for monday at 6 am in {location}"
skill-ovos-weather.openvoiceos,"hourly_forecast.intent","forecast for monday at 6 pm"
skill-ovos-weather.openvoiceos,"hourly_forecast.intent","forecast for monday at 6 pm in {location}"
skill-ovos-weather.openvoiceos,"hourly_forecast.intent","forecast for monday at 7 am"
skill-ovos-weather.openvoiceos,"hourly_forecast.intent","forecast for monday at 7 am in {location}"
skill-ovos-weather.openvoiceos,"hourly_forecast.intent","forecast for monday at 7 pm"
skill-ovos-weather.openvoiceos,"hourly_forecast.intent","forecast for monday at 7 pm in {location}"
skill-ovos-weather.openvoiceos,"hourly_forecast.intent","forecast for monday at 8 am"
skill-ovos-weather.openvoiceos,"hourly_forecast.intent","forecast for monday at 8 am in {location}"
skill-ovos-weather.openvoiceos,"hourly_forecast.intent","forecast for monday at 8 pm"
skill-ovos-weather.openvoiceos,"hourly_forecast.intent","forecast for monday at 8 pm in {location}"
skill-ovos-weather.openvoiceos,"hourly_forecast.intent","forecast for monday at 9 am"
skill-ovos-weather.openvoiceos,"hourly_forecast.intent","forecast for monday at 9 am in {location}"
skill-ovos-weather.openvoiceos,"hourly_forecast.intent","forecast for monday at 9 pm"
skill-ovos-weather.openvoiceos,"hourly_forecast.intent","forecast for monday at 9 pm in {location}"
skill-ovos-weather.openvoiceos,"hourly_forecast.intent","forecast for monday at midnight"
skill-ovos-weather.openvoiceos,"hourly_forecast.intent","forecast for monday at midnight in {location}"
skill-ovos-weather.openvoiceos,"hourly_forecast.intent","forecast for monday at night"
skill-ovos-weather.openvoiceos,"hourly_forecast.intent","forecast for monday at night in {location}"
skill-ovos-weather.openvoiceos,"hourly_forecast.intent","forecast for monday at noon"
skill-ovos-weather.openvoiceos,"hourly_forecast.intent","forecast for monday at noon in {location}"
skill-ovos-weather.openvoiceos,"hourly_forecast.intent","forecast for saturday at 1 am"
skill-ovos-weather.openvoiceos,"hourly_forecast.intent","forecast for saturday at 1 am in {location}"
skill-ovos-weather.openvoiceos,"hourly_forecast.intent","forecast for saturday at 1 pm"
skill-ovos-weather.openvoiceos,"hourly_forecast.intent","forecast for saturday at 1 pm in {location}"
skill-ovos-weather.openvoiceos,"hourly_forecast.intent","forecast for saturday at 10 am"
skill-ovos-weather.openvoiceos,"hourly_forecast.intent","forecast for saturday at 10 am in {location}"
skill-ovos-weather.openvoiceos,"hourly_forecast.intent","forecast for saturday at 10 pm"
skill-ovos-weather.openvoiceos,"hourly_forecast.intent","forecast for saturday at 10 pm in {location}"
skill-ovos-weather.openvoiceos,"hourly_forecast.intent","forecast for saturday at 11 am"
skill-ovos-weather.openvoiceos,"hourly_forecast.intent","forecast for saturday at 11 am in {location}"
skill-ovos-weather.openvoiceos,"hourly_forecast.intent","forecast for saturday at 11 pm"
skill-ovos-weather.openvoiceos,"hourly_forecast.intent","forecast for saturday at 11 pm in {location}"
skill-ovos-weather.openvoiceos,"hourly_forecast.intent","forecast for saturday at 12 am"
skill-ovos-weather.openvoiceos,"hourly_forecast.intent","forecast for saturday at 12 am in {location}"
skill-ovos-weather.openvoiceos,"hourly_forecast.intent","forecast for saturday at 12 pm"
skill-ovos-weather.openvoiceos,"hourly_forecast.intent","forecast for saturday at 12 pm in {location}"
skill-ovos-weather.openvoiceos,"hourly_forecast.intent","forecast for saturday at 2 am"
skill-ovos-weather.openvoiceos,"hourly_forecast.intent","forecast for saturday at 2 am in {location}"
skill-ovos-weather.openvoiceos,"hourly_forecast.intent","forecast for saturday at 2 pm"
skill-ovos-weather.openvoiceos,"hourly_forecast.intent","forecast for saturday at 2 pm in {location}"
skill-ovos-weather.openvoiceos,"hourly_forecast.intent","forecast for saturday at 3 am"
skill-ovos-weather.openvoiceos,"hourly_forecast.intent","forecast for saturday at 3 am in {location}"
skill-ovos-weather.openvoiceos,"hourly_forecast.intent","forecast for saturday at 3 pm"
skill-ovos-weather.openvoiceos,"hourly_forecast.intent","forecast for saturday at 3 pm in {location}"
skill-ovos-weather.openvoiceos,"hourly_forecast.intent","forecast for saturday at 4 am"
skill-ovos-weather.openvoiceos,"hourly_forecast.intent","forecast for saturday at 4 am in {location}"
skill-ovos-weather.openvoiceos,"hourly_forecast.intent","forecast for saturday at 4 pm"
skill-ovos-weather.openvoiceos,"hourly_forecast.intent","forecast for saturday at 4 pm in {location}"
skill-ovos-weather.openvoiceos,"hourly_forecast.intent","forecast for saturday at 5 am"
skill-ovos-weather.openvoiceos,"hourly_forecast.intent","forecast for saturday at 5 am in {location}"
skill-ovos-weather.openvoiceos,"hourly_forecast.intent","forecast for saturday at 5 pm"
skill-ovos-weather.openvoiceos,"hourly_forecast.intent","forecast for saturday at 5 pm in {location}"
skill-ovos-weather.openvoiceos,"hourly_forecast.intent","forecast for saturday at 6 am"
skill-ovos-weather.openvoiceos,"hourly_forecast.intent","forecast for saturday at 6 am in {location}"
skill-ovos-weather.openvoiceos,"hourly_forecast.intent","forecast for saturday at 6 pm"
skill-ovos-weather.openvoiceos,"hourly_forecast.intent","forecast for saturday at 6 pm in {location}"
skill-ovos-weather.openvoiceos,"hourly_forecast.intent","forecast for saturday at 7 am"
skill-ovos-weather.openvoiceos,"hourly_forecast.intent","forecast for saturday at 7 am in {location}"
skill-ovos-weather.openvoiceos,"hourly_forecast.intent","forecast for saturday at 7 pm"
skill-ovos-weather.openvoiceos,"hourly_forecast.intent","forecast for saturday at 7 pm in {location}"
skill-ovos-weather.openvoiceos,"hourly_forecast.intent","forecast for saturday at 8 am"
skill-ovos-weather.openvoiceos,"hourly_forecast.intent","forecast for saturday at 8 am in {location}"
skill-ovos-weather.openvoiceos,"hourly_forecast.intent","forecast for saturday at 8 pm"
skill-ovos-weather.openvoiceos,"hourly_forecast.intent","forecast for saturday at 8 pm in {location}"
skill-ovos-weather.openvoiceos,"hourly_forecast.intent","forecast for saturday at 9 am"
skill-ovos-weather.openvoiceos,"hourly_forecast.intent","forecast for saturday at 9 am in {location}"
skill-ovos-weather.openvoiceos,"hourly_forecast.intent","forecast for saturday at 9 pm"
skill-ovos-weather.openvoiceos,"hourly_forecast.intent","forecast for saturday at 9 pm in {location}"
skill-ovos-weather.openvoiceos,"hourly_forecast.intent","forecast for saturday at midnight"
skill-ovos-weather.openvoiceos,"hourly_forecast.intent","forecast for saturday at midnight in {location}"
skill-ovos-weather.openvoiceos,"hourly_forecast.intent","forecast for saturday at night"
skill-ovos-weather.openvoiceos,"hourly_forecast.intent","forecast for saturday at night in {location}"
skill-ovos-weather.openvoiceos,"hourly_forecast.intent","forecast for saturday at noon"
skill-ovos-weather.openvoiceos,"hourly_forecast.intent","forecast for saturday at noon in {location}"
skill-ovos-weather.openvoiceos,"hourly_forecast.intent","forecast for sunday at 1 am"
skill-ovos-weather.openvoiceos,"hourly_forecast.intent","forecast for sunday at 1 am in {location}"
skill-ovos-weather.openvoiceos,"hourly_forecast.intent","forecast for sunday at 1 pm"
skill-ovos-weather.openvoiceos,"hourly_forecast.intent","forecast for sunday at 1 pm in {location}"
skill-ovos-weather.openvoiceos,"hourly_forecast.intent","forecast for sunday at 10 am"
skill-ovos-weather.openvoiceos,"hourly_forecast.intent","forecast for sunday at 10 am in {location}"
skill-ovos-weather.openvoiceos,"hourly_forecast.intent","forecast for sunday at 10 pm"
skill-ovos-weather.openvoiceos,"hourly_forecast.intent","forecast for sunday at 10 pm in {location}"
skill-ovos-weather.openvoiceos,"hourly_forecast.intent","forecast for sunday at 11 am"
skill-ovos-weather.openvoiceos,"hourly_forecast.intent","forecast for sunday at 11 am in {location}"
skill-ovos-weather.openvoiceos,"hourly_forecast.intent","forecast for sunday at 11 pm"
skill-ovos-weather.openvoiceos,"hourly_forecast.intent","forecast for sunday at 11 pm in {location}"
skill-ovos-weather.openvoiceos,"hourly_forecast.intent","forecast for sunday at 12 am"
skill-ovos-weather.openvoiceos,"hourly_forecast.intent","forecast for sunday at 12 am in {location}"
skill-ovos-weather.openvoiceos,"hourly_forecast.intent","forecast for sunday at 12 pm"
skill-ovos-weather.openvoiceos,"hourly_forecast.intent","forecast for sunday at 12 pm in {location}"
skill-ovos-weather.openvoiceos,"hourly_forecast.intent","forecast for sunday at 2 am"
skill-ovos-weather.openvoiceos,"hourly_forecast.intent","forecast for sunday at 2 am in {location}"
skill-ovos-weather.openvoiceos,"hourly_forecast.intent","forecast for sunday at 2 pm"
skill-ovos-weather.openvoiceos,"hourly_forecast.intent","forecast for sunday at 2 pm in {location}"
skill-ovos-weather.openvoiceos,"hourly_forecast.intent","forecast for sunday at 3 am"
skill-ovos-weather.openvoiceos,"hourly_forecast.intent","forecast for sunday at 3 am in {location}"
skill-ovos-weather.openvoiceos,"hourly_forecast.intent","forecast for sunday at 3 pm"
skill-ovos-weather.openvoiceos,"hourly_forecast.intent","forecast for sunday at 3 pm in {location}"
skill-ovos-weather.openvoiceos,"hourly_forecast.intent","forecast for sunday at 4 am"
skill-ovos-weather.openvoiceos,"hourly_forecast.intent","forecast for sunday at 4 am in {location}"
skill-ovos-weather.openvoiceos,"hourly_forecast.intent","forecast for sunday at 4 pm"
skill-ovos-weather.openvoiceos,"hourly_forecast.intent","forecast for sunday at 4 pm in {location}"
skill-ovos-weather.openvoiceos,"hourly_forecast.intent","forecast for sunday at 5 am"
skill-ovos-weather.openvoiceos,"hourly_forecast.intent","forecast for sunday at 5 am in {location}"
skill-ovos-weather.openvoiceos,"hourly_forecast.intent","forecast for sunday at 5 pm"
skill-ovos-weather.openvoiceos,"hourly_forecast.intent","forecast for sunday at 5 pm in {location}"
skill-ovos-weather.openvoiceos,"hourly_forecast.intent","forecast for sunday at 6 am"
skill-ovos-weather.openvoiceos,"hourly_forecast.intent","forecast for sunday at 6 am in {location}"
skill-ovos-weather.openvoiceos,"hourly_forecast.intent","forecast for sunday at 6 pm"
skill-ovos-weather.openvoiceos,"hourly_forecast.intent","forecast for sunday at 6 pm in {location}"
skill-ovos-weather.openvoiceos,"hourly_forecast.intent","forecast for sunday at 7 am"
skill-ovos-weather.openvoiceos,"hourly_forecast.intent","forecast for sunday at 7 am in {location}"
skill-ovos-weather.openvoiceos,"hourly_forecast.intent","forecast for sunday at 7 pm"
skill-ovos-weather.openvoiceos,"hourly_forecast.intent","forecast for sunday at 7 pm in {location}"
skill-ovos-weather.openvoiceos,"hourly_forecast.intent","forecast for sunday at 8 am"
skill-ovos-weather.openvoiceos,"hourly_forecast.intent","forecast for sunday at 8 am in {location}"
skill-ovos-weather.openvoiceos,"hourly_forecast.intent","forecast for sunday at 8 pm"
skill-ovos-weather.openvoiceos,"hourly_forecast.intent","forecast for sunday at 8 pm in {location}"
skill-ovos-weather.openvoiceos,"hourly_forecast.intent","forecast for sunday at 9 am"
skill-ovos-weather.openvoiceos,"hourly_forecast.intent","forecast for sunday at 9 am in {location}"
skill-ovos-weather.openvoiceos,"hourly_forecast.intent","forecast for sunday at 9 pm"
skill-ovos-weather.openvoiceos,"hourly_forecast.intent","forecast for sunday at 9 pm in {location}"
skill-ovos-weather.openvoiceos,"hourly_forecast.intent","forecast for sunday at midnight"
skill-ovos-weather.openvoiceos,"hourly_forecast.intent","forecast for sunday at midnight in {location}"
skill-ovos-weather.openvoiceos,"hourly_forecast.intent","forecast for sunday at night"
skill-ovos-weather.openvoiceos,"hourly_forecast.intent","forecast for sunday at night in {location}"
skill-ovos-weather.openvoiceos,"hourly_forecast.intent","forecast for sunday at noon"
skill-ovos-weather.openvoiceos,"hourly_forecast.intent","forecast for sunday at noon in {location}"
skill-ovos-weather.openvoiceos,"hourly_forecast.intent","forecast for thursday at 1 am"
skill-ovos-weather.openvoiceos,"hourly_forecast.intent","forecast for thursday at 1 am in {location}"
skill-ovos-weather.openvoiceos,"hourly_forecast.intent","forecast for thursday at 1 pm"
skill-ovos-weather.openvoiceos,"hourly_forecast.intent","forecast for thursday at 1 pm in {location}"
skill-ovos-weather.openvoiceos,"hourly_forecast.intent","forecast for thursday at 10 am"
skill-ovos-weather.openvoiceos,"hourly_forecast.intent","forecast for thursday at 10 am in {location}"
skill-ovos-weather.openvoiceos,"hourly_forecast.intent","forecast for thursday at 10 pm"
skill-ovos-weather.openvoiceos,"hourly_forecast.intent","forecast for thursday at 10 pm in {location}"
skill-ovos-weather.openvoiceos,"hourly_forecast.intent","forecast for thursday at 11 am"
skill-ovos-weather.openvoiceos,"hourly_forecast.intent","forecast for thursday at 11 am in {location}"
skill-ovos-weather.openvoiceos,"hourly_forecast.intent","forecast for thursday at 11 pm"
skill-ovos-weather.openvoiceos,"hourly_forecast.intent","forecast for thursday at 11 pm in {location}"
skill-ovos-weather.openvoiceos,"hourly_forecast.intent","forecast for thursday at 12 am"
skill-ovos-weather.openvoiceos,"hourly_forecast.intent","forecast for thursday at 12 am in {location}"
skill-ovos-weather.openvoiceos,"hourly_forecast.intent","forecast for thursday at 12 pm"
skill-ovos-weather.openvoiceos,"hourly_forecast.intent","forecast for thursday at 12 pm in {location}"
skill-ovos-weather.openvoiceos,"hourly_forecast.intent","forecast for thursday at 2 am"
skill-ovos-weather.openvoiceos,"hourly_forecast.intent","forecast for thursday at 2 am in {location}"
skill-ovos-weather.openvoiceos,"hourly_forecast.intent","forecast for thursday at 2 pm"
skill-ovos-weather.openvoiceos,"hourly_forecast.intent","forecast for thursday at 2 pm in {location}"
skill-ovos-weather.openvoiceos,"hourly_forecast.intent","forecast for thursday at 3 am"
skill-ovos-weather.openvoiceos,"hourly_forecast.intent","forecast for thursday at 3 am in {location}"
skill-ovos-weather.openvoiceos,"hourly_forecast.intent","forecast for thursday at 3 pm"
skill-ovos-weather.openvoiceos,"hourly_forecast.intent","forecast for thursday at 3 pm in {location}"
skill-ovos-weather.openvoiceos,"hourly_forecast.intent","forecast for thursday at 4 am"
skill-ovos-weather.openvoiceos,"hourly_forecast.intent","forecast for thursday at 4 am in {location}"
skill-ovos-weather.openvoiceos,"hourly_forecast.intent","forecast for thursday at 4 pm"
skill-ovos-weather.openvoiceos,"hourly_forecast.intent","forecast for thursday at 4 pm in {location}"
skill-ovos-weather.openvoiceos,"hourly_forecast.intent","forecast for thursday at 5 am"
skill-ovos-weather.openvoiceos,"hourly_forecast.intent","forecast for thursday at 5 am in {location}"
skill-ovos-weather.openvoiceos,"hourly_forecast.intent","forecast for thursday at 5 pm"
skill-ovos-weather.openvoiceos,"hourly_forecast.intent","forecast for thursday at 5 pm in {location}"
skill-ovos-weather.openvoiceos,"hourly_forecast.intent","forecast for thursday at 6 am"
skill-ovos-weather.openvoiceos,"hourly_forecast.intent","forecast for thursday at 6 am in {location}"
skill-ovos-weather.openvoiceos,"hourly_forecast.intent","forecast for thursday at 6 pm"
skill-ovos-weather.openvoiceos,"hourly_forecast.intent","forecast for thursday at 6 pm in {location}"
skill-ovos-weather.openvoiceos,"hourly_forecast.intent","forecast for thursday at 7 am"
skill-ovos-weather.openvoiceos,"hourly_forecast.intent","forecast for thursday at 7 am in {location}"
skill-ovos-weather.openvoiceos,"hourly_forecast.intent","forecast for thursday at 7 pm"
skill-ovos-weather.openvoiceos,"hourly_forecast.intent","forecast for thursday at 7 pm in {location}"
skill-ovos-weather.openvoiceos,"hourly_forecast.intent","forecast for thursday at 8 am"
skill-ovos-weather.openvoiceos,"hourly_forecast.intent","forecast for thursday at 8 am in {location}"
skill-ovos-weather.openvoiceos,"hourly_forecast.intent","forecast for thursday at 8 pm"
skill-ovos-weather.openvoiceos,"hourly_forecast.intent","forecast for thursday at 8 pm in {location}"
skill-ovos-weather.openvoiceos,"hourly_forecast.intent","forecast for thursday at 9 am"
skill-ovos-weather.openvoiceos,"hourly_forecast.intent","forecast for thursday at 9 am in {location}"
skill-ovos-weather.openvoiceos,"hourly_forecast.intent","forecast for thursday at 9 pm"
skill-ovos-weather.openvoiceos,"hourly_forecast.intent","forecast for thursday at 9 pm in {location}"
skill-ovos-weather.openvoiceos,"hourly_forecast.intent","forecast for thursday at midnight"
skill-ovos-weather.openvoiceos,"hourly_forecast.intent","forecast for thursday at midnight in {location}"
skill-ovos-weather.openvoiceos,"hourly_forecast.intent","forecast for thursday at night"
skill-ovos-weather.openvoiceos,"hourly_forecast.intent","forecast for thursday at night in {location}"
skill-ovos-weather.openvoiceos,"hourly_forecast.intent","forecast for thursday at noon"
skill-ovos-weather.openvoiceos,"hourly_forecast.intent","forecast for thursday at noon in {location}"
skill-ovos-weather.openvoiceos,"hourly_forecast.intent","forecast for tomorrow at 1 am"
skill-ovos-weather.openvoiceos,"hourly_forecast.intent","forecast for tomorrow at 1 am in {location}"
skill-ovos-weather.openvoiceos,"hourly_forecast.intent","forecast for tomorrow at 1 pm"
skill-ovos-weather.openvoiceos,"hourly_forecast.intent","forecast for tomorrow at 1 pm in {location}"
skill-ovos-weather.openvoiceos,"hourly_forecast.intent","forecast for tomorrow at 10 am"
skill-ovos-weather.openvoiceos,"hourly_forecast.intent","forecast for tomorrow at 10 am in {location}"
skill-ovos-weather.openvoiceos,"hourly_forecast.intent","forecast for tomorrow at 10 pm"
skill-ovos-weather.openvoiceos,"hourly_forecast.intent","forecast for tomorrow at 10 pm in {location}"
skill-ovos-weather.openvoiceos,"hourly_forecast.intent","forecast for tomorrow at 11 am"
skill-ovos-weather.openvoiceos,"hourly_forecast.intent","forecast for tomorrow at 11 am in {location}"
skill-ovos-weather.openvoiceos,"hourly_forecast.intent","forecast for tomorrow at 11 pm"
skill-ovos-weather.openvoiceos,"hourly_forecast.intent","forecast for tomorrow at 11 pm in {location}"
skill-ovos-weather.openvoiceos,"hourly_forecast.intent","forecast for tomorrow at 12 am"
skill-ovos-weather.openvoiceos,"hourly_forecast.intent","forecast for tomorrow at 12 am in {location}"
skill-ovos-weather.openvoiceos,"hourly_forecast.intent","forecast for tomorrow at 12 pm"
skill-ovos-weather.openvoiceos,"hourly_forecast.intent","forecast for tomorrow at 12 pm in {location}"
skill-ovos-weather.openvoiceos,"hourly_forecast.intent","forecast for tomorrow at 2 am"
skill-ovos-weather.openvoiceos,"hourly_forecast.intent","forecast for tomorrow at 2 am in {location}"
skill-ovos-weather.openvoiceos,"hourly_forecast.intent","forecast for tomorrow at 2 pm"
skill-ovos-weather.openvoiceos,"hourly_forecast.intent","forecast for tomorrow at 2 pm in {location}"
skill-ovos-weather.openvoiceos,"hourly_forecast.intent","forecast for tomorrow at 3 am"
skill-ovos-weather.openvoiceos,"hourly_forecast.intent","forecast for tomorrow at 3 am in {location}"
skill-ovos-weather.openvoiceos,"hourly_forecast.intent","forecast for tomorrow at 3 pm"
skill-ovos-weather.openvoiceos,"hourly_forecast.intent","forecast for tomorrow at 3 pm in {location}"
skill-ovos-weather.openvoiceos,"hourly_forecast.intent","forecast for tomorrow at 4 am"
skill-ovos-weather.openvoiceos,"hourly_forecast.intent","forecast for tomorrow at 4 am in {location}"
skill-ovos-weather.openvoiceos,"hourly_forecast.intent","forecast for tomorrow at 4 pm"
skill-ovos-weather.openvoiceos,"hourly_forecast.intent","forecast for tomorrow at 4 pm in {location}"
skill-ovos-weather.openvoiceos,"hourly_forecast.intent","forecast for tomorrow at 5 am"
skill-ovos-weather.openvoiceos,"hourly_forecast.intent","forecast for tomorrow at 5 am in {location}"
skill-ovos-weather.openvoiceos,"hourly_forecast.intent","forecast for tomorrow at 5 pm"
skill-ovos-weather.openvoiceos,"hourly_forecast.intent","forecast for tomorrow at 5 pm in {location}"
skill-ovos-weather.openvoiceos,"hourly_forecast.intent","forecast for tomorrow at 6 am"
skill-ovos-weather.openvoiceos,"hourly_forecast.intent","forecast for tomorrow at 6 am in {location}"
skill-ovos-weather.openvoiceos,"hourly_forecast.intent","forecast for tomorrow at 6 pm"
skill-ovos-weather.openvoiceos,"hourly_forecast.intent","forecast for tomorrow at 6 pm in {location}"
skill-ovos-weather.openvoiceos,"hourly_forecast.intent","forecast for tomorrow at 7 am"
skill-ovos-weather.openvoiceos,"hourly_forecast.intent","forecast for tomorrow at 7 am in {location}"
skill-ovos-weather.openvoiceos,"hourly_forecast.intent","forecast for tomorrow at 7 pm"
skill-ovos-weather.openvoiceos,"hourly_forecast.intent","forecast for tomorrow at 7 pm in {location}"
skill-ovos-weather.openvoiceos,"hourly_forecast.intent","forecast for tomorrow at 8 am"
skill-ovos-weather.openvoiceos,"hourly_forecast.intent","forecast for tomorrow at 8 am in {location}"
skill-ovos-weather.openvoiceos,"hourly_forecast.intent","forecast for tomorrow at 8 pm"
skill-ovos-weather.openvoiceos,"hourly_forecast.intent","forecast for tomorrow at 8 pm in {location}"
skill-ovos-weather.openvoiceos,"hourly_forecast.intent","forecast for tomorrow at 9 am"
skill-ovos-weather.openvoiceos,"hourly_forecast.intent","forecast for tomorrow at 9 am in {location}"
skill-ovos-weather.openvoiceos,"hourly_forecast.intent","forecast for tomorrow at 9 pm"
skill-ovos-weather.openvoiceos,"hourly_forecast.intent","forecast for tomorrow at 9 pm in {location}"
skill-ovos-weather.openvoiceos,"hourly_forecast.intent","forecast for tomorrow at midnight"
skill-ovos-weather.openvoiceos,"hourly_forecast.intent","forecast for tomorrow at midnight in {location}"
skill-ovos-weather.openvoiceos,"hourly_forecast.intent","forecast for tomorrow at night"
skill-ovos-weather.openvoiceos,"hourly_forecast.intent","forecast for tomorrow at night in {location}"
skill-ovos-weather.openvoiceos,"hourly_forecast.intent","forecast for tomorrow at noon"
skill-ovos-weather.openvoiceos,"hourly_forecast.intent","forecast for tomorrow at noon in {location}"
skill-ovos-weather.openvoiceos,"hourly_forecast.intent","forecast for tuesday at 1 am"
skill-ovos-weather.openvoiceos,"hourly_forecast.intent","forecast for tuesday at 1 am in {location}"
skill-ovos-weather.openvoiceos,"hourly_forecast.intent","forecast for tuesday at 1 pm"
skill-ovos-weather.openvoiceos,"hourly_forecast.intent","forecast for tuesday at 1 pm in {location}"
skill-ovos-weather.openvoiceos,"hourly_forecast.intent","forecast for tuesday at 10 am"
skill-ovos-weather.openvoiceos,"hourly_forecast.intent","forecast for tuesday at 10 am in {location}"
skill-ovos-weather.openvoiceos,"hourly_forecast.intent","forecast for tuesday at 10 pm"
skill-ovos-weather.openvoiceos,"hourly_forecast.intent","forecast for tuesday at 10 pm in {location}"
skill-ovos-weather.openvoiceos,"hourly_forecast.intent","forecast for tuesday at 11 am"
skill-ovos-weather.openvoiceos,"hourly_forecast.intent","forecast for tuesday at 11 am in {location}"
skill-ovos-weather.openvoiceos,"hourly_forecast.intent","forecast for tuesday at 11 pm"
skill-ovos-weather.openvoiceos,"hourly_forecast.intent","forecast for tuesday at 11 pm in {location}"
skill-ovos-weather.openvoiceos,"hourly_forecast.intent","forecast for tuesday at 12 am"
skill-ovos-weather.openvoiceos,"hourly_forecast.intent","forecast for tuesday at 12 am in {location}"
skill-ovos-weather.openvoiceos,"hourly_forecast.intent","forecast for tuesday at 12 pm"
skill-ovos-weather.openvoiceos,"hourly_forecast.intent","forecast for tuesday at 12 pm in {location}"
skill-ovos-weather.openvoiceos,"hourly_forecast.intent","forecast for tuesday at 2 am"
skill-ovos-weather.openvoiceos,"hourly_forecast.intent","forecast for tuesday at 2 am in {location}"
skill-ovos-weather.openvoiceos,"hourly_forecast.intent","forecast for tuesday at 2 pm"
skill-ovos-weather.openvoiceos,"hourly_forecast.intent","forecast for tuesday at 2 pm in {location}"
skill-ovos-weather.openvoiceos,"hourly_forecast.intent","forecast for tuesday at 3 am"
skill-ovos-weather.openvoiceos,"hourly_forecast.intent","forecast for tuesday at 3 am in {location}"
skill-ovos-weather.openvoiceos,"hourly_forecast.intent","forecast for tuesday at 3 pm"
skill-ovos-weather.openvoiceos,"hourly_forecast.intent","forecast for tuesday at 3 pm in {location}"
skill-ovos-weather.openvoiceos,"hourly_forecast.intent","forecast for tuesday at 4 am"
skill-ovos-weather.openvoiceos,"hourly_forecast.intent","forecast for tuesday at 4 am in {location}"
skill-ovos-weather.openvoiceos,"hourly_forecast.intent","forecast for tuesday at 4 pm"
skill-ovos-weather.openvoiceos,"hourly_forecast.intent","forecast for tuesday at 4 pm in {location}"
skill-ovos-weather.openvoiceos,"hourly_forecast.intent","forecast for tuesday at 5 am"
skill-ovos-weather.openvoiceos,"hourly_forecast.intent","forecast for tuesday at 5 am in {location}"
skill-ovos-weather.openvoiceos,"hourly_forecast.intent","forecast for tuesday at 5 pm"
skill-ovos-weather.openvoiceos,"hourly_forecast.intent","forecast for tuesday at 5 pm in {location}"
skill-ovos-weather.openvoiceos,"hourly_forecast.intent","forecast for tuesday at 6 am"
skill-ovos-weather.openvoiceos,"hourly_forecast.intent","forecast for tuesday at 6 am in {location}"
skill-ovos-weather.openvoiceos,"hourly_forecast.intent","forecast for tuesday at 6 pm"
skill-ovos-weather.openvoiceos,"hourly_forecast.intent","forecast for tuesday at 6 pm in {location}"
skill-ovos-weather.openvoiceos,"hourly_forecast.intent","forecast for tuesday at 7 am"
skill-ovos-weather.openvoiceos,"hourly_forecast.intent","forecast for tuesday at 7 am in {location}"
skill-ovos-weather.openvoiceos,"hourly_forecast.intent","forecast for tuesday at 7 pm"
skill-ovos-weather.openvoiceos,"hourly_forecast.intent","forecast for tuesday at 7 pm in {location}"
skill-ovos-weather.openvoiceos,"hourly_forecast.intent","forecast for tuesday at 8 am"
skill-ovos-weather.openvoiceos,"hourly_forecast.intent","forecast for tuesday at 8 am in {location}"
skill-ovos-weather.openvoiceos,"hourly_forecast.intent","forecast for tuesday at 8 pm"
skill-ovos-weather.openvoiceos,"hourly_forecast.intent","forecast for tuesday at 8 pm in {location}"
skill-ovos-weather.openvoiceos,"hourly_forecast.intent","forecast for tuesday at 9 am"
skill-ovos-weather.openvoiceos,"hourly_forecast.intent","forecast for tuesday at 9 am in {location}"
skill-ovos-weather.openvoiceos,"hourly_forecast.intent","forecast for tuesday at 9 pm"
skill-ovos-weather.openvoiceos,"hourly_forecast.intent","forecast for tuesday at 9 pm in {location}"
skill-ovos-weather.openvoiceos,"hourly_forecast.intent","forecast for tuesday at midnight"
skill-ovos-weather.openvoiceos,"hourly_forecast.intent","forecast for tuesday at midnight in {location}"
skill-ovos-weather.openvoiceos,"hourly_forecast.intent","forecast for tuesday at night"
skill-ovos-weather.openvoiceos,"hourly_forecast.intent","forecast for tuesday at night in {location}"
skill-ovos-weather.openvoiceos,"hourly_forecast.intent","forecast for tuesday at noon"
skill-ovos-weather.openvoiceos,"hourly_forecast.intent","forecast for tuesday at noon in {location}"
skill-ovos-weather.openvoiceos,"hourly_forecast.intent","forecast for wednesday at 1 am"
skill-ovos-weather.openvoiceos,"hourly_forecast.intent","forecast for wednesday at 1 am in {location}"
skill-ovos-weather.openvoiceos,"hourly_forecast.intent","forecast for wednesday at 1 pm"
skill-ovos-weather.openvoiceos,"hourly_forecast.intent","forecast for wednesday at 1 pm in {location}"
skill-ovos-weather.openvoiceos,"hourly_forecast.intent","forecast for wednesday at 10 am"
skill-ovos-weather.openvoiceos,"hourly_forecast.intent","forecast for wednesday at 10 am in {location}"
skill-ovos-weather.openvoiceos,"hourly_forecast.intent","forecast for wednesday at 10 pm"
skill-ovos-weather.openvoiceos,"hourly_forecast.intent","forecast for wednesday at 10 pm in {location}"
skill-ovos-weather.openvoiceos,"hourly_forecast.intent","forecast for wednesday at 11 am"
skill-ovos-weather.openvoiceos,"hourly_forecast.intent","forecast for wednesday at 11 am in {location}"
skill-ovos-weather.openvoiceos,"hourly_forecast.intent","forecast for wednesday at 11 pm"
skill-ovos-weather.openvoiceos,"hourly_forecast.intent","forecast for wednesday at 11 pm in {location}"
skill-ovos-weather.openvoiceos,"hourly_forecast.intent","forecast for wednesday at 12 am"
skill-ovos-weather.openvoiceos,"hourly_forecast.intent","forecast for wednesday at 12 am in {location}"
skill-ovos-weather.openvoiceos,"hourly_forecast.intent","forecast for wednesday at 12 pm"
skill-ovos-weather.openvoiceos,"hourly_forecast.intent","forecast for wednesday at 12 pm in {location}"
skill-ovos-weather.openvoiceos,"hourly_forecast.intent","forecast for wednesday at 2 am"
skill-ovos-weather.openvoiceos,"hourly_forecast.intent","forecast for wednesday at 2 am in {location}"
skill-ovos-weather.openvoiceos,"hourly_forecast.intent","forecast for wednesday at 2 pm"
skill-ovos-weather.openvoiceos,"hourly_forecast.intent","forecast for wednesday at 2 pm in {location}"
skill-ovos-weather.openvoiceos,"hourly_forecast.intent","forecast for wednesday at 3 am"
skill-ovos-weather.openvoiceos,"hourly_forecast.intent","forecast for wednesday at 3 am in {location}"
skill-ovos-weather.openvoiceos,"hourly_forecast.intent","forecast for wednesday at 3 pm"
skill-ovos-weather.openvoiceos,"hourly_forecast.intent","forecast for wednesday at 3 pm in {location}"
skill-ovos-weather.openvoiceos,"hourly_forecast.intent","forecast for wednesday at 4 am"
skill-ovos-weather.openvoiceos,"hourly_forecast.intent","forecast for wednesday at 4 am in {location}"
skill-ovos-weather.openvoiceos,"hourly_forecast.intent","forecast for wednesday at 4 pm"
skill-ovos-weather.openvoiceos,"hourly_forecast.intent","forecast for wednesday at 4 pm in {location}"
skill-ovos-weather.openvoiceos,"hourly_forecast.intent","forecast for wednesday at 5 am"
skill-ovos-weather.openvoiceos,"hourly_forecast.intent","forecast for wednesday at 5 am in {location}"
skill-ovos-weather.openvoiceos,"hourly_forecast.intent","forecast for wednesday at 5 pm"
skill-ovos-weather.openvoiceos,"hourly_forecast.intent","forecast for wednesday at 5 pm in {location}"
skill-ovos-weather.openvoiceos,"hourly_forecast.intent","forecast for wednesday at 6 am"
skill-ovos-weather.openvoiceos,"hourly_forecast.intent","forecast for wednesday at 6 am in {location}"
skill-ovos-weather.openvoiceos,"hourly_forecast.intent","forecast for wednesday at 6 pm"
skill-ovos-weather.openvoiceos,"hourly_forecast.intent","forecast for wednesday at 6 pm in {location}"
skill-ovos-weather.openvoiceos,"hourly_forecast.intent","forecast for wednesday at 7 am"
skill-ovos-weather.openvoiceos,"hourly_forecast.intent","forecast for wednesday at 7 am in {location}"
skill-ovos-weather.openvoiceos,"hourly_forecast.intent","forecast for wednesday at 7 pm"
skill-ovos-weather.openvoiceos,"hourly_forecast.intent","forecast for wednesday at 7 pm in {location}"
skill-ovos-weather.openvoiceos,"hourly_forecast.intent","forecast for wednesday at 8 am"
skill-ovos-weather.openvoiceos,"hourly_forecast.intent","forecast for wednesday at 8 am in {location}"
skill-ovos-weather.openvoiceos,"hourly_forecast.intent","forecast for wednesday at 8 pm"
skill-ovos-weather.openvoiceos,"hourly_forecast.intent","forecast for wednesday at 8 pm in {location}"
skill-ovos-weather.openvoiceos,"hourly_forecast.intent","forecast for wednesday at 9 am"
skill-ovos-weather.openvoiceos,"hourly_forecast.intent","forecast for wednesday at 9 am in {location}"
skill-ovos-weather.openvoiceos,"hourly_forecast.intent","forecast for wednesday at 9 pm"
skill-ovos-weather.openvoiceos,"hourly_forecast.intent","forecast for wednesday at 9 pm in {location}"
skill-ovos-weather.openvoiceos,"hourly_forecast.intent","forecast for wednesday at midnight"
skill-ovos-weather.openvoiceos,"hourly_forecast.intent","forecast for wednesday at midnight in {location}"
skill-ovos-weather.openvoiceos,"hourly_forecast.intent","forecast for wednesday at night"
skill-ovos-weather.openvoiceos,"hourly_forecast.intent","forecast for wednesday at night in {location}"
skill-ovos-weather.openvoiceos,"hourly_forecast.intent","forecast for wednesday at noon"
skill-ovos-weather.openvoiceos,"hourly_forecast.intent","forecast for wednesday at noon in {location}"
skill-ovos-weather.openvoiceos,"hourly_forecast.intent","hourly forecast for friday"
skill-ovos-weather.openvoiceos,"hourly_forecast.intent","hourly forecast for friday in {location}"
skill-ovos-weather.openvoiceos,"hourly_forecast.intent","hourly forecast for monday"
skill-ovos-weather.openvoiceos,"hourly_forecast.intent","hourly forecast for monday in {location}"
skill-ovos-weather.openvoiceos,"hourly_forecast.intent","hourly forecast for saturday"
skill-ovos-weather.openvoiceos,"hourly_forecast.intent","hourly forecast for saturday in {location}"
skill-ovos-weather.openvoiceos,"hourly_forecast.intent","hourly forecast for sunday"
skill-ovos-weather.openvoiceos,"hourly_forecast.intent","hourly forecast for sunday in {location}"
skill-ovos-weather.openvoiceos,"hourly_forecast.intent","hourly forecast for thursday"
skill-ovos-weather.openvoiceos,"hourly_forecast.intent","hourly forecast for thursday in {location}"
skill-ovos-weather.openvoiceos,"hourly_forecast.intent","hourly forecast for tomorrow"
skill-ovos-weather.openvoiceos,"hourly_forecast.intent","hourly forecast for tomorrow in {location}"
skill-ovos-weather.openvoiceos,"hourly_forecast.intent","hourly forecast for tuesday"
skill-ovos-weather.openvoiceos,"hourly_forecast.intent","hourly forecast for tuesday in {location}"
skill-ovos-weather.openvoiceos,"hourly_forecast.intent","hourly forecast for wednesday"
skill-ovos-weather.openvoiceos,"hourly_forecast.intent","hourly forecast for wednesday in {location}"
skill-ovos-weather.openvoiceos,"hourly_forecast.intent","how is the forecast at 1 am"
skill-ovos-weather.openvoiceos,"hourly_forecast.intent","how is the forecast at 1 am in {location}"
skill-ovos-weather.openvoiceos,"hourly_forecast.intent","how is the forecast at 1 pm"
skill-ovos-weather.openvoiceos,"hourly_forecast.intent","how is the forecast at 1 pm in {location}"
skill-ovos-weather.openvoiceos,"hourly_forecast.intent","how is the forecast at 10 am"
skill-ovos-weather.openvoiceos,"hourly_forecast.intent","how is the forecast at 10 am in {location}"
skill-ovos-weather.openvoiceos,"hourly_forecast.intent","how is the forecast at 10 pm"
skill-ovos-weather.openvoiceos,"hourly_forecast.intent","how is the forecast at 10 pm in {location}"
skill-ovos-weather.openvoiceos,"hourly_forecast.intent","how is the forecast at 11 am"
skill-ovos-weather.openvoiceos,"hourly_forecast.intent","how is the forecast at 11 am in {location}"
skill-ovos-weather.openvoiceos,"hourly_forecast.intent","how is the forecast at 11 pm"
skill-ovos-weather.openvoiceos,"hourly_forecast.intent","how is the forecast at 11 pm in {location}"
skill-ovos-weather.openvoiceos,"hourly_forecast.intent","how is the forecast at 12 am"
skill-ovos-weather.openvoiceos,"hourly_forecast.intent","how is the forecast at 12 am in {location}"
skill-ovos-weather.openvoiceos,"hourly_forecast.intent","how is the forecast at 12 pm"
skill-ovos-weather.openvoiceos,"hourly_forecast.intent","how is the forecast at 12 pm in {location}"
skill-ovos-weather.openvoiceos,"hourly_forecast.intent","how is the forecast at 2 am"
skill-ovos-weather.openvoiceos,"hourly_forecast.intent","how is the forecast at 2 am in {location}"
skill-ovos-weather.openvoiceos,"hourly_forecast.intent","how is the forecast at 2 pm"
skill-ovos-weather.openvoiceos,"hourly_forecast.intent","how is the forecast at 2 pm in {location}"
skill-ovos-weather.openvoiceos,"hourly_forecast.intent","how is the forecast at 3 am"
skill-ovos-weather.openvoiceos,"hourly_forecast.intent","how is the forecast at 3 am in {location}"
skill-ovos-weather.openvoiceos,"hourly_forecast.intent","how is the forecast at 3 pm"
skill-ovos-weather.openvoiceos,"hourly_forecast.intent","how is the forecast at 3 pm in {location}"
skill-ovos-weather.openvoiceos,"hourly_forecast.intent","how is the forecast at 4 am"
skill-ovos-weather.openvoiceos,"hourly_forecast.intent","how is the forecast at 4 am in {location}"
skill-ovos-weather.openvoiceos,"hourly_forecast.intent","how is the forecast at 4 pm"
skill-ovos-weather.openvoiceos,"hourly_forecast.intent","how is the forecast at 4 pm in {location}"
skill-ovos-weather.openvoiceos,"hourly_forecast.intent","how is the forecast at 5 am"
skill-ovos-weather.openvoiceos,"hourly_forecast.intent","how is the forecast at 5 am in {location}"
skill-ovos-weather.openvoiceos,"hourly_forecast.intent","how is the forecast at 5 pm"
skill-ovos-weather.openvoiceos,"hourly_forecast.intent","how is the forecast at 5 pm in {location}"
skill-ovos-weather.openvoiceos,"hourly_forecast.intent","how is the forecast at 6 am"
skill-ovos-weather.openvoiceos,"hourly_forecast.intent","how is the forecast at 6 am in {location}"
skill-ovos-weather.openvoiceos,"hourly_forecast.intent","how is the forecast at 6 pm"
skill-ovos-weather.openvoiceos,"hourly_forecast.intent","how is the forecast at 6 pm in {location}"
skill-ovos-weather.openvoiceos,"hourly_forecast.intent","how is the forecast at 7 am"
skill-ovos-weather.openvoiceos,"hourly_forecast.intent","how is the forecast at 7 am in {location}"
skill-ovos-weather.openvoiceos,"hourly_forecast.intent","how is the forecast at 7 pm"
skill-ovos-weather.openvoiceos,"hourly_forecast.intent","how is the forecast at 7 pm in {location}"
skill-ovos-weather.openvoiceos,"hourly_forecast.intent","how is the forecast at 8 am"
skill-ovos-weather.openvoiceos,"hourly_forecast.intent","how is the forecast at 8 am in {location}"
skill-ovos-weather.openvoiceos,"hourly_forecast.intent","how is the forecast at 8 pm"
skill-ovos-weather.openvoiceos,"hourly_forecast.intent","how is the forecast at 8 pm in {location}"
skill-ovos-weather.openvoiceos,"hourly_forecast.intent","how is the forecast at 9 am"
skill-ovos-weather.openvoiceos,"hourly_forecast.intent","how is the forecast at 9 am in {location}"
skill-ovos-weather.openvoiceos,"hourly_forecast.intent","how is the forecast at 9 pm"
skill-ovos-weather.openvoiceos,"hourly_forecast.intent","how is the forecast at 9 pm in {location}"
skill-ovos-weather.openvoiceos,"hourly_forecast.intent","how is the weather  friday evening"
skill-ovos-weather.openvoiceos,"hourly_forecast.intent","how is the weather  friday evening in {location}"
skill-ovos-weather.openvoiceos,"hourly_forecast.intent","how is the weather  friday morning"
skill-ovos-weather.openvoiceos,"hourly_forecast.intent","how is the weather  friday morning in {location}"
skill-ovos-weather.openvoiceos,"hourly_forecast.intent","how is the weather  friday noon"
skill-ovos-weather.openvoiceos,"hourly_forecast.intent","how is the weather  friday noon in {location}"
skill-ovos-weather.openvoiceos,"hourly_forecast.intent","how is the weather  monday evening"
skill-ovos-weather.openvoiceos,"hourly_forecast.intent","how is the weather  monday evening in {location}"
skill-ovos-weather.openvoiceos,"hourly_forecast.intent","how is the weather  monday morning"
skill-ovos-weather.openvoiceos,"hourly_forecast.intent","how is the weather  monday morning in {location}"
skill-ovos-weather.openvoiceos,"hourly_forecast.intent","how is the weather  monday noon"
skill-ovos-weather.openvoiceos,"hourly_forecast.intent","how is the weather  monday noon in {location}"
skill-ovos-weather.openvoiceos,"hourly_forecast.intent","how is the weather  saturday evening"
skill-ovos-weather.openvoiceos,"hourly_forecast.intent","how is the weather  saturday evening in {location}"
skill-ovos-weather.openvoiceos,"hourly_forecast.intent","how is the weather  saturday morning"
skill-ovos-weather.openvoiceos,"hourly_forecast.intent","how is the weather  saturday morning in {location}"
skill-ovos-weather.openvoiceos,"hourly_forecast.intent","how is the weather  saturday noon"
skill-ovos-weather.openvoiceos,"hourly_forecast.intent","how is the weather  saturday noon in {location}"
skill-ovos-weather.openvoiceos,"hourly_forecast.intent","how is the weather  sunday evening"
skill-ovos-weather.openvoiceos,"hourly_forecast.intent","how is the weather  sunday evening in {location}"
skill-ovos-weather.openvoiceos,"hourly_forecast.intent","how is the weather  sunday morning"
skill-ovos-weather.openvoiceos,"hourly_forecast.intent","how is the weather  sunday morning in {location}"
skill-ovos-weather.openvoiceos,"hourly_forecast.intent","how is the weather  sunday noon"
skill-ovos-weather.openvoiceos,"hourly_forecast.intent","how is the weather  sunday noon in {location}"
skill-ovos-weather.openvoiceos,"hourly_forecast.intent","how is the weather  thursday evening"
skill-ovos-weather.openvoiceos,"hourly_forecast.intent","how is the weather  thursday evening in {location}"
skill-ovos-weather.openvoiceos,"hourly_forecast.intent","how is the weather  thursday morning"
skill-ovos-weather.openvoiceos,"hourly_forecast.intent","how is the weather  thursday morning in {location}"
skill-ovos-weather.openvoiceos,"hourly_forecast.intent","how is the weather  thursday noon"
skill-ovos-weather.openvoiceos,"hourly_forecast.intent","how is the weather  thursday noon in {location}"
skill-ovos-weather.openvoiceos,"hourly_forecast.intent","how is the weather  tomorrow evening"
skill-ovos-weather.openvoiceos,"hourly_forecast.intent","how is the weather  tomorrow evening in {location}"
skill-ovos-weather.openvoiceos,"hourly_forecast.intent","how is the weather  tomorrow morning"
skill-ovos-weather.openvoiceos,"hourly_forecast.intent","how is the weather  tomorrow morning in {location}"
skill-ovos-weather.openvoiceos,"hourly_forecast.intent","how is the weather  tomorrow noon"
skill-ovos-weather.openvoiceos,"hourly_forecast.intent","how is the weather  tomorrow noon in {location}"
skill-ovos-weather.openvoiceos,"hourly_forecast.intent","how is the weather  tuesday evening"
skill-ovos-weather.openvoiceos,"hourly_forecast.intent","how is the weather  tuesday evening in {location}"
skill-ovos-weather.openvoiceos,"hourly_forecast.intent","how is the weather  tuesday morning"
skill-ovos-weather.openvoiceos,"hourly_forecast.intent","how is the weather  tuesday morning in {location}"
skill-ovos-weather.openvoiceos,"hourly_forecast.intent","how is the weather  tuesday noon"
skill-ovos-weather.openvoiceos,"hourly_forecast.intent","how is the weather  tuesday noon in {location}"
skill-ovos-weather.openvoiceos,"hourly_forecast.intent","how is the weather  wednesday evening"
skill-ovos-weather.openvoiceos,"hourly_forecast.intent","how is the weather  wednesday evening in {location}"
skill-ovos-weather.openvoiceos,"hourly_forecast.intent","how is the weather  wednesday morning"
skill-ovos-weather.openvoiceos,"hourly_forecast.intent","how is the weather  wednesday morning in {location}"
skill-ovos-weather.openvoiceos,"hourly_forecast.intent","how is the weather  wednesday noon"
skill-ovos-weather.openvoiceos,"hourly_forecast.intent","how is the weather  wednesday noon in {location}"
skill-ovos-weather.openvoiceos,"hourly_forecast.intent","how is the weather at 1 am"
skill-ovos-weather.openvoiceos,"hourly_forecast.intent","how is the weather at 1 am in {location}"
skill-ovos-weather.openvoiceos,"hourly_forecast.intent","how is the weather at 1 pm"
skill-ovos-weather.openvoiceos,"hourly_forecast.intent","how is the weather at 1 pm in {location}"
skill-ovos-weather.openvoiceos,"hourly_forecast.intent","how is the weather at 10 am"
skill-ovos-weather.openvoiceos,"hourly_forecast.intent","how is the weather at 10 am in {location}"
skill-ovos-weather.openvoiceos,"hourly_forecast.intent","how is the weather at 10 pm"
skill-ovos-weather.openvoiceos,"hourly_forecast.intent","how is the weather at 10 pm in {location}"
skill-ovos-weather.openvoiceos,"hourly_forecast.intent","how is the weather at 11 am"
skill-ovos-weather.openvoiceos,"hourly_forecast.intent","how is the weather at 11 am in {location}"
skill-ovos-weather.openvoiceos,"hourly_forecast.intent","how is the weather at 11 pm"
skill-ovos-weather.openvoiceos,"hourly_forecast.intent","how is the weather at 11 pm in {location}"
skill-ovos-weather.openvoiceos,"hourly_forecast.intent","how is the weather at 12 am"
skill-ovos-weather.openvoiceos,"hourly_forecast.intent","how is the weather at 12 am in {location}"
skill-ovos-weather.openvoiceos,"hourly_forecast.intent","how is the weather at 12 pm"
skill-ovos-weather.openvoiceos,"hourly_forecast.intent","how is the weather at 12 pm in {location}"
skill-ovos-weather.openvoiceos,"hourly_forecast.intent","how is the weather at 2 am"
skill-ovos-weather.openvoiceos,"hourly_forecast.intent","how is the weather at 2 am in {location}"
skill-ovos-weather.openvoiceos,"hourly_forecast.intent","how is the weather at 2 pm"
skill-ovos-weather.openvoiceos,"hourly_forecast.intent","how is the weather at 2 pm in {location}"
skill-ovos-weather.openvoiceos,"hourly_forecast.intent","how is the weather at 3 am"
skill-ovos-weather.openvoiceos,"hourly_forecast.intent","how is the weather at 3 am in {location}"
skill-ovos-weather.openvoiceos,"hourly_forecast.intent","how is the weather at 3 pm"
skill-ovos-weather.openvoiceos,"hourly_forecast.intent","how is the weather at 3 pm in {location}"
skill-ovos-weather.openvoiceos,"hourly_forecast.intent","how is the weather at 4 am"
skill-ovos-weather.openvoiceos,"hourly_forecast.intent","how is the weather at 4 am in {location}"
skill-ovos-weather.openvoiceos,"hourly_forecast.intent","how is the weather at 4 pm"
skill-ovos-weather.openvoiceos,"hourly_forecast.intent","how is the weather at 4 pm in {location}"
skill-ovos-weather.openvoiceos,"hourly_forecast.intent","how is the weather at 5 am"
skill-ovos-weather.openvoiceos,"hourly_forecast.intent","how is the weather at 5 am in {location}"
skill-ovos-weather.openvoiceos,"hourly_forecast.intent","how is the weather at 5 pm"
skill-ovos-weather.openvoiceos,"hourly_forecast.intent","how is the weather at 5 pm in {location}"
skill-ovos-weather.openvoiceos,"hourly_forecast.intent","how is the weather at 6 am"
skill-ovos-weather.openvoiceos,"hourly_forecast.intent","how is the weather at 6 am in {location}"
skill-ovos-weather.openvoiceos,"hourly_forecast.intent","how is the weather at 6 pm"
skill-ovos-weather.openvoiceos,"hourly_forecast.intent","how is the weather at 6 pm in {location}"
skill-ovos-weather.openvoiceos,"hourly_forecast.intent","how is the weather at 7 am"
skill-ovos-weather.openvoiceos,"hourly_forecast.intent","how is the weather at 7 am in {location}"
skill-ovos-weather.openvoiceos,"hourly_forecast.intent","how is the weather at 7 pm"
skill-ovos-weather.openvoiceos,"hourly_forecast.intent","how is the weather at 7 pm in {location}"
skill-ovos-weather.openvoiceos,"hourly_forecast.intent","how is the weather at 8 am"
skill-ovos-weather.openvoiceos,"hourly_forecast.intent","how is the weather at 8 am in {location}"
skill-ovos-weather.openvoiceos,"hourly_forecast.intent","how is the weather at 8 pm"
skill-ovos-weather.openvoiceos,"hourly_forecast.intent","how is the weather at 8 pm in {location}"
skill-ovos-weather.openvoiceos,"hourly_forecast.intent","how is the weather at 9 am"
skill-ovos-weather.openvoiceos,"hourly_forecast.intent","how is the weather at 9 am in {location}"
skill-ovos-weather.openvoiceos,"hourly_forecast.intent","how is the weather at 9 pm"
skill-ovos-weather.openvoiceos,"hourly_forecast.intent","how is the weather at 9 pm in {location}"
skill-ovos-weather.openvoiceos,"hourly_forecast.intent","how is the weather in {location}  friday evening"
skill-ovos-weather.openvoiceos,"hourly_forecast.intent","how is the weather in {location}  friday morning"
skill-ovos-weather.openvoiceos,"hourly_forecast.intent","how is the weather in {location}  friday noon"
skill-ovos-weather.openvoiceos,"hourly_forecast.intent","how is the weather in {location}  monday evening"
skill-ovos-weather.openvoiceos,"hourly_forecast.intent","how is the weather in {location}  monday morning"
skill-ovos-weather.openvoiceos,"hourly_forecast.intent","how is the weather in {location}  monday noon"
skill-ovos-weather.openvoiceos,"hourly_forecast.intent","how is the weather in {location}  saturday evening"
skill-ovos-weather.openvoiceos,"hourly_forecast.intent","how is the weather in {location}  saturday morning"
skill-ovos-weather.openvoiceos,"hourly_forecast.intent","how is the weather in {location}  saturday noon"
skill-ovos-weather.openvoiceos,"hourly_forecast.intent","how is the weather in {location}  sunday evening"
skill-ovos-weather.openvoiceos,"hourly_forecast.intent","how is the weather in {location}  sunday morning"
skill-ovos-weather.openvoiceos,"hourly_forecast.intent","how is the weather in {location}  sunday noon"
skill-ovos-weather.openvoiceos,"hourly_forecast.intent","how is the weather in {location}  thursday evening"
skill-ovos-weather.openvoiceos,"hourly_forecast.intent","how is the weather in {location}  thursday morning"
skill-ovos-weather.openvoiceos,"hourly_forecast.intent","how is the weather in {location}  thursday noon"
skill-ovos-weather.openvoiceos,"hourly_forecast.intent","how is the weather in {location}  tomorrow evening"
skill-ovos-weather.openvoiceos,"hourly_forecast.intent","how is the weather in {location}  tomorrow morning"
skill-ovos-weather.openvoiceos,"hourly_forecast.intent","how is the weather in {location}  tomorrow noon"
skill-ovos-weather.openvoiceos,"hourly_forecast.intent","how is the weather in {location}  tuesday evening"
skill-ovos-weather.openvoiceos,"hourly_forecast.intent","how is the weather in {location}  tuesday morning"
skill-ovos-weather.openvoiceos,"hourly_forecast.intent","how is the weather in {location}  tuesday noon"
skill-ovos-weather.openvoiceos,"hourly_forecast.intent","how is the weather in {location}  wednesday evening"
skill-ovos-weather.openvoiceos,"hourly_forecast.intent","how is the weather in {location}  wednesday morning"
skill-ovos-weather.openvoiceos,"hourly_forecast.intent","how is the weather in {location}  wednesday noon"
skill-ovos-weather.openvoiceos,"hourly_forecast.intent","how is the weather in {location} like friday evening"
skill-ovos-weather.openvoiceos,"hourly_forecast.intent","how is the weather in {location} like friday morning"
skill-ovos-weather.openvoiceos,"hourly_forecast.intent","how is the weather in {location} like friday noon"
skill-ovos-weather.openvoiceos,"hourly_forecast.intent","how is the weather in {location} like monday evening"
skill-ovos-weather.openvoiceos,"hourly_forecast.intent","how is the weather in {location} like monday morning"
skill-ovos-weather.openvoiceos,"hourly_forecast.intent","how is the weather in {location} like monday noon"
skill-ovos-weather.openvoiceos,"hourly_forecast.intent","how is the weather in {location} like saturday evening"
skill-ovos-weather.openvoiceos,"hourly_forecast.intent","how is the weather in {location} like saturday morning"
skill-ovos-weather.openvoiceos,"hourly_forecast.intent","how is the weather in {location} like saturday noon"
skill-ovos-weather.openvoiceos,"hourly_forecast.intent","how is the weather in {location} like sunday evening"
skill-ovos-weather.openvoiceos,"hourly_forecast.intent","how is the weather in {location} like sunday morning"
skill-ovos-weather.openvoiceos,"hourly_forecast.intent","how is the weather in {location} like sunday noon"
skill-ovos-weather.openvoiceos,"hourly_forecast.intent","how is the weather in {location} like thursday evening"
skill-ovos-weather.openvoiceos,"hourly_forecast.intent","how is the weather in {location} like thursday morning"
skill-ovos-weather.openvoiceos,"hourly_forecast.intent","how is the weather in {location} like thursday noon"
skill-ovos-weather.openvoiceos,"hourly_forecast.intent","how is the weather in {location} like tomorrow evening"
skill-ovos-weather.openvoiceos,"hourly_forecast.intent","how is the weather in {location} like tomorrow morning"
skill-ovos-weather.openvoiceos,"hourly_forecast.intent","how is the weather in {location} like tomorrow noon"
skill-ovos-weather.openvoiceos,"hourly_forecast.intent","how is the weather in {location} like tuesday evening"
skill-ovos-weather.openvoiceos,"hourly_forecast.intent","how is the weather in {location} like tuesday morning"
skill-ovos-weather.openvoiceos,"hourly_forecast.intent","how is the weather in {location} like tuesday noon"
skill-ovos-weather.openvoiceos,"hourly_forecast.intent","how is the weather in {location} like wednesday evening"
skill-ovos-weather.openvoiceos,"hourly_forecast.intent","how is the weather in {location} like wednesday morning"
skill-ovos-weather.openvoiceos,"hourly_forecast.intent","how is the weather in {location} like wednesday noon"
skill-ovos-weather.openvoiceos,"hourly_forecast.intent","how is the weather like friday evening"
skill-ovos-weather.openvoiceos,"hourly_forecast.intent","how is the weather like friday evening in {location}"
skill-ovos-weather.openvoiceos,"hourly_forecast.intent","how is the weather like friday morning"
skill-ovos-weather.openvoiceos,"hourly_forecast.intent","how is the weather like friday morning in {location}"
skill-ovos-weather.openvoiceos,"hourly_forecast.intent","how is the weather like friday noon"
skill-ovos-weather.openvoiceos,"hourly_forecast.intent","how is the weather like friday noon in {location}"
skill-ovos-weather.openvoiceos,"hourly_forecast.intent","how is the weather like monday evening"
skill-ovos-weather.openvoiceos,"hourly_forecast.intent","how is the weather like monday evening in {location}"
skill-ovos-weather.openvoiceos,"hourly_forecast.intent","how is the weather like monday morning"
skill-ovos-weather.openvoiceos,"hourly_forecast.intent","how is the weather like monday morning in {location}"
skill-ovos-weather.openvoiceos,"hourly_forecast.intent","how is the weather like monday noon"
skill-ovos-weather.openvoiceos,"hourly_forecast.intent","how is the weather like monday noon in {location}"
skill-ovos-weather.openvoiceos,"hourly_forecast.intent","how is the weather like saturday evening"
skill-ovos-weather.openvoiceos,"hourly_forecast.intent","how is the weather like saturday evening in {location}"
skill-ovos-weather.openvoiceos,"hourly_forecast.intent","how is the weather like saturday morning"
skill-ovos-weather.openvoiceos,"hourly_forecast.intent","how is the weather like saturday morning in {location}"
skill-ovos-weather.openvoiceos,"hourly_forecast.intent","how is the weather like saturday noon"
skill-ovos-weather.openvoiceos,"hourly_forecast.intent","how is the weather like saturday noon in {location}"
skill-ovos-weather.openvoiceos,"hourly_forecast.intent","how is the weather like sunday evening"
skill-ovos-weather.openvoiceos,"hourly_forecast.intent","how is the weather like sunday evening in {location}"
skill-ovos-weather.openvoiceos,"hourly_forecast.intent","how is the weather like sunday morning"
skill-ovos-weather.openvoiceos,"hourly_forecast.intent","how is the weather like sunday morning in {location}"
skill-ovos-weather.openvoiceos,"hourly_forecast.intent","how is the weather like sunday noon"
skill-ovos-weather.openvoiceos,"hourly_forecast.intent","how is the weather like sunday noon in {location}"
skill-ovos-weather.openvoiceos,"hourly_forecast.intent","how is the weather like thursday evening"
skill-ovos-weather.openvoiceos,"hourly_forecast.intent","how is the weather like thursday evening in {location}"
skill-ovos-weather.openvoiceos,"hourly_forecast.intent","how is the weather like thursday morning"
skill-ovos-weather.openvoiceos,"hourly_forecast.intent","how is the weather like thursday morning in {location}"
skill-ovos-weather.openvoiceos,"hourly_forecast.intent","how is the weather like thursday noon"
skill-ovos-weather.openvoiceos,"hourly_forecast.intent","how is the weather like thursday noon in {location}"
skill-ovos-weather.openvoiceos,"hourly_forecast.intent","how is the weather like tomorrow evening"
skill-ovos-weather.openvoiceos,"hourly_forecast.intent","how is the weather like tomorrow evening in {location}"
skill-ovos-weather.openvoiceos,"hourly_forecast.intent","how is the weather like tomorrow morning"
skill-ovos-weather.openvoiceos,"hourly_forecast.intent","how is the weather like tomorrow morning in {location}"
skill-ovos-weather.openvoiceos,"hourly_forecast.intent","how is the weather like tomorrow noon"
skill-ovos-weather.openvoiceos,"hourly_forecast.intent","how is the weather like tomorrow noon in {location}"
skill-ovos-weather.openvoiceos,"hourly_forecast.intent","how is the weather like tuesday evening"
skill-ovos-weather.openvoiceos,"hourly_forecast.intent","how is the weather like tuesday evening in {location}"
skill-ovos-weather.openvoiceos,"hourly_forecast.intent","how is the weather like tuesday morning"
skill-ovos-weather.openvoiceos,"hourly_forecast.intent","how is the weather like tuesday morning in {location}"
skill-ovos-weather.openvoiceos,"hourly_forecast.intent","how is the weather like tuesday noon"
skill-ovos-weather.openvoiceos,"hourly_forecast.intent","how is the weather like tuesday noon in {location}"
skill-ovos-weather.openvoiceos,"hourly_forecast.intent","how is the weather like wednesday evening"
skill-ovos-weather.openvoiceos,"hourly_forecast.intent","how is the weather like wednesday evening in {location}"
skill-ovos-weather.openvoiceos,"hourly_forecast.intent","how is the weather like wednesday morning"
skill-ovos-weather.openvoiceos,"hourly_forecast.intent","how is the weather like wednesday morning in {location}"
skill-ovos-weather.openvoiceos,"hourly_forecast.intent","how is the weather like wednesday noon"
skill-ovos-weather.openvoiceos,"hourly_forecast.intent","how is the weather like wednesday noon in {location}"
skill-ovos-weather.openvoiceos,"hourly_forecast.intent","tell me the forecast at 1 am"
skill-ovos-weather.openvoiceos,"hourly_forecast.intent","tell me the forecast at 1 am in {location}"
skill-ovos-weather.openvoiceos,"hourly_forecast.intent","tell me the forecast at 1 pm"
skill-ovos-weather.openvoiceos,"hourly_forecast.intent","tell me the forecast at 1 pm in {location}"
skill-ovos-weather.openvoiceos,"hourly_forecast.intent","tell me the forecast at 10 am"
skill-ovos-weather.openvoiceos,"hourly_forecast.intent","tell me the forecast at 10 am in {location}"
skill-ovos-weather.openvoiceos,"hourly_forecast.intent","tell me the forecast at 10 pm"
skill-ovos-weather.openvoiceos,"hourly_forecast.intent","tell me the forecast at 10 pm in {location}"
skill-ovos-weather.openvoiceos,"hourly_forecast.intent","tell me the forecast at 11 am"
skill-ovos-weather.openvoiceos,"hourly_forecast.intent","tell me the forecast at 11 am in {location}"
skill-ovos-weather.openvoiceos,"hourly_forecast.intent","tell me the forecast at 11 pm"
skill-ovos-weather.openvoiceos,"hourly_forecast.intent","tell me the forecast at 11 pm in {location}"
skill-ovos-weather.openvoiceos,"hourly_forecast.intent","tell me the forecast at 12 am"
skill-ovos-weather.openvoiceos,"hourly_forecast.intent","tell me the forecast at 12 am in {location}"
skill-ovos-weather.openvoiceos,"hourly_forecast.intent","tell me the forecast at 12 pm"
skill-ovos-weather.openvoiceos,"hourly_forecast.intent","tell me the forecast at 12 pm in {location}"
skill-ovos-weather.openvoiceos,"hourly_forecast.intent","tell me the forecast at 2 am"
skill-ovos-weather.openvoiceos,"hourly_forecast.intent","tell me the forecast at 2 am in {location}"
skill-ovos-weather.openvoiceos,"hourly_forecast.intent","tell me the forecast at 2 pm"
skill-ovos-weather.openvoiceos,"hourly_forecast.intent","tell me the forecast at 2 pm in {location}"
skill-ovos-weather.openvoiceos,"hourly_forecast.intent","tell me the forecast at 3 am"
skill-ovos-weather.openvoiceos,"hourly_forecast.intent","tell me the forecast at 3 am in {location}"
skill-ovos-weather.openvoiceos,"hourly_forecast.intent","tell me the forecast at 3 pm"
skill-ovos-weather.openvoiceos,"hourly_forecast.intent","tell me the forecast at 3 pm in {location}"
skill-ovos-weather.openvoiceos,"hourly_forecast.intent","tell me the forecast at 4 am"
skill-ovos-weather.openvoiceos,"hourly_forecast.intent","tell me the forecast at 4 am in {location}"
skill-ovos-weather.openvoiceos,"hourly_forecast.intent","tell me the forecast at 4 pm"
skill-ovos-weather.openvoiceos,"hourly_forecast.intent","tell me the forecast at 4 pm in {location}"
skill-ovos-weather.openvoiceos,"hourly_forecast.intent","tell me the forecast at 5 am"
skill-ovos-weather.openvoiceos,"hourly_forecast.intent","tell me the forecast at 5 am in {location}"
skill-ovos-weather.openvoiceos,"hourly_forecast.intent","tell me the forecast at 5 pm"
skill-ovos-weather.openvoiceos,"hourly_forecast.intent","tell me the forecast at 5 pm in {location}"
skill-ovos-weather.openvoiceos,"hourly_forecast.intent","tell me the forecast at 6 am"
skill-ovos-weather.openvoiceos,"hourly_forecast.intent","tell me the forecast at 6 am in {location}"
skill-ovos-weather.openvoiceos,"hourly_forecast.intent","tell me the forecast at 6 pm"
skill-ovos-weather.openvoiceos,"hourly_forecast.intent","tell me the forecast at 6 pm in {location}"
skill-ovos-weather.openvoiceos,"hourly_forecast.intent","tell me the forecast at 7 am"
skill-ovos-weather.openvoiceos,"hourly_forecast.intent","tell me the forecast at 7 am in {location}"
skill-ovos-weather.openvoiceos,"hourly_forecast.intent","tell me the forecast at 7 pm"
skill-ovos-weather.openvoiceos,"hourly_forecast.intent","tell me the forecast at 7 pm in {location}"
skill-ovos-weather.openvoiceos,"hourly_forecast.intent","tell me the forecast at 8 am"
skill-ovos-weather.openvoiceos,"hourly_forecast.intent","tell me the forecast at 8 am in {location}"
skill-ovos-weather.openvoiceos,"hourly_forecast.intent","tell me the forecast at 8 pm"
skill-ovos-weather.openvoiceos,"hourly_forecast.intent","tell me the forecast at 8 pm in {location}"
skill-ovos-weather.openvoiceos,"hourly_forecast.intent","tell me the forecast at 9 am"
skill-ovos-weather.openvoiceos,"hourly_forecast.intent","tell me the forecast at 9 am in {location}"
skill-ovos-weather.openvoiceos,"hourly_forecast.intent","tell me the forecast at 9 pm"
skill-ovos-weather.openvoiceos,"hourly_forecast.intent","tell me the forecast at 9 pm in {location}"
skill-ovos-weather.openvoiceos,"hourly_forecast.intent","tell me the weather at 1 am"
skill-ovos-weather.openvoiceos,"hourly_forecast.intent","tell me the weather at 1 am in {location}"
skill-ovos-weather.openvoiceos,"hourly_forecast.intent","tell me the weather at 1 pm"
skill-ovos-weather.openvoiceos,"hourly_forecast.intent","tell me the weather at 1 pm in {location}"
skill-ovos-weather.openvoiceos,"hourly_forecast.intent","tell me the weather at 10 am"
skill-ovos-weather.openvoiceos,"hourly_forecast.intent","tell me the weather at 10 am in {location}"
skill-ovos-weather.openvoiceos,"hourly_forecast.intent","tell me the weather at 10 pm"
skill-ovos-weather.openvoiceos,"hourly_forecast.intent","tell me the weather at 10 pm in {location}"
skill-ovos-weather.openvoiceos,"hourly_forecast.intent","tell me the weather at 11 am"
skill-ovos-weather.openvoiceos,"hourly_forecast.intent","tell me the weather at 11 am in {location}"
skill-ovos-weather.openvoiceos,"hourly_forecast.intent","tell me the weather at 11 pm"
skill-ovos-weather.openvoiceos,"hourly_forecast.intent","tell me the weather at 11 pm in {location}"
skill-ovos-weather.openvoiceos,"hourly_forecast.intent","tell me the weather at 12 am"
skill-ovos-weather.openvoiceos,"hourly_forecast.intent","tell me the weather at 12 am in {location}"
skill-ovos-weather.openvoiceos,"hourly_forecast.intent","tell me the weather at 12 pm"
skill-ovos-weather.openvoiceos,"hourly_forecast.intent","tell me the weather at 12 pm in {location}"
skill-ovos-weather.openvoiceos,"hourly_forecast.intent","tell me the weather at 2 am"
skill-ovos-weather.openvoiceos,"hourly_forecast.intent","tell me the weather at 2 am in {location}"
skill-ovos-weather.openvoiceos,"hourly_forecast.intent","tell me the weather at 2 pm"
skill-ovos-weather.openvoiceos,"hourly_forecast.intent","tell me the weather at 2 pm in {location}"
skill-ovos-weather.openvoiceos,"hourly_forecast.intent","tell me the weather at 3 am"
skill-ovos-weather.openvoiceos,"hourly_forecast.intent","tell me the weather at 3 am in {location}"
skill-ovos-weather.openvoiceos,"hourly_forecast.intent","tell me the weather at 3 pm"
skill-ovos-weather.openvoiceos,"hourly_forecast.intent","tell me the weather at 3 pm in {location}"
skill-ovos-weather.openvoiceos,"hourly_forecast.intent","tell me the weather at 4 am"
skill-ovos-weather.openvoiceos,"hourly_forecast.intent","tell me the weather at 4 am in {location}"
skill-ovos-weather.openvoiceos,"hourly_forecast.intent","tell me the weather at 4 pm"
skill-ovos-weather.openvoiceos,"hourly_forecast.intent","tell me the weather at 4 pm in {location}"
skill-ovos-weather.openvoiceos,"hourly_forecast.intent","tell me the weather at 5 am"
skill-ovos-weather.openvoiceos,"hourly_forecast.intent","tell me the weather at 5 am in {location}"
skill-ovos-weather.openvoiceos,"hourly_forecast.intent","tell me the weather at 5 pm"
skill-ovos-weather.openvoiceos,"hourly_forecast.intent","tell me the weather at 5 pm in {location}"
skill-ovos-weather.openvoiceos,"hourly_forecast.intent","tell me the weather at 6 am"
skill-ovos-weather.openvoiceos,"hourly_forecast.intent","tell me the weather at 6 am in {location}"
skill-ovos-weather.openvoiceos,"hourly_forecast.intent","tell me the weather at 6 pm"
skill-ovos-weather.openvoiceos,"hourly_forecast.intent","tell me the weather at 6 pm in {location}"
skill-ovos-weather.openvoiceos,"hourly_forecast.intent","tell me the weather at 7 am"
skill-ovos-weather.openvoiceos,"hourly_forecast.intent","tell me the weather at 7 am in {location}"
skill-ovos-weather.openvoiceos,"hourly_forecast.intent","tell me the weather at 7 pm"
skill-ovos-weather.openvoiceos,"hourly_forecast.intent","tell me the weather at 7 pm in {location}"
skill-ovos-weather.openvoiceos,"hourly_forecast.intent","tell me the weather at 8 am"
skill-ovos-weather.openvoiceos,"hourly_forecast.intent","tell me the weather at 8 am in {location}"
skill-ovos-weather.openvoiceos,"hourly_forecast.intent","tell me the weather at 8 pm"
skill-ovos-weather.openvoiceos,"hourly_forecast.intent","tell me the weather at 8 pm in {location}"
skill-ovos-weather.openvoiceos,"hourly_forecast.intent","tell me the weather at 9 am"
skill-ovos-weather.openvoiceos,"hourly_forecast.intent","tell me the weather at 9 am in {location}"
skill-ovos-weather.openvoiceos,"hourly_forecast.intent","tell me the weather at 9 pm"
skill-ovos-weather.openvoiceos,"hourly_forecast.intent","tell me the weather at 9 pm in {location}"
skill-ovos-weather.openvoiceos,"hourly_forecast.intent","tell me the weather friday evening"
skill-ovos-weather.openvoiceos,"hourly_forecast.intent","tell me the weather friday evening in {location}"
skill-ovos-weather.openvoiceos,"hourly_forecast.intent","tell me the weather friday morning"
skill-ovos-weather.openvoiceos,"hourly_forecast.intent","tell me the weather friday morning in {location}"
skill-ovos-weather.openvoiceos,"hourly_forecast.intent","tell me the weather friday night"
skill-ovos-weather.openvoiceos,"hourly_forecast.intent","tell me the weather friday night in {location}"
skill-ovos-weather.openvoiceos,"hourly_forecast.intent","tell me the weather monday evening"
skill-ovos-weather.openvoiceos,"hourly_forecast.intent","tell me the weather monday evening in {location}"
skill-ovos-weather.openvoiceos,"hourly_forecast.intent","tell me the weather monday morning"
skill-ovos-weather.openvoiceos,"hourly_forecast.intent","tell me the weather monday morning in {location}"
skill-ovos-weather.openvoiceos,"hourly_forecast.intent","tell me the weather monday night"
skill-ovos-weather.openvoiceos,"hourly_forecast.intent","tell me the weather monday night in {location}"
skill-ovos-weather.openvoiceos,"hourly_forecast.intent","tell me the weather saturday evening"
skill-ovos-weather.openvoiceos,"hourly_forecast.intent","tell me the weather saturday evening in {location}"
skill-ovos-weather.openvoiceos,"hourly_forecast.intent","tell me the weather saturday morning"
skill-ovos-weather.openvoiceos,"hourly_forecast.intent","tell me the weather saturday morning in {location}"
skill-ovos-weather.openvoiceos,"hourly_forecast.intent","tell me the weather saturday night"
skill-ovos-weather.openvoiceos,"hourly_forecast.intent","tell me the weather saturday night in {location}"
skill-ovos-weather.openvoiceos,"hourly_forecast.intent","tell me the weather sunday evening"
skill-ovos-weather.openvoiceos,"hourly_forecast.intent","tell me the weather sunday evening in {location}"
skill-ovos-weather.openvoiceos,"hourly_forecast.intent","tell me the weather sunday morning"
skill-ovos-weather.openvoiceos,"hourly_forecast.intent","tell me the weather sunday morning in {location}"
skill-ovos-weather.openvoiceos,"hourly_forecast.intent","tell me the weather sunday night"
skill-ovos-weather.openvoiceos,"hourly_forecast.intent","tell me the weather sunday night in {location}"
skill-ovos-weather.openvoiceos,"hourly_forecast.intent","tell me the weather thursday evening"
skill-ovos-weather.openvoiceos,"hourly_forecast.intent","tell me the weather thursday evening in {location}"
skill-ovos-weather.openvoiceos,"hourly_forecast.intent","tell me the weather thursday morning"
skill-ovos-weather.openvoiceos,"hourly_forecast.intent","tell me the weather thursday morning in {location}"
skill-ovos-weather.openvoiceos,"hourly_forecast.intent","tell me the weather thursday night"
skill-ovos-weather.openvoiceos,"hourly_forecast.intent","tell me the weather thursday night in {location}"
skill-ovos-weather.openvoiceos,"hourly_forecast.intent","tell me the weather tomorrow evening"
skill-ovos-weather.openvoiceos,"hourly_forecast.intent","tell me the weather tomorrow evening in {location}"
skill-ovos-weather.openvoiceos,"hourly_forecast.intent","tell me the weather tomorrow morning"
skill-ovos-weather.openvoiceos,"hourly_forecast.intent","tell me the weather tomorrow morning in {location}"
skill-ovos-weather.openvoiceos,"hourly_forecast.intent","tell me the weather tomorrow night"
skill-ovos-weather.openvoiceos,"hourly_forecast.intent","tell me the weather tomorrow night in {location}"
skill-ovos-weather.openvoiceos,"hourly_forecast.intent","tell me the weather tuesday evening"
skill-ovos-weather.openvoiceos,"hourly_forecast.intent","tell me the weather tuesday evening in {location}"
skill-ovos-weather.openvoiceos,"hourly_forecast.intent","tell me the weather tuesday morning"
skill-ovos-weather.openvoiceos,"hourly_forecast.intent","tell me the weather tuesday morning in {location}"
skill-ovos-weather.openvoiceos,"hourly_forecast.intent","tell me the weather tuesday night"
skill-ovos-weather.openvoiceos,"hourly_forecast.intent","tell me the weather tuesday night in {location}"
skill-ovos-weather.openvoiceos,"hourly_forecast.intent","tell me the weather wednesday evening"
skill-ovos-weather.openvoiceos,"hourly_forecast.intent","tell me the weather wednesday evening in {location}"
skill-ovos-weather.openvoiceos,"hourly_forecast.intent","tell me the weather wednesday morning"
skill-ovos-weather.openvoiceos,"hourly_forecast.intent","tell me the weather wednesday morning in {location}"
skill-ovos-weather.openvoiceos,"hourly_forecast.intent","tell me the weather wednesday night"
skill-ovos-weather.openvoiceos,"hourly_forecast.intent","tell me the weather wednesday night in {location}"
skill-ovos-weather.openvoiceos,"hourly_forecast.intent","weather at 1 am"
skill-ovos-weather.openvoiceos,"hourly_forecast.intent","weather at 1 am in {location}"
skill-ovos-weather.openvoiceos,"hourly_forecast.intent","weather at 1 pm"
skill-ovos-weather.openvoiceos,"hourly_forecast.intent","weather at 1 pm in {location}"
skill-ovos-weather.openvoiceos,"hourly_forecast.intent","weather at 10 am"
skill-ovos-weather.openvoiceos,"hourly_forecast.intent","weather at 10 am in {location}"
skill-ovos-weather.openvoiceos,"hourly_forecast.intent","weather at 10 pm"
skill-ovos-weather.openvoiceos,"hourly_forecast.intent","weather at 10 pm in {location}"
skill-ovos-weather.openvoiceos,"hourly_forecast.intent","weather at 11 am"
skill-ovos-weather.openvoiceos,"hourly_forecast.intent","weather at 11 am in {location}"
skill-ovos-weather.openvoiceos,"hourly_forecast.intent","weather at 11 pm"
skill-ovos-weather.openvoiceos,"hourly_forecast.intent","weather at 11 pm in {location}"
skill-ovos-weather.openvoiceos,"hourly_forecast.intent","weather at 12 am"
skill-ovos-weather.openvoiceos,"hourly_forecast.intent","weather at 12 am in {location}"
skill-ovos-weather.openvoiceos,"hourly_forecast.intent","weather at 12 pm"
skill-ovos-weather.openvoiceos,"hourly_forecast.intent","weather at 12 pm in {location}"
skill-ovos-weather.openvoiceos,"hourly_forecast.intent","weather at 2 am"
skill-ovos-weather.openvoiceos,"hourly_forecast.intent","weather at 2 am in {location}"
skill-ovos-weather.openvoiceos,"hourly_forecast.intent","weather at 2 pm"
skill-ovos-weather.openvoiceos,"hourly_forecast.intent","weather at 2 pm in {location}"
skill-ovos-weather.openvoiceos,"hourly_forecast.intent","weather at 3 am"
skill-ovos-weather.openvoiceos,"hourly_forecast.intent","weather at 3 am in {location}"
skill-ovos-weather.openvoiceos,"hourly_forecast.intent","weather at 3 pm"
skill-ovos-weather.openvoiceos,"hourly_forecast.intent","weather at 3 pm in {location}"
skill-ovos-weather.openvoiceos,"hourly_forecast.intent","weather at 4 am"
skill-ovos-weather.openvoiceos,"hourly_forecast.intent","weather at 4 am in {location}"
skill-ovos-weather.openvoiceos,"hourly_forecast.intent","weather at 4 pm"
skill-ovos-weather.openvoiceos,"hourly_forecast.intent","weather at 4 pm in {location}"
skill-ovos-weather.openvoiceos,"hourly_forecast.intent","weather at 5 am"
skill-ovos-weather.openvoiceos,"hourly_forecast.intent","weather at 5 am in {location}"
skill-ovos-weather.openvoiceos,"hourly_forecast.intent","weather at 5 pm"
skill-ovos-weather.openvoiceos,"hourly_forecast.intent","weather at 5 pm in {location}"
skill-ovos-weather.openvoiceos,"hourly_forecast.intent","weather at 6 am"
skill-ovos-weather.openvoiceos,"hourly_forecast.intent","weather at 6 am in {location}"
skill-ovos-weather.openvoiceos,"hourly_forecast.intent","weather at 6 pm"
skill-ovos-weather.openvoiceos,"hourly_forecast.intent","weather at 6 pm in {location}"
skill-ovos-weather.openvoiceos,"hourly_forecast.intent","weather at 7 am"
skill-ovos-weather.openvoiceos,"hourly_forecast.intent","weather at 7 am in {location}"
skill-ovos-weather.openvoiceos,"hourly_forecast.intent","weather at 7 pm"
skill-ovos-weather.openvoiceos,"hourly_forecast.intent","weather at 7 pm in {location}"
skill-ovos-weather.openvoiceos,"hourly_forecast.intent","weather at 8 am"
skill-ovos-weather.openvoiceos,"hourly_forecast.intent","weather at 8 am in {location}"
skill-ovos-weather.openvoiceos,"hourly_forecast.intent","weather at 8 pm"
skill-ovos-weather.openvoiceos,"hourly_forecast.intent","weather at 8 pm in {location}"
skill-ovos-weather.openvoiceos,"hourly_forecast.intent","weather at 9 am"
skill-ovos-weather.openvoiceos,"hourly_forecast.intent","weather at 9 am in {location}"
skill-ovos-weather.openvoiceos,"hourly_forecast.intent","weather at 9 pm"
skill-ovos-weather.openvoiceos,"hourly_forecast.intent","weather at 9 pm in {location}"
skill-ovos-weather.openvoiceos,"hourly_forecast.intent","what is the forecast at 1 am"
skill-ovos-weather.openvoiceos,"hourly_forecast.intent","what is the forecast at 1 am in {location}"
skill-ovos-weather.openvoiceos,"hourly_forecast.intent","what is the forecast at 1 pm"
skill-ovos-weather.openvoiceos,"hourly_forecast.intent","what is the forecast at 1 pm in {location}"
skill-ovos-weather.openvoiceos,"hourly_forecast.intent","what is the forecast at 10 am"
skill-ovos-weather.openvoiceos,"hourly_forecast.intent","what is the forecast at 10 am in {location}"
skill-ovos-weather.openvoiceos,"hourly_forecast.intent","what is the forecast at 10 pm"
skill-ovos-weather.openvoiceos,"hourly_forecast.intent","what is the forecast at 10 pm in {location}"
skill-ovos-weather.openvoiceos,"hourly_forecast.intent","what is the forecast at 11 am"
skill-ovos-weather.openvoiceos,"hourly_forecast.intent","what is the forecast at 11 am in {location}"
skill-ovos-weather.openvoiceos,"hourly_forecast.intent","what is the forecast at 11 pm"
skill-ovos-weather.openvoiceos,"hourly_forecast.intent","what is the forecast at 11 pm in {location}"
skill-ovos-weather.openvoiceos,"hourly_forecast.intent","what is the forecast at 12 am"
skill-ovos-weather.openvoiceos,"hourly_forecast.intent","what is the forecast at 12 am in {location}"
skill-ovos-weather.openvoiceos,"hourly_forecast.intent","what is the forecast at 12 pm"
skill-ovos-weather.openvoiceos,"hourly_forecast.intent","what is the forecast at 12 pm in {location}"
skill-ovos-weather.openvoiceos,"hourly_forecast.intent","what is the forecast at 2 am"
skill-ovos-weather.openvoiceos,"hourly_forecast.intent","what is the forecast at 2 am in {location}"
skill-ovos-weather.openvoiceos,"hourly_forecast.intent","what is the forecast at 2 pm"
skill-ovos-weather.openvoiceos,"hourly_forecast.intent","what is the forecast at 2 pm in {location}"
skill-ovos-weather.openvoiceos,"hourly_forecast.intent","what is the forecast at 3 am"
skill-ovos-weather.openvoiceos,"hourly_forecast.intent","what is the forecast at 3 am in {location}"
skill-ovos-weather.openvoiceos,"hourly_forecast.intent","what is the forecast at 3 pm"
skill-ovos-weather.openvoiceos,"hourly_forecast.intent","what is the forecast at 3 pm in {location}"
skill-ovos-weather.openvoiceos,"hourly_forecast.intent","what is the forecast at 4 am"
skill-ovos-weather.openvoiceos,"hourly_forecast.intent","what is the forecast at 4 am in {location}"
skill-ovos-weather.openvoiceos,"hourly_forecast.intent","what is the forecast at 4 pm"
skill-ovos-weather.openvoiceos,"hourly_forecast.intent","what is the forecast at 4 pm in {location}"
skill-ovos-weather.openvoiceos,"hourly_forecast.intent","what is the forecast at 5 am"
skill-ovos-weather.openvoiceos,"hourly_forecast.intent","what is the forecast at 5 am in {location}"
skill-ovos-weather.openvoiceos,"hourly_forecast.intent","what is the forecast at 5 pm"
skill-ovos-weather.openvoiceos,"hourly_forecast.intent","what is the forecast at 5 pm in {location}"
skill-ovos-weather.openvoiceos,"hourly_forecast.intent","what is the forecast at 6 am"
skill-ovos-weather.openvoiceos,"hourly_forecast.intent","what is the forecast at 6 am in {location}"
skill-ovos-weather.openvoiceos,"hourly_forecast.intent","what is the forecast at 6 pm"
skill-ovos-weather.openvoiceos,"hourly_forecast.intent","what is the forecast at 6 pm in {location}"
skill-ovos-weather.openvoiceos,"hourly_forecast.intent","what is the forecast at 7 am"
skill-ovos-weather.openvoiceos,"hourly_forecast.intent","what is the forecast at 7 am in {location}"
skill-ovos-weather.openvoiceos,"hourly_forecast.intent","what is the forecast at 7 pm"
skill-ovos-weather.openvoiceos,"hourly_forecast.intent","what is the forecast at 7 pm in {location}"
skill-ovos-weather.openvoiceos,"hourly_forecast.intent","what is the forecast at 8 am"
skill-ovos-weather.openvoiceos,"hourly_forecast.intent","what is the forecast at 8 am in {location}"
skill-ovos-weather.openvoiceos,"hourly_forecast.intent","what is the forecast at 8 pm"
skill-ovos-weather.openvoiceos,"hourly_forecast.intent","what is the forecast at 8 pm in {location}"
skill-ovos-weather.openvoiceos,"hourly_forecast.intent","what is the forecast at 9 am"
skill-ovos-weather.openvoiceos,"hourly_forecast.intent","what is the forecast at 9 am in {location}"
skill-ovos-weather.openvoiceos,"hourly_forecast.intent","what is the forecast at 9 pm"
skill-ovos-weather.openvoiceos,"hourly_forecast.intent","what is the forecast at 9 pm in {location}"
skill-ovos-weather.openvoiceos,"hourly_forecast.intent","what is the weather  friday evening"
skill-ovos-weather.openvoiceos,"hourly_forecast.intent","what is the weather  friday evening in {location}"
skill-ovos-weather.openvoiceos,"hourly_forecast.intent","what is the weather  friday morning"
skill-ovos-weather.openvoiceos,"hourly_forecast.intent","what is the weather  friday morning in {location}"
skill-ovos-weather.openvoiceos,"hourly_forecast.intent","what is the weather  friday noon"
skill-ovos-weather.openvoiceos,"hourly_forecast.intent","what is the weather  friday noon in {location}"
skill-ovos-weather.openvoiceos,"hourly_forecast.intent","what is the weather  monday evening"
skill-ovos-weather.openvoiceos,"hourly_forecast.intent","what is the weather  monday evening in {location}"
skill-ovos-weather.openvoiceos,"hourly_forecast.intent","what is the weather  monday morning"
skill-ovos-weather.openvoiceos,"hourly_forecast.intent","what is the weather  monday morning in {location}"
skill-ovos-weather.openvoiceos,"hourly_forecast.intent","what is the weather  monday noon"
skill-ovos-weather.openvoiceos,"hourly_forecast.intent","what is the weather  monday noon in {location}"
skill-ovos-weather.openvoiceos,"hourly_forecast.intent","what is the weather  saturday evening"
skill-ovos-weather.openvoiceos,"hourly_forecast.intent","what is the weather  saturday evening in {location}"
skill-ovos-weather.openvoiceos,"hourly_forecast.intent","what is the weather  saturday morning"
skill-ovos-weather.openvoiceos,"hourly_forecast.intent","what is the weather  saturday morning in {location}"
skill-ovos-weather.openvoiceos,"hourly_forecast.intent","what is the weather  saturday noon"
skill-ovos-weather.openvoiceos,"hourly_forecast.intent","what is the weather  saturday noon in {location}"
skill-ovos-weather.openvoiceos,"hourly_forecast.intent","what is the weather  sunday evening"
skill-ovos-weather.openvoiceos,"hourly_forecast.intent","what is the weather  sunday evening in {location}"
skill-ovos-weather.openvoiceos,"hourly_forecast.intent","what is the weather  sunday morning"
skill-ovos-weather.openvoiceos,"hourly_forecast.intent","what is the weather  sunday morning in {location}"
skill-ovos-weather.openvoiceos,"hourly_forecast.intent","what is the weather  sunday noon"
skill-ovos-weather.openvoiceos,"hourly_forecast.intent","what is the weather  sunday noon in {location}"
skill-ovos-weather.openvoiceos,"hourly_forecast.intent","what is the weather  thursday evening"
skill-ovos-weather.openvoiceos,"hourly_forecast.intent","what is the weather  thursday evening in {location}"
skill-ovos-weather.openvoiceos,"hourly_forecast.intent","what is the weather  thursday morning"
skill-ovos-weather.openvoiceos,"hourly_forecast.intent","what is the weather  thursday morning in {location}"
skill-ovos-weather.openvoiceos,"hourly_forecast.intent","what is the weather  thursday noon"
skill-ovos-weather.openvoiceos,"hourly_forecast.intent","what is the weather  thursday noon in {location}"
skill-ovos-weather.openvoiceos,"hourly_forecast.intent","what is the weather  tomorrow evening"
skill-ovos-weather.openvoiceos,"hourly_forecast.intent","what is the weather  tomorrow evening in {location}"
skill-ovos-weather.openvoiceos,"hourly_forecast.intent","what is the weather  tomorrow morning"
skill-ovos-weather.openvoiceos,"hourly_forecast.intent","what is the weather  tomorrow morning in {location}"
skill-ovos-weather.openvoiceos,"hourly_forecast.intent","what is the weather  tomorrow noon"
skill-ovos-weather.openvoiceos,"hourly_forecast.intent","what is the weather  tomorrow noon in {location}"
skill-ovos-weather.openvoiceos,"hourly_forecast.intent","what is the weather  tuesday evening"
skill-ovos-weather.openvoiceos,"hourly_forecast.intent","what is the weather  tuesday evening in {location}"
skill-ovos-weather.openvoiceos,"hourly_forecast.intent","what is the weather  tuesday morning"
skill-ovos-weather.openvoiceos,"hourly_forecast.intent","what is the weather  tuesday morning in {location}"
skill-ovos-weather.openvoiceos,"hourly_forecast.intent","what is the weather  tuesday noon"
skill-ovos-weather.openvoiceos,"hourly_forecast.intent","what is the weather  tuesday noon in {location}"
skill-ovos-weather.openvoiceos,"hourly_forecast.intent","what is the weather  wednesday evening"
skill-ovos-weather.openvoiceos,"hourly_forecast.intent","what is the weather  wednesday evening in {location}"
skill-ovos-weather.openvoiceos,"hourly_forecast.intent","what is the weather  wednesday morning"
skill-ovos-weather.openvoiceos,"hourly_forecast.intent","what is the weather  wednesday morning in {location}"
skill-ovos-weather.openvoiceos,"hourly_forecast.intent","what is the weather  wednesday noon"
skill-ovos-weather.openvoiceos,"hourly_forecast.intent","what is the weather  wednesday noon in {location}"
skill-ovos-weather.openvoiceos,"hourly_forecast.intent","what is the weather at 1 am"
skill-ovos-weather.openvoiceos,"hourly_forecast.intent","what is the weather at 1 am in {location}"
skill-ovos-weather.openvoiceos,"hourly_forecast.intent","what is the weather at 1 pm"
skill-ovos-weather.openvoiceos,"hourly_forecast.intent","what is the weather at 1 pm in {location}"
skill-ovos-weather.openvoiceos,"hourly_forecast.intent","what is the weather at 10 am"
skill-ovos-weather.openvoiceos,"hourly_forecast.intent","what is the weather at 10 am in {location}"
skill-ovos-weather.openvoiceos,"hourly_forecast.intent","what is the weather at 10 pm"
skill-ovos-weather.openvoiceos,"hourly_forecast.intent","what is the weather at 10 pm in {location}"
skill-ovos-weather.openvoiceos,"hourly_forecast.intent","what is the weather at 11 am"
skill-ovos-weather.openvoiceos,"hourly_forecast.intent","what is the weather at 11 am in {location}"
skill-ovos-weather.openvoiceos,"hourly_forecast.intent","what is the weather at 11 pm"
skill-ovos-weather.openvoiceos,"hourly_forecast.intent","what is the weather at 11 pm in {location}"
skill-ovos-weather.openvoiceos,"hourly_forecast.intent","what is the weather at 12 am"
skill-ovos-weather.openvoiceos,"hourly_forecast.intent","what is the weather at 12 am in {location}"
skill-ovos-weather.openvoiceos,"hourly_forecast.intent","what is the weather at 12 pm"
skill-ovos-weather.openvoiceos,"hourly_forecast.intent","what is the weather at 12 pm in {location}"
skill-ovos-weather.openvoiceos,"hourly_forecast.intent","what is the weather at 2 am"
skill-ovos-weather.openvoiceos,"hourly_forecast.intent","what is the weather at 2 am in {location}"
skill-ovos-weather.openvoiceos,"hourly_forecast.intent","what is the weather at 2 pm"
skill-ovos-weather.openvoiceos,"hourly_forecast.intent","what is the weather at 2 pm in {location}"
skill-ovos-weather.openvoiceos,"hourly_forecast.intent","what is the weather at 3 am"
skill-ovos-weather.openvoiceos,"hourly_forecast.intent","what is the weather at 3 am in {location}"
skill-ovos-weather.openvoiceos,"hourly_forecast.intent","what is the weather at 3 pm"
skill-ovos-weather.openvoiceos,"hourly_forecast.intent","what is the weather at 3 pm in {location}"
skill-ovos-weather.openvoiceos,"hourly_forecast.intent","what is the weather at 4 am"
skill-ovos-weather.openvoiceos,"hourly_forecast.intent","what is the weather at 4 am in {location}"
skill-ovos-weather.openvoiceos,"hourly_forecast.intent","what is the weather at 4 pm"
skill-ovos-weather.openvoiceos,"hourly_forecast.intent","what is the weather at 4 pm in {location}"
skill-ovos-weather.openvoiceos,"hourly_forecast.intent","what is the weather at 5 am"
skill-ovos-weather.openvoiceos,"hourly_forecast.intent","what is the weather at 5 am in {location}"
skill-ovos-weather.openvoiceos,"hourly_forecast.intent","what is the weather at 5 pm"
skill-ovos-weather.openvoiceos,"hourly_forecast.intent","what is the weather at 5 pm in {location}"
skill-ovos-weather.openvoiceos,"hourly_forecast.intent","what is the weather at 6 am"
skill-ovos-weather.openvoiceos,"hourly_forecast.intent","what is the weather at 6 am in {location}"
skill-ovos-weather.openvoiceos,"hourly_forecast.intent","what is the weather at 6 pm"
skill-ovos-weather.openvoiceos,"hourly_forecast.intent","what is the weather at 6 pm in {location}"
skill-ovos-weather.openvoiceos,"hourly_forecast.intent","what is the weather at 7 am"
skill-ovos-weather.openvoiceos,"hourly_forecast.intent","what is the weather at 7 am in {location}"
skill-ovos-weather.openvoiceos,"hourly_forecast.intent","what is the weather at 7 pm"
skill-ovos-weather.openvoiceos,"hourly_forecast.intent","what is the weather at 7 pm in {location}"
skill-ovos-weather.openvoiceos,"hourly_forecast.intent","what is the weather at 8 am"
skill-ovos-weather.openvoiceos,"hourly_forecast.intent","what is the weather at 8 am in {location}"
skill-ovos-weather.openvoiceos,"hourly_forecast.intent","what is the weather at 8 pm"
skill-ovos-weather.openvoiceos,"hourly_forecast.intent","what is the weather at 8 pm in {location}"
skill-ovos-weather.openvoiceos,"hourly_forecast.intent","what is the weather at 9 am"
skill-ovos-weather.openvoiceos,"hourly_forecast.intent","what is the weather at 9 am in {location}"
skill-ovos-weather.openvoiceos,"hourly_forecast.intent","what is the weather at 9 pm"
skill-ovos-weather.openvoiceos,"hourly_forecast.intent","what is the weather at 9 pm in {location}"
skill-ovos-weather.openvoiceos,"hourly_forecast.intent","what is the weather in {location}  friday evening"
skill-ovos-weather.openvoiceos,"hourly_forecast.intent","what is the weather in {location}  friday morning"
skill-ovos-weather.openvoiceos,"hourly_forecast.intent","what is the weather in {location}  friday noon"
skill-ovos-weather.openvoiceos,"hourly_forecast.intent","what is the weather in {location}  monday evening"
skill-ovos-weather.openvoiceos,"hourly_forecast.intent","what is the weather in {location}  monday morning"
skill-ovos-weather.openvoiceos,"hourly_forecast.intent","what is the weather in {location}  monday noon"
skill-ovos-weather.openvoiceos,"hourly_forecast.intent","what is the weather in {location}  saturday evening"
skill-ovos-weather.openvoiceos,"hourly_forecast.intent","what is the weather in {location}  saturday morning"
skill-ovos-weather.openvoiceos,"hourly_forecast.intent","what is the weather in {location}  saturday noon"
skill-ovos-weather.openvoiceos,"hourly_forecast.intent","what is the weather in {location}  sunday evening"
skill-ovos-weather.openvoiceos,"hourly_forecast.intent","what is the weather in {location}  sunday morning"
skill-ovos-weather.openvoiceos,"hourly_forecast.intent","what is the weather in {location}  sunday noon"
skill-ovos-weather.openvoiceos,"hourly_forecast.intent","what is the weather in {location}  thursday evening"
skill-ovos-weather.openvoiceos,"hourly_forecast.intent","what is the weather in {location}  thursday morning"
skill-ovos-weather.openvoiceos,"hourly_forecast.intent","what is the weather in {location}  thursday noon"
skill-ovos-weather.openvoiceos,"hourly_forecast.intent","what is the weather in {location}  tomorrow evening"
skill-ovos-weather.openvoiceos,"hourly_forecast.intent","what is the weather in {location}  tomorrow morning"
skill-ovos-weather.openvoiceos,"hourly_forecast.intent","what is the weather in {location}  tomorrow noon"
skill-ovos-weather.openvoiceos,"hourly_forecast.intent","what is the weather in {location}  tuesday evening"
skill-ovos-weather.openvoiceos,"hourly_forecast.intent","what is the weather in {location}  tuesday morning"
skill-ovos-weather.openvoiceos,"hourly_forecast.intent","what is the weather in {location}  tuesday noon"
skill-ovos-weather.openvoiceos,"hourly_forecast.intent","what is the weather in {location}  wednesday evening"
skill-ovos-weather.openvoiceos,"hourly_forecast.intent","what is the weather in {location}  wednesday morning"
skill-ovos-weather.openvoiceos,"hourly_forecast.intent","what is the weather in {location}  wednesday noon"
skill-ovos-weather.openvoiceos,"hourly_forecast.intent","what is the weather in {location} like friday evening"
skill-ovos-weather.openvoiceos,"hourly_forecast.intent","what is the weather in {location} like friday morning"
skill-ovos-weather.openvoiceos,"hourly_forecast.intent","what is the weather in {location} like friday noon"
skill-ovos-weather.openvoiceos,"hourly_forecast.intent","what is the weather in {location} like monday evening"
skill-ovos-weather.openvoiceos,"hourly_forecast.intent","what is the weather in {location} like monday morning"
skill-ovos-weather.openvoiceos,"hourly_forecast.intent","what is the weather in {location} like monday noon"
skill-ovos-weather.openvoiceos,"hourly_forecast.intent","what is the weather in {location} like saturday evening"
skill-ovos-weather.openvoiceos,"hourly_forecast.intent","what is the weather in {location} like saturday morning"
skill-ovos-weather.openvoiceos,"hourly_forecast.intent","what is the weather in {location} like saturday noon"
skill-ovos-weather.openvoiceos,"hourly_forecast.intent","what is the weather in {location} like sunday evening"
skill-ovos-weather.openvoiceos,"hourly_forecast.intent","what is the weather in {location} like sunday morning"
skill-ovos-weather.openvoiceos,"hourly_forecast.intent","what is the weather in {location} like sunday noon"
skill-ovos-weather.openvoiceos,"hourly_forecast.intent","what is the weather in {location} like thursday evening"
skill-ovos-weather.openvoiceos,"hourly_forecast.intent","what is the weather in {location} like thursday morning"
skill-ovos-weather.openvoiceos,"hourly_forecast.intent","what is the weather in {location} like thursday noon"
skill-ovos-weather.openvoiceos,"hourly_forecast.intent","what is the weather in {location} like tomorrow evening"
skill-ovos-weather.openvoiceos,"hourly_forecast.intent","what is the weather in {location} like tomorrow morning"
skill-ovos-weather.openvoiceos,"hourly_forecast.intent","what is the weather in {location} like tomorrow noon"
skill-ovos-weather.openvoiceos,"hourly_forecast.intent","what is the weather in {location} like tuesday evening"
skill-ovos-weather.openvoiceos,"hourly_forecast.intent","what is the weather in {location} like tuesday morning"
skill-ovos-weather.openvoiceos,"hourly_forecast.intent","what is the weather in {location} like tuesday noon"
skill-ovos-weather.openvoiceos,"hourly_forecast.intent","what is the weather in {location} like wednesday evening"
skill-ovos-weather.openvoiceos,"hourly_forecast.intent","what is the weather in {location} like wednesday morning"
skill-ovos-weather.openvoiceos,"hourly_forecast.intent","what is the weather in {location} like wednesday noon"
skill-ovos-weather.openvoiceos,"hourly_forecast.intent","what is the weather like friday evening"
skill-ovos-weather.openvoiceos,"hourly_forecast.intent","what is the weather like friday evening in {location}"
skill-ovos-weather.openvoiceos,"hourly_forecast.intent","what is the weather like friday morning"
skill-ovos-weather.openvoiceos,"hourly_forecast.intent","what is the weather like friday morning in {location}"
skill-ovos-weather.openvoiceos,"hourly_forecast.intent","what is the weather like friday noon"
skill-ovos-weather.openvoiceos,"hourly_forecast.intent","what is the weather like friday noon in {location}"
skill-ovos-weather.openvoiceos,"hourly_forecast.intent","what is the weather like monday evening"
skill-ovos-weather.openvoiceos,"hourly_forecast.intent","what is the weather like monday evening in {location}"
skill-ovos-weather.openvoiceos,"hourly_forecast.intent","what is the weather like monday morning"
skill-ovos-weather.openvoiceos,"hourly_forecast.intent","what is the weather like monday morning in {location}"
skill-ovos-weather.openvoiceos,"hourly_forecast.intent","what is the weather like monday noon"
skill-ovos-weather.openvoiceos,"hourly_forecast.intent","what is the weather like monday noon in {location}"
skill-ovos-weather.openvoiceos,"hourly_forecast.intent","what is the weather like saturday evening"
skill-ovos-weather.openvoiceos,"hourly_forecast.intent","what is the weather like saturday evening in {location}"
skill-ovos-weather.openvoiceos,"hourly_forecast.intent","what is the weather like saturday morning"
skill-ovos-weather.openvoiceos,"hourly_forecast.intent","what is the weather like saturday morning in {location}"
skill-ovos-weather.openvoiceos,"hourly_forecast.intent","what is the weather like saturday noon"
skill-ovos-weather.openvoiceos,"hourly_forecast.intent","what is the weather like saturday noon in {location}"
skill-ovos-weather.openvoiceos,"hourly_forecast.intent","what is the weather like sunday evening"
skill-ovos-weather.openvoiceos,"hourly_forecast.intent","what is the weather like sunday evening in {location}"
skill-ovos-weather.openvoiceos,"hourly_forecast.intent","what is the weather like sunday morning"
skill-ovos-weather.openvoiceos,"hourly_forecast.intent","what is the weather like sunday morning in {location}"
skill-ovos-weather.openvoiceos,"hourly_forecast.intent","what is the weather like sunday noon"
skill-ovos-weather.openvoiceos,"hourly_forecast.intent","what is the weather like sunday noon in {location}"
skill-ovos-weather.openvoiceos,"hourly_forecast.intent","what is the weather like thursday evening"
skill-ovos-weather.openvoiceos,"hourly_forecast.intent","what is the weather like thursday evening in {location}"
skill-ovos-weather.openvoiceos,"hourly_forecast.intent","what is the weather like thursday morning"
skill-ovos-weather.openvoiceos,"hourly_forecast.intent","what is the weather like thursday morning in {location}"
skill-ovos-weather.openvoiceos,"hourly_forecast.intent","what is the weather like thursday noon"
skill-ovos-weather.openvoiceos,"hourly_forecast.intent","what is the weather like thursday noon in {location}"
skill-ovos-weather.openvoiceos,"hourly_forecast.intent","what is the weather like tomorrow evening"
skill-ovos-weather.openvoiceos,"hourly_forecast.intent","what is the weather like tomorrow evening in {location}"
skill-ovos-weather.openvoiceos,"hourly_forecast.intent","what is the weather like tomorrow morning"
skill-ovos-weather.openvoiceos,"hourly_forecast.intent","what is the weather like tomorrow morning in {location}"
skill-ovos-weather.openvoiceos,"hourly_forecast.intent","what is the weather like tomorrow noon"
skill-ovos-weather.openvoiceos,"hourly_forecast.intent","what is the weather like tomorrow noon in {location}"
skill-ovos-weather.openvoiceos,"hourly_forecast.intent","what is the weather like tuesday evening"
skill-ovos-weather.openvoiceos,"hourly_forecast.intent","what is the weather like tuesday evening in {location}"
skill-ovos-weather.openvoiceos,"hourly_forecast.intent","what is the weather like tuesday morning"
skill-ovos-weather.openvoiceos,"hourly_forecast.intent","what is the weather like tuesday morning in {location}"
skill-ovos-weather.openvoiceos,"hourly_forecast.intent","what is the weather like tuesday noon"
skill-ovos-weather.openvoiceos,"hourly_forecast.intent","what is the weather like tuesday noon in {location}"
skill-ovos-weather.openvoiceos,"hourly_forecast.intent","what is the weather like wednesday evening"
skill-ovos-weather.openvoiceos,"hourly_forecast.intent","what is the weather like wednesday evening in {location}"
skill-ovos-weather.openvoiceos,"hourly_forecast.intent","what is the weather like wednesday morning"
skill-ovos-weather.openvoiceos,"hourly_forecast.intent","what is the weather like wednesday morning in {location}"
skill-ovos-weather.openvoiceos,"hourly_forecast.intent","what is the weather like wednesday noon"
skill-ovos-weather.openvoiceos,"hourly_forecast.intent","what is the weather like wednesday noon in {location}"
skill-ovos-wikipedia.openvoiceos,"wikiroulette.intent","display random wiki"
skill-ovos-wikipedia.openvoiceos,"wikiroulette.intent","display random wikipedia"
skill-ovos-wikipedia.openvoiceos,"wikiroulette.intent","open random wiki"
skill-ovos-wikipedia.openvoiceos,"wikiroulette.intent","open random wikipedia"
skill-ovos-wikipedia.openvoiceos,"wikiroulette.intent","play the wiki roulette"
skill-ovos-wikipedia.openvoiceos,"wikiroulette.intent","play the wikipedia roulette"
skill-ovos-wikipedia.openvoiceos,"wikiroulette.intent","play wiki roulette"
skill-ovos-wikipedia.openvoiceos,"wikiroulette.intent","play wikipedia roulette"
skill-ovos-wikipedia.openvoiceos,"wikiroulette.intent","random wiki"
skill-ovos-wikipedia.openvoiceos,"wikiroulette.intent","random wiki page"
skill-ovos-wikipedia.openvoiceos,"wikiroulette.intent","random wikipedia"
skill-ovos-wikipedia.openvoiceos,"wikiroulette.intent","random wikipedia page"
skill-ovos-wikipedia.openvoiceos,"wikiroulette.intent","show random wiki"
skill-ovos-wikipedia.openvoiceos,"wikiroulette.intent","show random wikipedia"
skill-ovos-wikipedia.openvoiceos,"wikiroulette.intent","wiki roulette"
skill-ovos-wikipedia.openvoiceos,"wikiroulette.intent","wikipedia roulette"
skill-ovos-wikipedia.openvoiceos,"wiki.intent","can you find {query} on wiki"
skill-ovos-wikipedia.openvoiceos,"wiki.intent","can you find {query} on wikipedia"
skill-ovos-wikipedia.openvoiceos,"wiki.intent","check wiki for {query}"
skill-ovos-wikipedia.openvoiceos,"wiki.intent","check wikipedia for {query}"
skill-ovos-wikipedia.openvoiceos,"wiki.intent","find details about {query} on wiki"
skill-ovos-wikipedia.openvoiceos,"wiki.intent","find details about {query} on wikipedia"
skill-ovos-wikipedia.openvoiceos,"wiki.intent","give me information on {query} from wiki"
skill-ovos-wikipedia.openvoiceos,"wiki.intent","give me information on {query} from wikipedia"
skill-ovos-wikipedia.openvoiceos,"wiki.intent","look up {query} on wiki"
skill-ovos-wikipedia.openvoiceos,"wiki.intent","look up {query} on wikipedia"
skill-ovos-wikipedia.openvoiceos,"wiki.intent","search wiki for details about {query}"
skill-ovos-wikipedia.openvoiceos,"wiki.intent","search wiki for {query}"
skill-ovos-wikipedia.openvoiceos,"wiki.intent","search wikipedia for details about {query}"
skill-ovos-wikipedia.openvoiceos,"wiki.intent","search wikipedia for {query}"
skill-ovos-wikipedia.openvoiceos,"wiki.intent","tell me about {query} on wiki"
skill-ovos-wikipedia.openvoiceos,"wiki.intent","tell me about {query} on wikipedia"
skill-ovos-wikipedia.openvoiceos,"wiki.intent","what does the wiki say regarding {query}"
skill-ovos-wikipedia.openvoiceos,"wiki.intent","what does the wikipedia say regarding {query}"
skill-ovos-wikipedia.openvoiceos,"wiki.intent","what does wiki say about {query}"
skill-ovos-wikipedia.openvoiceos,"wiki.intent","what does wikipedia say about {query}"
skill-ovos-wikipedia.openvoiceos,"wiki.intent","what is known about {query} on wiki"
skill-ovos-wikipedia.openvoiceos,"wiki.intent","what is known about {query} on wikipedia"
skill-ovos-wikipedia.openvoiceos,"wiki.intent","what is the wiki entry for {query}"
skill-ovos-wikipedia.openvoiceos,"wiki.intent","what is the wikipedia entry for {query}"
skill-ovos-wikipedia.openvoiceos,"wiki.intent","what's on wiki about {query}"
skill-ovos-wikipedia.openvoiceos,"wiki.intent","what's on wikipedia about {query}"
skill-ovos-wikipedia.openvoiceos,"wiki.intent","wiki {query}"
skill-ovos-wikipedia.openvoiceos,"wiki.intent","wikipedia {query}"
skill-ovos-wolfie.openvoiceos,"search_wolfie.intent","ask the wolf {query}"
skill-ovos-wolfie.openvoiceos,"search_wolfie.intent","ask the wolfram about {query}"
skill-ovos-wolfie.openvoiceos,"search_wolfie.intent","ask the wolfram alpha about {query}"
skill-ovos-wolfie.openvoiceos,"search_wolfie.intent","search the wolf for {query}"
skill-ovos-wolfie.openvoiceos,"search_wolfie.intent","search wolfram alpha for {query}"
skill-ovos-wolfie.openvoiceos,"search_wolfie.intent","search wolfram for {query}"
skill-ovos-wolfie.openvoiceos,"search_wolfie.intent","what does the wolf say about {query}"
skill-ovos-wolfie.openvoiceos,"search_wolfie.intent","what does wolfram alpha say about {query}"
skill-ovos-wolfie.openvoiceos,"search_wolfie.intent","what does wolfram say about {query}"